id,url,text,createdAt,retweetCount,replyCount,likeCount,quoteCount,viewCount,isReply
2.06E+18,https://x.com/dosbing_id/status/2055204503226618287,"""kasus Nadiem ini jadi sinyal kalau siapa aja bisa dikriminalisasi"" tanpa kasus Nadiem, udah dari dulu rakyat kecil selalu dikriminalisasi, pun aktivis tanpa koneksi banyak yg dikriminalisasi, guru juga ada yg dikriminalisasi. bedanya, mereka bukan elit jadi kalian mana peduli",Fri May 15 08:31:52 +0000 2026,0,0,0,0,9,FALSE
2.06E+18,https://x.com/mesheviksus2/status/2055203247997214935,@sunsetJhesus @CapatainN65413 Pengadilan tersebut yg salah dua duanya Nadiem (jadi bag pemerintah dan beri kebijakan ngawur) Pemerintah (terlalu maksa kasus),Fri May 15 08:26:52 +0000 2026,0,0,0,0,44,TRUE
2.06E+18,https://x.com/ggyarine/status/2055203112504394052,"dari kasus pak nadiem, emang paling bener kalo udah kaya raya ga usah berkontribusi dengan bergabung ke politik di Indonesia.",Fri May 15 08:26:20 +0000 2026,0,7,11,0,214,FALSE
2.06E+18,https://x.com/gyuvcentric/status/2055202690268045673,"@zulfadhli88 @PNS_Ababil Emang ada, anggota DPR juga dulunya banyak aktivis. Ya gapapa kalo emang ketika menjabat ada kesalahan prosedural atau pidana, silahkan ditindaklanjuti. Kasus Nadiem itu kan pembuktiannya dianggep belum cukup untuk tuntutan segitu. Jadi banyak yg mempertanyakan. Apalagi ibam",Fri May 15 08:24:39 +0000 2026,0,1,0,0,10,TRUE
2.06E+18,https://x.com/bokobo833/status/2055202175337329108,@AhmadShiddiqN @Lost_Ataraxia ya harusnya lu nuntut kasus yang lain ikut di penjarain bukan malah bela nadiem????,Fri May 15 08:22:37 +0000 2026,0,0,0,0,9,TRUE
2.06E+18,https://x.com/lilrwok/status/2055201150912385224,Banyak yang gabisa mahamin kalau orang orang yang marah sama keputusan di kasus nadiem kemarin itu bukan berarti nadiem glazer....two things can coexist,Fri May 15 08:18:32 +0000 2026,0,0,0,0,3,FALSE
2.06E+18,https://x.com/elzataher/status/2055201094033449080,"Dalam kasus Nadiem Makarim, persoalannya bukan hanya soal benar atau salahnya terdakwa, tetapi juga soal bagaimana jaksa membangun kepercayaan publik. Ketika jaksa terlihat terlalu emosional, banyak bicara, lalu beberapa kali terpeleset dalam pernyataan atau konstruksi argumentasi, yang terganggu bukan sekadar citra pribadi, melainkan keyakinan publik terhadap keseluruhan proses hukum. Sebab dalam perkara besar, publik tidak hanya menilai isi dakwaan, tetapi juga ketenangan, presisi, dan profesionalitas aparat penegak hukum. Jika jaksa tampak kurang meyakinkan, maka ruang keraguan akan membesar, opini liar berkembang, dan apa pun putusan akhirnya nanti akan sulit sepenuhnya dipercaya. Di situlah bahayanya: hukum kehilangan wibawa bukan hanya karena putusan, tetapi karena proses yang sejak awal dianggap tidak cukup solid dan matang.",Fri May 15 08:18:19 +0000 2026,2,0,1,0,15,FALSE
2.06E+18,https://x.com/vaneloody/status/2055199448897368369,"darimana ada konklusi Nadiem sebagai pebisnis eksploitatif = membiaskan kalo pantas dihukum di kasus Chromebook ini? aneh ngawur konklusinya mbak, jauh bgt. ini tuh 2 hal yang berbeda makanya saya disagree diawal. ini deh saya pake bahasa gampang dan jelas: 1. Tuduhan Nadiem korupsi chromebook = kriminalisasi, kasus diurus scr serampangan, bukti hukum gak kuat, saya gasetuju Nadiem dikriminalisasi 2. Saya kritik Nadiem yang eksploitatif krn saya kontra dgn argumen yg saya Qrt = saya gasetuju narasi Nadiem Hero. darimana bisa timbun konklusi kl saya kritik Nadiem yg bisnisnya eksploitatif berarti saya bilang dia pantas dihukum kasus Chromebook? aneh, korupsi dan eksploitasi tuh 2 hal yang berbeda, mba. tolong bacanya yang jelas dan belajar memahami 2 hal berbeda di satu argumen.",Fri May 15 08:11:47 +0000 2026,0,0,0,0,14,TRUE
2.06E+18,https://x.com/boogeypal/status/2055197978491842960,"@xyzwitter @RidhaIntifadha Kasus hambalang juga gak ada efek ke sby, padahal kerugian negara 100x lipat dari kasus nadiem",Fri May 15 08:05:56 +0000 2026,0,0,0,0,6,TRUE
2.06E+18,https://x.com/panah_bintangku/status/2055197523317522656,Soal Nadiem. Berbagai opini pro dan kontra ramai di linimasa. Semua punya alasan mendukung atau menentang. Yg pasti sih vonisnya teramat brutal &amp; menurut saya tdk layak. Tercium byk konspirasi terutama ketika si Jack yg jadi atasan Nadiem sama sekali tdk tersentuh di kasus ini. https://t.co/gHKoXjru3M,Fri May 15 08:04:07 +0000 2026,0,0,0,0,5,FALSE
2.06E+18,https://x.com/8yte_null/status/2055197092516344275,"Menurut gw Pendidikan, Kesehatan, dan Sosial adalah 3 kementerian, yang kalau Menterinya korup harus dihukum  pancung sih. Di luar kasus Nadiem yes.",Fri May 15 08:02:25 +0000 2026,0,0,0,0,5,FALSE
2.06E+18,https://x.com/streetlawyers85/status/2055197084652016010,"@txtdaritaxpayer Kalau Hotman Paris mainnya lewat jalur hukum, adu pembuktian di persidangan. Kalau pengacara nadiem yg skrg, adu opini, kerahkan buzer, artis &amp; filosofis komentari kasus, supaya dapat pengampunan presiden. Kacau negara kalau semua koruptor dapat pengampunan. ????",Fri May 15 08:02:23 +0000 2026,0,0,0,0,31,TRUE
2.06E+18,https://x.com/streetlawyers85/status/2055196016794894488,"@MindaXtv Kasus korupsi jangan dilawan dgn opini tapi harus dilawan dgn bukti &amp; saksi yg kuat. Pengacara nadiem &amp; tim nadiem main diopini, seakan mau pengaruhi hakim atau bahkan presiden supaya dapat pengampunan juga seperti koruptor lainnya. Kacau negara kalau koruptor diampuni.",Fri May 15 07:58:08 +0000 2026,0,0,0,0,9,TRUE
2.06E+18,https://x.com/arpanparutang/status/2055195470578979081,"bah..kasus ini karena sakit hati aja kah ? ..nadiem pilih ganjar kah ?... terlalu janggal..org dituntut karena kebijakan, itu jahat...padal tidak ada aliran dana..",Fri May 15 07:55:58 +0000 2026,0,0,0,0,5,FALSE
2.06E+18,https://x.com/ngekaoo98_owei/status/2055194753223074038,@Gerindra PUNTEN NANYA.. KASUS NADIEM MAKARIM ITU PESENAN PAK PRABOWO BUKAN SIH ? BIAR BISA MERAMPAS SAHAM OJEK ONLINE NADIEM SUPAYA PROGRAM PAK PRABOWO YANG DIPIDATOKAN DI HARI BURUH BISA DILAKSANAKAN ? atau siapa mastermind yg bisikin pak prabowo untuk skenario sperti ini ??,Fri May 15 07:53:07 +0000 2026,0,1,0,0,39,TRUE
2.06E+18,https://x.com/vischok_luhmyer/status/2055193930795491658,"yaallah mau nangis banget liat kasus chromebook ini.. pak nadiem makasih pak, sudah jadi menteri pendidikan yang sangat sangat lebih baik. kalo mau bilang kebeneran akan terungkap rasanya klise bgt. dasar pemerintah bobrok!! nepotism. ancur udh negara ini wak",Fri May 15 07:49:51 +0000 2026,0,0,0,0,12,FALSE
2.06E+18,https://x.com/juniostronaut/status/2055192516610425174,gw empati dg kasus nadiem tp gw jg gamau klo beliau ga dihukum??,Fri May 15 07:44:14 +0000 2026,0,0,5,0,117,FALSE
2.06E+18,https://x.com/lmalau/status/2055190530066452990,"@BosPurwa @xcintakiehlx @tomlembong jangan belain nadiem ya pak..  Dah bener kok quite spt anies @aniesbaswedan ; Sejauh ini nalar saya utk bebrapa kasus dan akhirnya bebas : bela dirut ASDP, TL, Amsal.. kali ini utk NM tidak..",Fri May 15 07:36:20 +0000 2026,0,0,0,0,42,TRUE
2.06E+18,https://x.com/SoeTjenMarching/status/2055190348419265009,"(2) lalu Nono mendirikan organisasi HAM, tp tak ada pengakuan a/ andil pd '65. Lepas dr itu, apa yg terjadi pd Nadiem amat tak adil. Nadiem mencoba menerapkan sistem transparan, tp diganjar hukuman lbh berat dari pembunuh &amp; pemerkosa. Sy jelas berpihak pd Nadiem dlm kasus ini.",Fri May 15 07:35:37 +0000 2026,0,1,0,0,107,TRUE
2.06E+18,https://x.com/Yanua02_v2/status/2055188076838985958,@wow_bro123 @kafiradikalis Ya karena tuntuntan jaksa gak cuma seputar masalah mark up kok. Jelas dia masuk kesoal kegagalan oemanfaatan khususnya didaerah 3T. Kok maksain bahwa ini cuma kasus mark up? Nekad banget ngebelain Nadiem gitu caranya. https://t.co/DosmVrCYLF,Fri May 15 07:26:35 +0000 2026,0,0,0,0,13,TRUE
2.06E+18,https://x.com/gautama2508/status/2055186728458346905,"Dari kasus nadiem kita belajar, yg bajingan tidak selalu atasan...bawahan pun bisa jadi bajingan. Zona nyaman is everything bagi sesepuh di birokrasi...sigh Kalo cuma umur, setan pun lebih tua dari kalian semua :)",Fri May 15 07:21:14 +0000 2026,0,0,0,0,8,FALSE
2.06E+18,https://x.com/Iqeey/status/2055186066429354439,"Penjara itu isinya bukan 100% orang yang salah, ada yang di jebak,  Tpai soal Nadiem, bandingin dulu kasus E-KTP Mentri nya tidak terseret karna tidak terbukti menerima aliran dana dan merugikan Negara, termasuk menunjuk vendor, yang masuk malah Setya Novanto Cs.",Fri May 15 07:18:36 +0000 2026,0,0,0,0,14,FALSE
2.06E+18,https://x.com/Yanua02_v2/status/2055185396083089844,@AnggitMTTQN @taktekbum Hmmm punishment gak sesuai dengan crime. Kasus korupsi dengan kerugian &gt; 100M itu hukumannya 4 - 20 tahun. Nadiem dituntut 18 tahun penjara. Jadi ya masih dalam koridor hukum kan? Dimana gak fit the crime-nya?,Fri May 15 07:15:56 +0000 2026,0,0,1,0,95,TRUE
2.06E+18,https://x.com/daehypeelS_/status/2055182470421880898,"@_mardial_ Keluarga gua aja lagi dalam kondisi yang sama kek Nadiem, bayangin aja dalam waktu yang sama tapi nggak terekspos karena saking penuhnya berita karena kasus pengadilan chromebook ini. Ngeri cok",Fri May 15 07:04:19 +0000 2026,0,0,0,0,533,TRUE
2.06E+18,https://x.com/piteung27/status/2055180854788489376,@MiskinTV_ setidaknya jadi barang si.  kek masih adalah jejak2 nya meski belum terpakai. kalau kek kasus nadiem gmn tuh min?,Fri May 15 06:57:53 +0000 2026,0,0,0,0,8,TRUE
2.06E+18,https://x.com/JukiHoki/status/2055180549128630752,Kasus nadiem kalian ada di pihak yang mana?,Fri May 15 06:56:40 +0000 2026,0,31,23,4,1859,FALSE
2.06E+18,https://x.com/admairs/status/2055179798474035411,"Dari kasus nadiem makarim sampe org muji habibie aja selalu ada komenan2 begini hadeuh. Poin pentingnya yaitu ""Intinya PETINGGI NEGARA aka habibie bisa nyari cara dan bekerja selayaknya pemimpin negara walau menyesuaikan dgn kondisi masing2"" Halah",Fri May 15 06:53:42 +0000 2026,0,0,1,0,343,FALSE
2.06E+18,https://x.com/lockstock27/status/2055179426367971343,"@KangManto123 Orang bodoh masih framing video potongan ttg APBN 2024 dengan kasus proyek 2019?? jokowi ngasih perintah ke nadiem, tapi jokowi ga minta nadiem menguntungkan perusahaannya sendiri??  Allah nyuruh umatnya menyiarkan agama, tapi Allah ga nyuruh umatnya jd teroris bom bunuh diri??",Fri May 15 06:52:13 +0000 2026,0,1,0,0,51,TRUE
2.06E+18,https://x.com/streetlawyers85/status/2055179133194493973,"Kasus nadiem, jaksa ajukan bukti &amp; saksi yg memberatkan nadiem. Pengacara nadiem, tdk perlihatkan bukti, tapi main opini di sosmed, kerahkan buzer, berharap kasusnya di dengar presiden &amp; dapat pengampunan juga. Kalau semua korupsi dapat pengampunan, kacau negara.",Fri May 15 06:51:03 +0000 2026,0,1,1,0,24,FALSE
2.06E+18,https://x.com/tanjabok/status/2055176503063941626,"Semisal kasus ini Nadiem salah dipersidangan, sebisa mungkin pemerintah tentang pertahankan evolusi literasinya dengan menjaga percepatan ekosistem pendidikan digital. @prabowo @Abe_Mukti",Fri May 15 06:40:36 +0000 2026,0,0,0,0,12,TRUE
2.06E+18,https://x.com/streetlawyers85/status/2055176077983777099,"@JParidjal @democrazymedia Anies nasib hampir sama dgn nadiem, untungnya menerima nasib dipecat jokowi. Kalau tdk, kena kasus korupsi juga.  Nadiem bbrp kali mau dipecat jokowi tapi berlindung di megawati, jadi selalu lolos dari reshafel menteri. Akhirnya kena korupsi.",Fri May 15 06:38:54 +0000 2026,0,1,0,0,31,TRUE
2.06E+18,https://x.com/iswangga_/status/2055174475038232657,"Waktu kasus korupsi dana haji, pendukung Gus Yaqut yakin dia tidak mungkin korupsi karena orang tuanya Kyai. Tapi netizen menolak keras. Gliran Nadiem Makarim kena kasus korupsi, gantian netizen bawa2 orang tuanya Nadiem yg aktivis anti korupsi dan percaya Nadiem bersih??",Fri May 15 06:32:32 +0000 2026,0,0,0,0,22,FALSE
2.06E+18,https://x.com/nanekni/status/2055172783311835602,"udah cukup farmingnya R1, itu investor kalang kabut liat kasus nadiem, dolar sempet nyentuh 17.600 lgi gege, kalau pakai yss pasti udah full item hehe",Fri May 15 06:25:49 +0000 2026,0,0,0,0,11,FALSE
2.06E+18,https://x.com/SubkhanZamzami/status/2055171734459002958,@Txtdariiugm Anak² muda pintar yg sedang membangun karir di luar negeri kalo melihat kasus Nadiem saya yakin mereka enggan utk pulang dan mengabdi utk negeri. Kapok nek kapok.....,Fri May 15 06:21:39 +0000 2026,0,0,0,0,206,TRUE
2.06E+18,https://x.com/lailynelfuadi/status/2055171679392030957,"Btw, mas @ismailfahmi g pengen buat SNA utk kasus mas Nadiem kah? Rasanya semenjak bacaan tuntutan kmrn makin banyak akun2 cenblue yg ngajak utk tidak meng-elu2kan sosok Nadiem. Aneh aja, kok ramenya baru sekarang, dan terkesan bareng2.",Fri May 15 06:21:26 +0000 2026,0,0,0,0,5,FALSE
2.06E+18,https://x.com/Dani82532415/status/2055171570478522516,"@tempodotco Ya dari kasus Nadiem ini, semoga @KPK_RI lebih berani lagi, sekarang ada SK jaksa Agung kalau kalau acuan kerugian negara tidak mengacu pada BPK, jadi dari lembaga manapun bisa, saya mendesak @KPK_RI menangkap semua pejabat2, mereka merugikan negara dari beban gaji dan gak guna",Fri May 15 06:21:00 +0000 2026,0,0,0,0,81,TRUE
2.06E+18,https://x.com/rainy_snowflake/status/2055171295479013495,Efek dominonya udah dimulai bahkan sebelum kasus Nadiem ini,Fri May 15 06:19:54 +0000 2026,0,0,0,0,12,FALSE
2.06E+18,https://x.com/cimyong/status/2055170548712526267,@tempodotco @burhan_infinity kenapa kok nadiem ini dikuliti abis2 an sampek dimiskinkan??? kok koruptor2 lainn keknya gak sampek segini2 nya?pdhl kasus nadiem ini asliii kek masih ngawangggg.,Fri May 15 06:16:56 +0000 2026,0,0,0,0,7,TRUE
2.06E+18,https://x.com/dhanatini/status/2055169871961620528,"@vaneloody @Binbougami_8 @indosight Kak, saya sepakat bahwa Nadiem bukan hero. Udah gak usah diulang2. Dia pebisnis. Baik/buruk, itu subjektif. Pernyataan kamu kontradiktif: 1. Nadiem dikriminalisasi di kasus chromebook = jangan hukum. 2. Nadiem sebagai pebisnis eksploitatif = membiaskan kalo pantas dihukum.",Fri May 15 06:14:15 +0000 2026,0,1,0,0,44,TRUE
2.06E+18,https://x.com/glennmars/status/2055169290454905177,Beberapa kali ngikutin persidangan kayaknya baru di kasus Nadiem ini para JPU tampil di sosmed menjelaskan kasusnya (menurut versi JPU).,Fri May 15 06:11:56 +0000 2026,1,0,1,0,102,FALSE
2.06E+18,https://x.com/socdem_kid/status/2055168236304629908,@jigaz554 @BudiBukanIntel Kalau Nadiem gak kena kasus dia bakal balik  Ada2 aja ngerti gak sih?,Fri May 15 06:07:45 +0000 2026,0,1,0,0,16,TRUE
2.06E+18,https://x.com/HMTata3/status/2055167677988241819,"@denni_sauya @abu_waras Sekarang si nadiem menerima ganjarannya karena selama menjabat dia telah merusak kurikulum pendidikan, dia team eksekutor jokowi program pembodohan generasi penerus bangsa, goblok aje kalau ada yg menyamakan kasus si nadiem dengan kasus Pak Tom Lembong",Fri May 15 06:05:32 +0000 2026,0,0,0,0,37,TRUE
2.06E+18,https://x.com/ohyulkopo/status/2055166383412093221,"Gua tuh dulu gasuka sama KaburAjaDulu karna gua merasa kalau semua orang pintar yang ada di negara ini KABUR nasib rakyat kecil GIMANE COK DIPIMPIN ORANG ORANG TIDAK KOMPETEN. Setelah melihat kasus Mas Nadiem gua sekarang kayak mulai memahami.. Iya guys. Pergi yang jauh, please.",Fri May 15 06:00:23 +0000 2026,1,3,31,0,446,FALSE
2.06E+18,https://x.com/tekarok007/status/2055166302352818604,"Dari pada kasus Korupsi Chromebook, aku lebih bingung sama kelakuan geng Chotimah yang serentak belain Nadiem ini.  Ada apa sih? Toh dia cuma seorang menteri, seperti menteri-menteri lainnya gitu loh yang kena kasus korupsi. Tapi belainnya itu loh habis-habisan, nonstop tiap hari dari awal sampai ketuk palu. Bahkan belain Hasto saja tidak seperti ini loh, malah mereka ribut sendiri, ada yang pro Hasto satunya Pro Bambang Pacul wkwkw. Penasaran aku, mengapa belain Nadiem segitunya? ??",Fri May 15 06:00:04 +0000 2026,2,2,4,0,195,FALSE
2.06E+18,https://x.com/mfpierres/status/2055165418592235883,"@BudiBukanIntel Kalau belain Nadiem, jasanya buat lapangan kerja lewat gojek dibawa-bawa terus. Giliran dikonter pake sistem gojek yg eksploitatif terhadap mitra dan bobroknya sistem pendidikan waktu jaman dia mentri, malah disuruh fokus bahas kasus kriminalisasi aja. Wkwkwk techbro kontol emg",Fri May 15 05:56:33 +0000 2026,0,0,0,0,38,TRUE
2.06E+18,https://x.com/Sidik_Best/status/2055165301319454833,"@RidhaIntifadha Lho jaksanya sudah terbukti bodoh ga tau soal saham gitu! Ya karena bodohlah makanya jaksanya pansos menggunakan kasus nadiem, iseng2 berhadiah, kalah ga jadi abu.",Fri May 15 05:56:05 +0000 2026,0,2,2,0,574,TRUE
2.06E+18,https://x.com/Bandivokt2/status/2055164070018547950,"@seekracle @BudiBukanIntel tp untuk case kasus ini para penyefong nadiem dari kalangan tekbro dan kls menengah nghek dibantu buzer agency mna tau, ini bawa gojek bahwa aplikasi ini sebagai penyelamat. halaahh waasuuu",Fri May 15 05:51:12 +0000 2026,0,1,1,0,21,TRUE
2.06E+18,https://x.com/gusazizz/status/2055163838144921831,melihat kasus nadiem jadi males mau ngabdi buat negeri,Fri May 15 05:50:16 +0000 2026,0,0,0,0,2,FALSE
2.06E+18,https://x.com/movingcountries/status/2055162751962738899,"@bukanyeaou Kasusnya Nadiem ini gak semudah baca kasus Bu Ira atau Pak Tom sih emg. Nadiem itu musuh PNS kemendikbud + guru2 (PNS dan honorer). Kebijakan dia bikin murid2 bodoh lulus SD gabisa calistung, guru2 jadi ribet sama digitalisasi. Makanya meskipun dia dikriminalisasi, dia dimampusin",Fri May 15 05:45:57 +0000 2026,0,1,0,0,21,TRUE
2.06E+18,https://x.com/Lukman_Mth/status/2055162383115731369,"Tapi kalo kasus Nadiem ini kerugian negaranya mah jelas dong, tinggal buktiin aja ada niat jahat atau engga. Gue sih setuju Nadiem harus bertanggung jawab dalam kasus ini, engga bisa dia bebas.",Fri May 15 05:44:29 +0000 2026,1,0,1,0,51,FALSE
2.06E+18,https://x.com/muhakramhanif/status/2055161545982894397,"@ikramjindan @eliswija @itsurboihyl kurang setuju di bagian ""bela nadiem seolah bersih"".  gw juga setuju di bagian nadim kinerjanya jelek. kurmed bikin orang yang kurang paham dibikin seolah paham. tapi, sekarang gw mempersalahkan bagian kasus korupsi chromebook, bukan nadim layak dihukum karena kinerjanya jelek",Fri May 15 05:41:10 +0000 2026,0,0,0,0,58,TRUE
2.06E+18,https://x.com/pancasila1708/status/2055158193341489322,"Kecewanya aku sama kasus Nadiem ini kek KALIAN TAU INI SALAH DAN GAK ADIL. TAPI KALIAN SEMUA DIAM DAN MEMBIARKAN TUNTUTAN ITU AKHIRNYA MENDAPATKAN KETUKAN PALU YANG SAH!  Semua orang berkata, ""Ini tidak adil!"" Lalu apa setelahnya? Melanjutkan hidup seperti biasa?",Fri May 15 05:27:50 +0000 2026,0,0,0,0,47,TRUE
2.06E+18,https://x.com/iwakwadibawuy/status/2055158009295430050,"@RidhaIntifadha btw ada gak om , kasus korupsi dengan kerugian besar yg vonisnya juga sepadan dgn dampaknya selain nadiem?",Fri May 15 05:27:07 +0000 2026,0,1,0,0,6,FALSE
2.06E+18,https://x.com/Last__Sword/status/2055157902265163782,"Apa yg publik lihat dari kasus Nadiem Makarim ini banyak sekali kejanggalan kalau ini kasus korupsi, faktanya Nadiem tidak pernah menerima uang, tidak pernah berupaya memperkaya diri melalui kebijakan, bahkan secara finansial Nadiem yg justru menurun kekayaannya semenjak menjadi menteri dan tidak ada mens rea.  Dalam kasus ini kerugian negara juga sama sekali tidak terbukti. Sehingga publik menyimpulkan bahwa kasus Nadiem Makarim ini terkesan Lemah, Rapuh dan Dipaksakan.",Fri May 15 05:26:41 +0000 2026,0,0,0,0,152,TRUE
2.06E+18,https://x.com/_Rizmaya__/status/2055157092403777588,"@CWALIKOTADPK @Youbeagger_ @PecintaSejarah2 last y ??bener semua pejabat itu rentan COI, nah batasnya itu di ""Penyalahgunaan Wewenang"". Kebijakan makro yg nguntungin semua orang itu sah. Tapi ngunci spek tender APBN secara spesifik untuk nguntungin investor sendiri, itu mens rea yang diincar Jaksa di kasus nadiem ??",Fri May 15 05:23:28 +0000 2026,18,4,25,0,284,FALSE
2.06E+18,https://x.com/tekarok007/status/2055155058837451150,"@CWALIKOTADPK @Youbeagger_ @PecintaSejarah2 ??Jual CPO ke asing itu uang luar masuk dan gak pakai uang rakyat. COI terjadi kalo Presiden bikin aturan instansi negara WAJIB beli kertas dari pabriknya. Trus kasus Nadiem ngunci spek wajib buat ChromeOS (Google) dan pake uang negara, padahal ada relasi investasi.",Fri May 15 05:15:23 +0000 2026,2,4,6,1,407,FALSE
2.06E+18,https://x.com/gilagocekbola/status/2055154083007443164,"@liogtttscrp Jir gw gak kenal Nadiem dan 2 hari ini gw kayaknya udah reply post banyak bgt terkait kasus tuntutan dia. Pertanyaan gw lagi, apa sih yg lo mau capai dengan mengkriminalisasi dia? That guy deserves more respect from his fellow Indonesians for what he's done. What have you done?",Fri May 15 05:11:30 +0000 2026,0,2,0,0,20,TRUE
2.06E+18,https://x.com/ultimaggnar/status/2055154068772012051,"Ya Allah w mau belajar yg rajin yg tekun biar bs keluar dr Indonesia, ngeliat kasus pak nadiem sedih bgt bnrr2 sedih????????????????????????????",Fri May 15 05:11:27 +0000 2026,0,0,0,0,96,TRUE
2.06E+18,https://x.com/kwonosshi/status/2055153822549590112,"KETIKA HUKUM KEHILANGAN NALARNYA...?? OC Kaligis turun tangan! Beliau menegaskan bahwa dalam kasus Nadiem Makarim, unsur pidananya sangat lemah. Logikanya simpel: ? Niat jahat? Gak ada. ? Kerugian negara? Nol. ? Perbuatan melawan hukum? Diawasi jaksa. Jangan sampai kita terjebak dalam penghakiman massa tanpa dasar bukti yang nyata. Tegakkan hukum seadil-adilnya?? Salam otak waras. ??",Fri May 15 05:10:28 +0000 2026,0,0,1,0,85,FALSE
2.06E+18,https://x.com/hope_emak/status/2055152575394336768,besok  besok hukum itu bisa memenjarakan kamu hanya karena berbeda pendapat.... Iya memang Nadiem memang tetap bersalah atas keputusan nya secara kebijakan terhadap chrombook tapi itu adalah dua hal yang berbeda dengan persidang kasus korupsi ini...,Fri May 15 05:05:31 +0000 2026,7,3,13,1,296,FALSE
2.06E+18,https://x.com/azzrial28/status/2055150521766596996,"Sejauh yang gue baca dari kasus Pak Nadiem adalah buktinya gak akurat, hanya berdasarkan dari asumsi dan dugaan jaksa, terus kenapa udah sampai ditahan 18 tahun? Wkwk",Fri May 15 04:57:21 +0000 2026,0,0,0,0,15,TRUE
2.06E+18,https://x.com/rakyatbiasa33/status/2055148847475630411,Liat kasus nadiem jadi kepikiran kira-kira entar rafi ahmad bisa kena juga ngga ya? ??,Fri May 15 04:50:42 +0000 2026,0,0,0,0,33,FALSE
2.06E+18,https://x.com/iamsnowlily/status/2055148760624472563,"@dusrimulya bacot buzzer, scr hukum si nadiem itu ga salah apapun, gratifikasi juga kagak, invest gojek dah jauh dari sblm covid, kasus baru 2022 mikir kontol. bilang aja yg rekomen tender windows kalah, makanya nadiem digiring soalny lu lu"" semua gabisa korupsi dari windows",Fri May 15 04:50:22 +0000 2026,0,0,0,0,5,FALSE
2.06E+18,https://x.com/_vrscee/status/2055148176584372580,"Sebenarnya angka 18th penjara buat koruptor itu wajar bgt.. Yg ga wajar klo dibawah 10th, pasti ada permainan sebelum keputusan, makanya hukumannya bisa rendah begitu.. Terlepas dr benar salahnya kasus Pak Nadiem",Fri May 15 04:48:02 +0000 2026,0,1,3,0,352,TRUE
2.06E+18,https://x.com/kamehamehauhuy/status/2055147612077232516,rupiah anjlok keputusan hukum nadiem buka tiktok isinya kasus kasus selebgram ga penting buka twitter negara mo bubar buka ig orang naik gunung emg yg bener cuma buka mbaking biar kita beli kopi,Fri May 15 04:45:48 +0000 2026,0,0,0,0,13,FALSE
2.06E+18,https://x.com/gulawbatue/status/2055147045653242129,"Ada pro dan kontra dalam kasus korupsi nadiem, gw mantau aja ah gk ngerti bisa ada ganti rugi 5 triliun. Tapi seru ini kasus banyak juga yg bela Jaksa penuntutnya. ????",Fri May 15 04:43:33 +0000 2026,0,0,0,0,30,FALSE
2.06E+18,https://x.com/rakyatbiasa33/status/2055146350183158073,"@Carbaroxabane @rayestu Hotman dari dulu sering nanganin kasus pro bono asal tenar. Sekarang aja lagi bela korban pelecehan pesantren. Lagian bapaknya Nadiem itu bosnya Hotman dulu. Dari awal Hotman mau jadi lawyer Nadiem karena utang budi, bukan soal duit.",Fri May 15 04:40:47 +0000 2026,0,0,0,0,12,FALSE
2.06E+18,https://x.com/asimetri_/status/2055145617484378340,@LudensFan9000 @nem0Skyheart @BudiBukanIntel Nadiem gak kena kasus kriminal karena kinerjanya. Tapi karena merugikan negara. https://t.co/0HdOsoZlNa,Fri May 15 04:37:52 +0000 2026,1,2,4,0,1530,TRUE
2.06E+18,https://x.com/Yanua02_v2/status/2055145267469705683,@block_no3 @DokterTifa Tapi apa balasannya. balasannya dia dari  negara. dia dakwa terima uang hasil korupsi kasus laptop chrome book pdhl tdk ada bukti 1 pun dia menerima uang hsl dana korupsi tdk ada aliran dana pun terlacak ke rekeningnya dia yg ke2 nadiem Makarim dia LBH menyedihkan dari si ibam,Fri May 15 04:36:29 +0000 2026,0,0,0,0,14,TRUE
2.06E+18,https://x.com/SuharmokoL25810/status/2055144009505669631,@tekarok007 Mulut berbisa Tukang Tipu Amatiran @tekarok007 gercep goreng narasi pelintir fakta hukum dlm kasus Nadiem. Seolah penyimpangan anggaran dilakukan sendiri tanpa ada restu @jokowi. Pesan sponsor kali? Salahkan pion. Alihkan isu. Pemimpin Tidak Bertanggungjawab. Yg salah bawahan..! https://t.co/AdeJr7WxGm,Fri May 15 04:31:29 +0000 2026,0,0,1,0,62,TRUE
2.06E+18,https://x.com/EkoWitono9/status/2055143805872230416,"Kasus chromebook Nadiem Makarim di tuntut penjara 18 tahun dan denda Rp 1 Miliar.  Jaksa menuntut 18 tahun penjara untuk Nadiem Makarim karena dinilai menyalahgunakan wewenang di proyek 1,1 juta laptop untuk siswa. Bayangin, Duit itu harusnya buat beli laptop layak, internet sekolah, pelatihan guru. Tapi kalau ada pengkondisian dan mark-up seperti itu yang rugi langsung kan anak2 dan guru di daerah. Koruptor dana pendidikan itu ibarat nyuri masa depan siswa. Jadi ya wajar kalau hukumannya berat.",Fri May 15 04:30:40 +0000 2026,0,0,0,0,135,TRUE
2.06E+18,https://x.com/DS_yantie/status/2055141049744658465,"@Multipolar_04 @HumorJonTampan Bahkan dari awal sidang, dari pagi-malem belain Nadiem, aku saja heran ngapain orang kejerat kasus korupsi dibelain? Mau benar salah yah biarin di pengadilan saja. Mungkin mereka ketagihan dengan kesuksan tom lembong kemarin, yang bisa lolos dengan membentuk simpati publik.",Fri May 15 04:19:43 +0000 2026,17,8,27,1,24616,FALSE
2.06E+18,https://x.com/tekarok007/status/2055140473619316804,@dhanatini @Binbougami_8 @indosight oh iya mba keknya mba gabisa liat ya kalo saya itu lagi qrt orang bukan tbtb bikin pembahasan sendiri. saya justru gaksetuju di tengah kasus kriminalisasi gini yg hrsnya dibela malah bawa2 narasi bhw Nadiem adalah hero padahal gaknyambung,Fri May 15 04:17:26 +0000 2026,2,2,10,0,139,TRUE
2.06E+18,https://x.com/vaneloody/status/2055139738999574983,"Nadiem Makarim Dituntut 18 tahun + uang pengganti 5T+ buat Nadiem Makarim di kasus Chromebook ini terasa ""dipaksakan"" ga sih? ?? Jaksa bilang rugi 2T, tapi tuntutannya jauh melampaui kerugian negara. Lebih gede dari teroris/pembunuh? Sistem Chrome OS ini gratis lohh, bantu digitalisasi sekolah, tapi malah dituduh korupsi. Kalau kebijakan digitalisasi mau dikriminalisasi kayak gini, ke depan siapa anak muda berintegritas yang mau bantu pemerintah? Aku sih ogah",Fri May 15 04:14:31 +0000 2026,0,1,3,0,137,TRUE
2.06E+18,https://x.com/Karyna_Beth/status/2055137974996852998,"@virdianaurellio @grok menurut anda bagaimana analisis video ini (Chromebook di SMP Kie, Kab. TTS, NTT), dengan kasus hukum Nadiem Makarim dan Ibam dalam hal kriminalisasi (kasus hukum yg dipolitisasi).",Fri May 15 04:07:30 +0000 2026,0,0,0,8,21,FALSE
2.06E+18,https://x.com/iamyungsquint/status/2055137669991330259,"Orang yg labil dalam sikap politik/hukum memang lucu (atau menyebalkan) dilihatnya. Kemarin rame-rame ngehujat Nadiem & pemerintah pas kasus Chromebook ini muncul, skrg setelah tuntutan jaksa 18 tahun penjara + uang pengganti Rp5,6T (total tuntutan fantastis), tiba-tiba banyak yg demo/unjuk rasa sambil bawa-bawa jasa founder Gojek atau kontribusi ke tech Indonesia. Alibinya emang ngawur kalau cuma pakai itu buat bela korupsi.  Korupsi (kalau terbukti) tetap korupsi, regardless of track record sebelumnya. Nadiem punya prestasi di Gojek, tapi itu nggak otomatis bikin dia kebal hukum atau kasus ini politically motivated 100%. Kasus ini soal pengadaan laptop Chromebook & software selama pandemi (2020-2022) yg dituduh overprice, merugikan negara Rp2,1T lebih, plus ada dugaan conflict of interest dengan Google. Tapi sebaliknya, tuntutan jaksa ini juga ekstrem banget (18 tahun + restitusi triliunan padahal aset pribadinya jauh di bawah itu). Banyak yg ngerasa ini kelewatan & bisa bikin efek chilling ke technopreneur lain yg mau masuk pemerintahan. Belum vonis sih, masih tahap tuntutan (sidang lanjut Juni mungkin), jadi kita lihat dulu bukti lengkapnya. Jangan hipokrit. Kalau dulu anti-korupsi, skrg tetep konsisten. Jasa Gojek bagus, tapi nggak boleh dipakai buat cuci tangan kalau ada pelanggaran. Dan sebaliknya, jgn gampang tuduh konspirasi tanpa bukti solid cuma karena orangnya tech icon. Hukum harus adil, bukan tebang pilih atau alat politik.",Fri May 15 04:06:17 +0000 2026,0,0,0,0,21,FALSE
2.06E+18,https://x.com/mediaindonesia/status/2055136088780570787,@zakiberkata @grok kasus nadiem apakah memperburuk rupiah ? investor makin malas naruh duit di indonesia ? pengusaha2 mundur,Fri May 15 04:00:00 +0000 2026,0,0,0,0,148,FALSE
2.06E+18,https://x.com/TweetThreatNews/status/2055135952658726993,feeling gw kasus nadiem ini tar bakal ada pahlawan kesiangan,Fri May 15 03:59:28 +0000 2026,0,1,1,0,193,TRUE
2.06E+18,https://x.com/kompascom/status/2055135941187305723, Kaum Dungu msh rebutan menjilat. Belajarlah dari banyak kasus. Nadiem yg terang²an bilang nyetor ke Jokowi malah dituntut jd terpuruk dlm bui dan ngganti duit yg fantastis. Msh mau njilat Jokowi? ????,Fri May 15 03:59:25 +0000 2026,1,22,7,2,3971,FALSE
2.06E+18,https://x.com/tyasganyangka/status/2055135823558037695,"@Jakartalk harusnya kasus ini disamakan sama kasus tom lembong ataupun nadiem, padahal jelas2 ini paling bisa dikatakan merugikan negara dibanding 2 kasus itu.",Fri May 15 03:58:57 +0000 2026,0,1,0,0,17,FALSE
2.06E+18,https://x.com/HadeanEon_/status/2055135690527318500,"@narkosun Jaksa yg menangani kasus dan orang sebesar Nadiem aja begini ya, gimana dg kualitas jaksa2 yg menangani kasus2 orang kebanyakan yg seharusnya nggak perlu masuk ke arena meja hijau?",Fri May 15 03:58:25 +0000 2026,0,0,0,0,77,TRUE
2.06E+18,https://x.com/DanangSuuu/status/2055135514928504937,"@xtecnsren Plis iya... Nadiem walaupun aku wushhdhd sama sistem pendidikan sekarang, tapi ga sepadan sama kasus lain. Denda triliun? Ikn noh ga jelas statusnya",Fri May 15 03:57:43 +0000 2026,0,0,0,0,193,TRUE
2.06E+18,https://x.com/liriksoe/status/2055135162137247887,@meskibegitu @indepenSumatera Bukan pada efek kasus. Soal kasus  chromebook itu serpihan saja. Tapi disain besar arah pendidikan diacak2 Nadiem sedemikian rupa.,Fri May 15 03:56:19 +0000 2026,3,0,3,0,1032,TRUE
2.06E+18,https://x.com/evanturine/status/2055133050892353667,jujur cape banget baca berita akhir2 ini. mulai dari nadiem sampai cerdas cermat itu. capenya tuh lebih ke... ini udh gada harapan banget ya? keseringan banget soalnya liat kasus diputar balikkan fakta setengah taun ini doang,Fri May 15 03:47:56 +0000 2026,0,0,0,0,8,TRUE
2.06E+18,https://x.com/akubzeta71/status/2055132653201010955,"Kasus Nadiem Makarim yang seharusnya udah beres, jadi berlarut2 gini. Putusannya dibikin sengaco mungkin biar orang2 jadi terfokus di kasus ini. Tau kan alasannya apa? Yap, pengalihan isu. Saat ini Indonesia Timur lagi gak baik2 aja. Hutan Papua sedang dibabat habis2an oleh seorang pengusaha bertitel haji. Begitu juga di Maluku dan Sulawesi. Sekarang di Sulawesi Selatan ada banjir bandang. Banyak kayu gelondongan hasil penebangan yang hanyut kebawa banjir. Kasusnya sama kayak banjir di Aceh kemaren. Tapi media gak ada yang memberitakan sama sekali. Taktiknya selalu begitu bikin kasus absurd naik dan heboh, sehingga masyarakat gampang untuk dialihkan :(",Fri May 15 03:46:21 +0000 2026,0,0,0,0,54,TRUE
2.06E+18,https://x.com/awaasaurus/status/2055132508535283930,"@JapaneseIced @fantastixue @WIRAPAMUNGKSS @03__nakula 1. Anda sendiri yg dr awal ngajak berantem pake ""yok logika yok."" 2. Anda jwb twit sy minta FS, pdhl twit sy itu ttg Konflik Kepentingan yg dimunculkan TS di awal, seolah2 Nadiem jd korban kepentingan Jamdatun. Poin sy: Nadiem kena kasus ini justru krna konflik kepentingan.",Fri May 15 03:45:47 +0000 2026,317,20,1136,0,8159,FALSE
2.06E+18,https://x.com/pedas__manis/status/2055132425018302826,Sesuatu yang sangat diwajarkan kalo banyak anak muda Indonesia yang  berhasil memperoleh pendidikan di luar negeri ga mau balik ke Indonesia lagi. Justru sebagai anak muda bangsa melihat kasus Nadiem Makarim ini malah membuat aku berpikir emang sebaiknya jangan ada SDM cerdas,Fri May 15 03:45:27 +0000 2026,1,2,8,3,3130,FALSE
2.06E+18,https://x.com/GandalfsWhisper/status/2055132030111826371,"Kasus Nadiem jangan sampe jadi pengalihan isu. Karena semakin banyak orang fokus ke Nadiem, maka banyak kejelekan pemerintah yang tertutup nantinya. So.... seperti yang sudah-sudah, jangan lengah dan terlena",Fri May 15 03:43:53 +0000 2026,0,0,0,0,31,TRUE
2.06E+18,https://x.com/o0wccri/status/2055129980401828136,"Nah, dlm kasus Chromebook ini jaksa menuduh kebijakan Nadiem memperkaya Google, dimana dg narasi ini, dlm logika hukum di belahan dunia mana pun, Google hrsnya ikut jdi tersangka.  Narasi hukum ini buat para investor tuh gk bagus. Apalagi buat brand sebesar Google.",Fri May 15 03:35:44 +0000 2026,0,1,0,0,15,FALSE
2.06E+18,https://x.com/magenfoxyta/status/2055129488506441729,"Yang pada bingung kenapa banyak entitas investasi globl nyorot kasus ini, ya, bukan karena Goto, tapi Google. Tahun 2017 (ato 2018) Google udah masuk investasi ke Goto.  Nah, dlm kasus ini Google dipanggil sbg saksi untuk klarifikasi konflik kepentingan dg kebijakan Nadiem. Next",Fri May 15 03:33:47 +0000 2026,0,0,0,0,11,FALSE
2.06E+18,https://x.com/HitamSmt/status/2055129433590403292,Menurut saya kasus Nadiem Makarim beda dgn pak @tomlembong .... biarlah PU &amp; PH mengadu dalil2nya dihadapan Hakim @MahkamahAgung dan Nadiem Makarim hrs kuat dan gentle menghadapi setiap persidangan sebagaimana dia menyingkirkan ahli2 di @kemenpendidikan / @Kemdikdasmen dulunya,Fri May 15 03:33:34 +0000 2026,0,1,0,0,27,TRUE
2.06E+18,https://x.com/HitamSmt/status/2055129429735805054,"Bangun proyek - cuan - mangkrak Bangun lagi - cuan - mangkrak Yg begini yg seharusnya dikasus. Jelas merugikan negara, banyak kebocoran anggaran & mamgkraknya itu tampak nyata terpampang. Bukan Kasus Nadiem, yg laptopny sj masih dipake & bermanfaat.. Bayangkan, sudh tahu gagal, mangkrak, kok mau bangun lagi yg Sama, dg anggaran besar? Apa Kalo bukan cm u/ spt cuan proyek pembangunan, pengadaan dll? ??",Fri May 15 03:33:33 +0000 2026,0,1,0,0,36,FALSE
2.06E+18,https://x.com/Hendri_Mantis/status/2055128628892246122,"Dulu begitu hebatnya mas menteri menyingkirkan ahli pendidikan dgn menganti dgn org2 baru yg minim pengalaman, blm lagi hibah yg pro NGO besar .... Nadiem Makarim dituntut 18 tahun penjara dalam kasus dugaan korupsi laptop Chromebook - BBC News Indonesia https://t.co/U9WzDXCdrC",Fri May 15 03:30:22 +0000 2026,0,0,0,0,12,FALSE
2.06E+18,https://x.com/Jelli_cent/status/2055127930720891014,@taktekbum ini yang ramai2 memberi simpati ke pak nadiem di kasus chromebook sudah lupa ya ttg anak di NTT yang mengakhiri hidupnya lantaran ga sanggup beli buku dan bayar uang sekolah? entah pak nadiem bersalah atau tidak biarkan fakta persidangan berbicara. fokus kita adalah kebijakan yg,Fri May 15 03:27:35 +0000 2026,12,4,14,0,415,FALSE
2.06E+18,https://x.com/Hendri_Mantis/status/2055127363978215735,Orang pertama yg harus di seret ke pengadilan itu memang Jokowi. Kasus tom Lembong. Nadiem Makarim. Yg bertanggung jawab dan yg di hukum. Harusnya Jokowi finalis OCCRP,Fri May 15 03:25:20 +0000 2026,0,0,0,0,38,FALSE
2.06E+18,https://x.com/umarukawaidesu/status/2055126877451567456,"Ini logika sederhana pelanggaran UU oleh Nadiem sampai dia dijerat UU Tipikor oleh Kejagung Saran gua stop bela Nadiem..jgn beralibi ""Tidak ada kerugian negara"" atau ""Kerugian negaranya tidak jelas"" Sbb dlm kasus Korupsi tidak semua harus ada Kerugian Negara",Fri May 15 03:23:24 +0000 2026,5,2,36,0,3103,TRUE
2.06E+18,https://x.com/_satrio_aji_/status/2055126828935958874,"justru untuk melawan rezim sekarang ya kita jangan sama ky rezim yg antikritik dan malah bilang itu kontraproduktif. kriminalisasi terlepas bagaimana Nadiem itu kl ga berhubungan sm kasus atau ga terbukti korupsi ya gaboleh dibiarkan dan harus dibela. menghadirkan argumen bahwa nadiem adalah hero/white knight sbg pembelaan kriminalisasi Nadiem ya jangan kaget kalo akan banyak yang kontra karena itu yg sebenarnya terjadi. kl mau narasinya disiplin ya harus disiplin juga untuk stay di kriminalisasi ini dan ngebuktiin Nadiem ga bersalah disini, bukan malah whitewashing dia di hal lain yg dia jelas bukan hero",Fri May 15 03:23:13 +0000 2026,0,0,0,0,33,FALSE
2.06E+18,https://x.com/dusrimulya/status/2055126490757382199,Di kasus pak nadiem bakal ada yang jadi pahlawan kah??????,Fri May 15 03:21:52 +0000 2026,0,0,2,0,112,FALSE
2.06E+18,https://x.com/vaneloody/status/2055123781992194427,"Gua curiga, kasus nadiem itu sebenernya modus pemalakan karena dia pengusaha buat nutupin dana MBG",Fri May 15 03:11:06 +0000 2026,0,0,2,0,136,TRUE
2.06E+18,https://x.com/gimanakalosore/status/2055123728758132776,"@Gunawanpark @_BangFu Loe lihat skrg, Para Termul alias anak buah Jokowi satu per satu kena pasal hukuman Penjara Dari Noel          Nadiem Nanti lihat saja Ade Armando, Grace di ujung tanduk kena pasal  Jokowi lepas tangan bin cuci tangan lihat kasus anak buahnya kena pasal, Silfester aja kabur??",Fri May 15 03:10:53 +0000 2026,0,0,0,0,35,FALSE
2.06E+18,https://x.com/theonly_dksm/status/2055122266489602234,Dari sosok yang dulu disebut membawa revolusi pendidikan digital Indonesia kini terancam 18 tahun penjara. Ruang sidang mendadak hening saat mantan Mendikbudristek Nadiem Makarim tak kuasa menahan tangis usai jaksa membacakan tuntutan dalam kasus dugaan korupsi pengadaan Chromebook. Momen paling menyentuh terjadi ketika Nadiem memeluk sang istri di tengah persidangan. Tangis keduanya pecah di hadapan pengunjung sidang dan awak media yang memenuhi ruangan sejak pagi. Kasus yang dulu digadang-gadang sebagai langkah besar digitalisasi pendidikan saat pandemi kini berubah menjadi salah satu skandal paling menyita perhatian publik Indonesia. Publik pun terbelah: visioner yang gagal atau aktor utama di balik skandal besar? ??,Fri May 15 03:05:05 +0000 2026,0,0,0,0,20,FALSE
2.06E+18,https://x.com/RWati65/status/2055120759597801664,@ubegebe1 Dampak kasus Nadiem ini makin ogah generasi milenial (&lt;1984) nonpartisan maju jadi pejabat negara.  Ada satu lagi techbro yg langsung tiarap gara2 nyerempet politik Indonesia: Ahmad Zaky (Bukalapak).,Fri May 15 02:59:06 +0000 2026,0,0,0,0,10,TRUE
2.06E+18,https://x.com/buckmano555/status/2055120605683589273,"kasus nadiem itu intinya sebenernya di hubungan istimewa, atau kata lainnya kolusi. Tidak menguntungkan secara langsung tapi dengan dia membantu 1 korporasi, si korporasi itu membantu korporasi nadiem yang lain, nadiem lolosin projek A, si projek A itu invest di usaha nadiem",Fri May 15 02:58:29 +0000 2026,0,0,0,0,37,FALSE
2.06E+18,https://x.com/Dziennuen/status/2055119686409613785,"@MiraninonLita @nenglaela93 Korelasinya dengan kasus Nadiem - Jokowi &amp; ini apa, lit ?",Fri May 15 02:54:50 +0000 2026,0,1,0,0,113,TRUE
2.06E+18,https://x.com/newacctaken/status/2055119163480485913,"1. yang bawa narasi perfect victim dan bawa2 jasa Nadiem untuk membela kasus kriminalisasi Nadiem bukan saya, itu kan saya justru qrt karna gasetuju 2. betul bhw ini adalah kriminalisasi makanya kita gaseharusnya ngeributin Nadiem ini hero, krn siapapun yg kena kriminalisasi berhak untuk dibela. makanya ayo disiplin narasi untuk gak bw2 narasi Nadiem sbg Hero agar kasusnya dibela krn bkn itu poin kuatnya",Fri May 15 02:52:45 +0000 2026,0,1,1,0,212,FALSE
2.06E+18,https://x.com/shda_agatha_/status/2055119112972775666,"Melihat kasus Nadiem dituntut 18 tahun penjara, gue jadi sadar satu hal yang sering kita lupa:  Upgrade diri itu bukan cuma soal jadi lebih hebat tapi jadi lebih hati?hati, lebih jujur, lebih manusia. @Cryptorealis https://t.co/ScgfPoOwCb",Fri May 15 02:52:33 +0000 2026,1,1,1,0,57,TRUE
2.06E+18,https://x.com/vaneloody/status/2055118868528742711,@rationyan Entahlah Cuma menurut gw sebagai Dosen Hkm &amp; Lawyering: Kasus Nadiem ini pasti ngelibatin kekuatan besar. Kekuatan yg gak pandang bulu dengan Ayahanda beliau yg notabene Advokat Senior. Kita belum ngebahas Paman beliau beserta jaringan keluarga mereka yg super kuat...,Fri May 15 02:51:35 +0000 2026,0,1,1,0,159,TRUE
2.06E+18,https://x.com/buruh_crypto/status/2055118204033491252,"kasus nadiem ini emang banyak fraudnya, tapi dia dibilang kompeten sebagai menteri pendidikan?",Fri May 15 02:48:56 +0000 2026,0,0,1,0,36,FALSE
2.06E+18,https://x.com/lawyertambalban/status/2055117718035271829,"dengan ini aku menyatakan, stay kerja di sg aja, thank you kasus pak nadiem udah meyakinkan aku kalo indonesia systemnya udah chaos abis dan ngga masuk akal banget",Fri May 15 02:47:00 +0000 2026,0,2,8,0,2811,TRUE
2.06E+18,https://x.com/octoivan/status/2055117649168961822,"@virdianaurellio Ya emang bisa dipake tapi masalah Nadiem, Jurist, Ibam) mal-administrasi bukti kuat yang susah dihindari. Memperkaya vendor merugikan negara (ilegal) makannya Hotman Paris mundur jadi lawyer Nadiem saking beratnya kasus mal-administrasi resiko repotasi sebagai lawyer ga ok lagi. https://t.co/LtD6TYKVYL",Fri May 15 02:46:44 +0000 2026,0,0,0,0,14,FALSE
2.06E+18,https://x.com/lapaaar_/status/2055117076998828146,"Tapi sebelum kalian ambil kesimpulan, ini dua sudut pandang yang sama-sama punya dasar: Yang membela Nadiem: fakta persidangan tidak mendukung dakwaan, kekayaannya berasal dari saham pra-jabatan, terdakwa lain dalam kasus yang sama hanya divonis 4 tahun.",Fri May 15 02:44:28 +0000 2026,0,0,0,0,7,FALSE
2.06E+18,https://x.com/TutySusanti/status/2055116773133828219,5/ Konteks yang sering luput dari diskusi Tuntutan bukan vonis. Hakim tidak terikat angka jaksa bisa lebih ringan atau bahkan bebas. Kasus ini masih berjalan; pledoi (pembelaan) Nadiem belum dibacakan.,Fri May 15 02:43:15 +0000 2026,0,0,0,0,21,TRUE
2.06E+18,https://x.com/mumtazxmr/status/2055115453316599990,gua ngeliat kasus nya nadiem emosi bgt dh apa kabar dgn koruptor ko jaksa ga berani nuntut di angka tinggi,Fri May 15 02:38:00 +0000 2026,0,1,0,0,24,TRUE
2.06E+18,https://x.com/mumtazxmr/status/2055115448170242404,"Menang cicncin aja Bapack ini, kasus Babah Alun dia kalah, kasus Nadiem dia kalah juga, kasus Teddy minahasa ehh kalah jugak. ??????",Fri May 15 02:37:59 +0000 2026,0,1,0,0,33,TRUE
2.06E+18,https://x.com/essetosca/status/2055115063787434299,"Buat para diaspora yg ditawari pulang dg tawaran  pengabdian kpd bangsa,mengacu kpd kasus Nadiem Makarim,saran saya unt tolak saja. Suruh aja orang2 kejaksaan yg mengabdi dan mjd menteri.  Geram sekali aku sudah! ??",Fri May 15 02:36:28 +0000 2026,0,0,0,0,2,FALSE
2.06E+18,https://x.com/voidfetch/status/2055114918870106550,"Mengenal sosok JPU yang menuntut Nadiem Makarim dengan hukuman 18 tahun penjara+ denda  Ketua tim penuntut umum kasus Nadiem Makarim: Roy Riady, S.H., M.H. Total harta kekayaan: Rp2.324.259.000 Rincian aset: 1. Tanah dan bangunan: Rp1.260.000.000 Tanah dan bangunan seluas 308 m² / 150 m² di Palembang  Rp900.000.000 Tanah seluas 116 m² di Bekasi  Rp360.000.000 2. Alat transportasi dan mesin: Rp413.000.000 Honda Vario tahun 2011  Rp3.000.000 Honda Vario tahun 2019  Rp10.000.000 Toyota Innova 2.0 A/T tahun 2022  Rp400.000.000 3. Harta bergerak lainnya: Rp9.000.000 4. Surat berharga:  5. Kas dan setara kas: Rp642.259.000 6. Harta lainnya:  Subtotal: Rp2.324.259.000 Hutang:  Total harta kekayaan akhir: Rp2,32 miliar.",Fri May 15 02:35:53 +0000 2026,1,0,2,0,67,FALSE
2.06E+18,https://x.com/benayakahulta/status/2055114216638681100,PERTANYAAN BESAR: Apakah sistem kita dirancang untuk menolak orang yang mencoba membawa perubahan bersih? Kasus Nadiem bukan cuma soal Chromebook. Ini soal apakah idealisme masih punya tempat di koridor kekuasaan. Baca analisis lengkap: https://t.co/8pjjQaaP87,Fri May 15 02:33:06 +0000 2026,0,0,0,0,27,FALSE
2.06E+18,https://x.com/JohanChairil/status/2055113590701781049,"Grgr kasus nadiem up, i just knew that sblmnya ada kasus nya ibam with the actual same case dan hukumannya yg juga wow alias 22 th penjara with NO EVIDENCE???? wtffff aneh bgt sih pdhl tuh ada loh pelakunya dan yg menerima uang.. But he got prisoned instead karena ""mengarahkan""..",Fri May 15 02:30:36 +0000 2026,0,0,0,0,12,TRUE
2.06E+18,https://x.com/stelanau/status/2055113461278118143,"Kasus nadiem makarim merupakan inovasi @KejaksaanRI dimana kasus OTT begitu booming dijaman UU @KPK_RI lama sehingga manipulasi KUHAP bisa dilakukan.Yg baik kita dukung pk @prabowo,uang rampasan wajib lapor @bpkri Cc @gvnchrsty @xcintakiehlx @habiburokhman @feriamsari @DPR_RI",Fri May 15 02:30:05 +0000 2026,8,14,61,0,9758,FALSE
2.06E+18,https://x.com/romanoffiles/status/2055113455716405690,coba yg kerja di kejaksaan berikan pandangan soal kasus chromebook nadiem makarim,Fri May 15 02:30:04 +0000 2026,0,0,0,0,6,FALSE
2.06E+18,https://x.com/Hendrikorachman/status/2055113339341349000,"Semenjak ponakan masuk BI dan ditambah kasus nadiem dilirik media luar, rupiah beneran semerosot selemah itu. Emang dungu tolol tingkat dewa pemerintah kita",Fri May 15 02:29:36 +0000 2026,0,0,0,0,31,FALSE
2.06E+18,https://x.com/barion06/status/2055113314557186085,"@tyasmoerti Setuju, justru poinku harusnya ini juga berlaku ke koruptor lain, tanpa mengkerdilkan kasus Nadiem ya. Apalagi kalo komparasinya Harvey Moeis yang dampaknya ngancurin ekosistem.",Fri May 15 02:29:31 +0000 2026,0,0,0,0,20,FALSE
2.06E+18,https://x.com/kelapaucius/status/2055113253194506248,"Ketika media asing mulai nyorot kasus Nadiem Makarim dan mencium ada indikasi penyalahgunaan kekuasaan, ini bukan lagi sekadar soal satu orang. Ini soal gimana negara memperlakukan orang yang pernah diajak masuk sistem. Nadiem dulu dipuji habis-habisan sebagai simbol inovasi, anak muda cerdas, pendiri startup kebanggaan Indonesia. Tapi sekarang seolah dilempar sendirian buat nanggung semuanya. wajar publik jadi curiga, ini murni penegakan hukum atau ada agenda politik dan cari kambing hitam? Karena kalau sistemnya sehat, transparansi harusnya lebih besar daripada drama.",Fri May 15 02:29:16 +0000 2026,0,0,0,0,52,FALSE
2.06E+18,https://x.com/agaknyatolol/status/2055113158482858101,"Dari kasus Nadiem Makarim, banyak anak muda mungkin jadi takut atau malah kehilangan minat buat terjun ke dunia politik. Karena yang kelihatan sekarang, orang yang terlalu vokal atau berisik sering kali malah diserang habis-habisan tanpa pandang bulu.",Fri May 15 02:28:53 +0000 2026,0,0,0,0,38,TRUE
2.06E+18,https://x.com/saphelune_/status/2055112916605792725,@Stakof Kasus ini membuktikan RAKYAT Indonesia semuanya bodoh karena hanya diam dan komen2 media sosial atas tuduhan pangadilan kepada Nadiem yang mengada2 Tidak sadar ancaman untuk diri dan anak cucu dikriminilisasi kelak spt Nadiem tanpa kesalahan #hukumbataldemikeadilan,Fri May 15 02:27:56 +0000 2026,3,9,17,1,736,FALSE
2.06E+18,https://x.com/linaramedia/status/2055111547987612111,"Hukum di Indonesia memang sangat memalukan ! Sampai2 dunia internasional pun ikut menyoroti, salah satunya adalah kasus Nadiem Makarim. Kalo opini saya pribadi nih, bisa nggk sih Jokowi ikut di seret dalam kasus Nadiem ini ? Bukan kah dia atasan Nadiem saat itu ? Masa hanya Nadiem yg harus di korbankan ? Padahal fakta2 di persidangan sudah sangat jelas jika Nadiem tidak melakukan korupsi. Ya semoga saja nanti hakim dalam memberikan vonis bisa adil sesuai rujukan hasil sidang",Fri May 15 02:22:29 +0000 2026,1,0,4,0,72,FALSE
2.06E+18,https://x.com/sonabrus/status/2055111107178815922,"@Txtdariiugm Dominonya udh jatuh mulai sejak kasus idrus, ?imam, edhy, juliari,? jhonny lanjut ?syahrul.. baru lah tom ama nadiem",Fri May 15 02:20:44 +0000 2026,0,0,1,0,29,TRUE
2.06E+18,https://x.com/Inie_UtyCute/status/2055111064359247902,"mimpiku skrg makin yakin harus bisa kerja dan ambil pendidikan di ln, mungkin ada bbrp temen yg gini jg. miris jujur kasus pak nadiem bikin makin yakin kalau mungkin akan lebih aman kalau selalu kabur dibanding kabur aja dulu :(",Fri May 15 02:20:34 +0000 2026,6,5,13,0,615,FALSE
2.06E+18,https://x.com/kakakamri/status/2055110270620729382,"Unpopular opinion, kasusnya Nadiem kayaknya emg udh pesenan. Mau dibikin seviral apapun jg, dr komisi III jg gada tanggapan. Beda sama kasus Amsal Sitepu kmrn.. semoga bisa banding dan menang.",Fri May 15 02:17:25 +0000 2026,0,0,1,0,52,TRUE
2.06E+18,https://x.com/amethysphere/status/2055110219630584303,"dengan cara berfikir kasus nadiem yang katanya pembeliannya sia-sia, jokowi harusnya sudah dihukum ngepel gladag-tozuro",Fri May 15 02:17:13 +0000 2026,0,0,0,0,23,FALSE
2.06E+18,https://x.com/gardameier/status/2055109747414835548,dari kemaren sibuk nyari duit terus sampe ga baca berita. baru semalem ngulik kasus nadiem dan sampe pagi ini gue nangisin nadiem (jauh lebih pantes ketimbang nangisin wowo),Fri May 15 02:15:20 +0000 2026,0,0,0,0,48,FALSE
2.06E+18,https://x.com/nurulamin__/status/2055108597038862377,"@redaksilain Tapi kenapa gua pribadi tetep ngerasa nadiem bersalah ya, terutama krn dia udh bikin grup even sblm dia jd menteri. Jadi kasus chromebook ini kaya sistematis aja,",Fri May 15 02:10:46 +0000 2026,0,0,0,0,37,FALSE
2.06E+18,https://x.com/lailatulfdhlh/status/2055108359725224183,"@indepenSumatera Sebaiknya, memang ada pengadilan yang lain untuk membahas kasus ""rusaknya sistem pendidikan di Indonesia"" Kasus Nadiem yang ini, bukan Nadiemnya, tapi masalah substansi kasusnya yang perlu adil. Karena semua orang bisa mendapat kasus seperti itu. Dikriminalisasikan.",Fri May 15 02:09:49 +0000 2026,0,0,0,0,8,FALSE
2.06E+18,https://x.com/safirarare/status/2055107298905952721,"Ngeliat berita di negara sendiri aku miris banget sumpah, nilai mata uang melemah (depresiasi), harga pangan naik, kasus kecurangan dalam cerdas cermat, kasusnya nadiem. Ya Allah kasiannya aku jadi WNI ??",Fri May 15 02:05:36 +0000 2026,0,1,0,0,329,TRUE
2.06E+18,https://x.com/bimosaurus/status/2055106706577961069,"Opini tentang Nadiem ini terpecah, ada yang bilang dia pantas hukuman, ada yang bilang harusnya bebas.. Tapi bagaimanapun, kebijakan jelek dan tuduhan korupsi tuh 2 hal yang berbeda, dalam kasus Nadiem tuduhannya korupsi, jadi harusnya gak dicampurkan sama kebijakan jeleknya.",Fri May 15 02:03:15 +0000 2026,0,0,0,0,76,TRUE
2.06E+18,https://x.com/lionnotsostrong/status/2055105648543805829,"@PaltiHutabarat Definisi korupsi oleh OJK harus ada aspek ""demi memperoleh keuntungan pribadi"". Kalau gak ada yg namanya bukan korupsi. Tuntutannya ngawurr itu! Jangan2 tujuannya mo ngancurin businessnya Nadiem trus bakal digantiin sama keluarga jokower atau wowo. Ingat kasus korupsi timah kan?",Fri May 15 01:59:03 +0000 2026,0,1,1,0,65,FALSE
2.06E+18,https://x.com/dieka2501/status/2055104428244713804,"Indonesia Mendunia krn prestasi ? Mendunia krn kebusukan ? Apa ga malu hukum kita dinilai dunia seperti ini? @habiburokhman @BennyHarmanID @DPR_RI Kasus Nadiem Makarim Mendunia, Media Asing Cium Ada Penyalahgunaan Wewenang Kekuasaan Dan tindakan otoriter dalam proses penegakan hukum di Indonesia. https://t.co/BlmbiCfGjS",Fri May 15 01:54:12 +0000 2026,0,0,0,0,14,FALSE
2.06E+18,https://x.com/tanampanen_com/status/2055103361960309132,"@rationyan @BudiBukanIntel Kalo bilang begini ke pembela Nadiem ntar disuruh ""bedain kebijakan dia dulu dan kasusnya""?? Padahal dua hal tsb juga saling berhubungan. Kebijakan dia yg bikin Nadiem terseret kasus Chromebook. Kebijakan dia bikin Shadow organization yg bikin dia dimusuhin 1 kementerian ??",Fri May 15 01:49:58 +0000 2026,0,0,0,0,18,FALSE
2.06E+18,https://x.com/krishjogja/status/2055102488974618753,Apa respon komentar Jokowi saat tau tuntutan 18 tahun pada kasus Nadiem? Apa sama seperti kalian meresponnya?,Fri May 15 01:46:29 +0000 2026,0,0,0,0,24,TRUE
2.06E+18,https://x.com/Anak__Ogi/status/2055102277976006829,Kasus Nadiem ini sampe internasional lho?? apa makin ga males investor asing jadinya?,Fri May 15 01:45:39 +0000 2026,9,2,15,0,217,FALSE
2.06E+18,https://x.com/finnaRainy/status/2055101979698045146,ngeriii banget kasus nadiem.. kalo lu orang pinter mending langsung kerja di luar negeri aja ga sih? udah ga usah sok ngebenerin dari dalam.. ??????,Fri May 15 01:44:28 +0000 2026,0,0,8,0,286,TRUE
2.06E+18,https://x.com/tribunkaltim/status/2055100365926994022,@multabolot Tbh kasus nadiem itu dua duanya gak bener Nadiem salah (soalnya resiko masuk pemerintahan dan gak becus) Pemerintah juga salah (Dipaksakan kasusnya),Fri May 15 01:38:03 +0000 2026,1,0,0,0,36,FALSE
2.06E+18,https://x.com/dhetaesha/status/2055100041463988725,"@tempodotco Sumpah ya lihat kasus Pak Nadiem ini gw selalu mikirnya ada benang merahnya antara dia sbg pendiri GOJEK bukan sbg menteri, tau kan ttg isu gojek bakal merger sama grab?",Fri May 15 01:36:46 +0000 2026,0,0,0,0,11,FALSE
2.06E+18,https://x.com/lawjustice_co/status/2055099878171402747,"@titikcurhat Apa aturan negara yang google langgar? Ada Dirjen bawahan nadiem yang dipenjara pada kasus yang sama, kenapa ga kalian bela?",Fri May 15 01:36:07 +0000 2026,0,0,0,0,29,FALSE
2.06E+18,https://x.com/karirfess/status/2055099254558130534,"Dari kasus Nadiem Makarim, kita dapat pelajaran, kalo kita udah sukses, mending gak usah dan tolak aja kalo diajak gabung pemerintah, karena udah bener2 sakit ini negara.",Fri May 15 01:33:38 +0000 2026,1,3,28,0,1001,FALSE
2.06E+18,https://x.com/ohlalababy0606/status/2055096760490750393,"Kasus Nadiem dipake jd contoh ""Hukum kita begini amat yaa"" yaa gak tepat Dia mmg salah dalam buat kebijakan yg terindikasi untungkan pihak lain dan dirinya Terlepas gak ada kerugian negara..Krn dlm UU Tipikor, gak semua pasal itu mensyaratkan adanya kerugian negara",Fri May 15 01:23:44 +0000 2026,0,0,0,0,25,TRUE
2.06E+18,https://x.com/about_ftp/status/2055096314502029367,"Kalo lihat kasus nadiem ini jadi berpikir 'dosa' apa yang dilakukan nadiem sampe diteken segininya. Kalo tom lembong kan kelas pindah haluan saat pilpres kemarin. Sefrontal2 omongan anis paling direshuffle doang, ga sampe seberat nadiem.",Fri May 15 01:21:57 +0000 2026,0,1,0,0,45,TRUE
2.06E+18,https://x.com/TheReal_ABCDoel/status/2055095850951696539,"Ngeliat kasus Nadiem pola nya sama kya kasus Tom lembong sebelum nya. Tuntutan nya juga ngga jauh beda, di anggap memperkaya diri. Untung tom lolos, ngga tau ini Nadiem bakal lolos juga atau ngga. Pemerintahnya bener2 sakit ??",Fri May 15 01:20:07 +0000 2026,0,0,0,0,30,FALSE
2.06E+18,https://x.com/Hendrikorachman/status/2055094915642884228,@PecintaSejarah2 Gw yg dokter malu klo disama samain sama jaksa di kasus nadiem,Fri May 15 01:16:24 +0000 2026,0,0,0,1,94,FALSE
2.06E+18,https://x.com/dusrimulya/status/2055094793051783320,@LambeSahamjja Semoga pak Nadiem dan keluarga sabar hadapi semua kasus hukum yang aneh bin ajaib ini. Kiranya Tuhan sendiri turun tangan menjadi Pembela yg akan menyatakan keadilan dan kebenaran pada waktunya. Moga operasinya berjalan lancar ya Pak. Tuhan memberkati bapak &amp; keluarga. Amin...??,Fri May 15 01:15:55 +0000 2026,3,0,2,0,52,FALSE
2.06E+18,https://x.com/FANZMOHAMMAD/status/2055093515705794725,ga abis pikir sama kasus ini.  @prabowo bapak yang lagi berkuasa kan? tlg dibantu lah pak???? @gibran_tweet @jokowi saya tau bapak sering diserang juga tuk sesuatu hal yg sebenarnya baik tuk Indo. tapi tlg bantu pak Nadiem.,Fri May 15 01:10:50 +0000 2026,0,0,0,0,18,FALSE
2.06E+18,https://x.com/choiruleff_/status/2055092383872860397,kenapa pada nyerang dan nyalahin Jokowi dah? pdhl emang chromebook itu berguna banget.  harusnya fokus ke orang-orang dibalik kasus yang berusaha agar pak Nadiem dihukum ga asih? ada apa sebenarnya. knp yg ditahan bukan yg nerima uangnya tapi malah Nadiem?,Fri May 15 01:06:20 +0000 2026,0,0,0,0,31,FALSE
2.06E+18,https://x.com/MrGreyAndFluffy/status/2055090714690863224,@AnKiiim_ Kejaksaan ni lg bangun citra sbg pahlawan balikin duit negara... makanya ambi bgt sm kasus nadiem. Ambi pula sama ua g yg dituntutkan.... kl berhasil wuihhh level up tu si Ruyyy,Fri May 15 00:59:42 +0000 2026,0,0,1,0,252,TRUE
2.06E+18,https://x.com/Yens0906/status/2055090313841258557,"@Hnirankara Kalau soal itu, saya setuju, Nadiem emang salah karena bukan bidang keahliannya. Tapi soal kasus hukum, JPU wajib memberi fakta selevel 1+1=2 (fakta valid, mutlak benar) bukan fakta ambigu dan asumtif. Ingat, publik masih ingat manipulasi JPU pada kasus Anwar dan Ririn.",Fri May 15 00:58:07 +0000 2026,0,0,0,0,100,TRUE
2.06E+18,https://x.com/Elpeu061105/status/2055089741050376400,"@abu_waras @didilionrich Goblok aje kalau menyamakan kasus @nadiemmakarim dengan kasus Pak @tomlembong itu kasus berbeda bagaikan langit dengan bumi, si nadiem ini perusak kurikulum pendidikan secara dia team eksekutor nya jokowi untuk merusak generasi muda dan mencetak generasi dungu",Fri May 15 00:55:50 +0000 2026,0,0,1,0,19,FALSE
2.06E+18,https://x.com/Elpeu061105/status/2055089229101961445,"Bela Nadiem Makarim di kasus nya si boleh2 aja hak setiap orang , tapi kalo sampe nyebut2 talenta terbaik bangsa si langsung mual gw liat nya ??. Semua carut marut kurikulum kita berawal dari jaman dia dan itu menurut gw dosa besar .",Fri May 15 00:53:48 +0000 2026,0,0,0,0,18,FALSE
2.06E+18,https://x.com/_kimikimik/status/2055089049749299523,"kasus nadiem &amp; ibam ngeyakinin kita klo orang pinter &amp; jujur gaboleh ada di pemerintahan, cukup yg korup aja ??",Fri May 15 00:53:05 +0000 2026,0,0,0,0,605,TRUE
2.06E+18,https://x.com/yudsky/status/2055088990211178789,"Saat kita sibuk mengemis agar investor asing masuk demi menyelamatkan ekonomi dan Rupiah, kita malah mempertontonkan runtuhnya kepastian hukum bagi para inovator di panggung internasional. Kasus hukum Nadiem kini jadi sorotan dunia setelah diulas mendalam oleh media sekelas The New York Times. Mereka menilai penegakan hukum di Indonesia makin ambigu dan kental motif politik. Bayangkan, Nadiem dituntut 18 tahun penjara (bisa jadi 27 tahun jika ditambah subsider uang pengganti Rp5,6 Triliun) atas kasus Chromebook, tanpa ada bukti konkret sepeser pun aliran dana korupsi yang masuk ke kantong pribadinya. Wajar jika investor global lebih memilih Vietnam atau Singapura. Di sana aturan mainnya jelas dan transparan. Sementara di sini, hukum terasa sangat fleksibel, karet, dan mudah dipolitisasi. Pesan yang kita kirim ke dunia sangat buruk jika sosok sekaliber Nadiem pionir teknologi yang menciptakan jutaan lapangan kerja lewat Gojek bisa dikriminalisasi tanpa bukti logis, investor mana yang mau bertaruh di sini ?",Fri May 15 00:52:51 +0000 2026,0,0,1,0,79,TRUE
2.06E+18,https://x.com/centanghitam/status/2055088453646455286,@vaneloody Nadiem sudah mengacak-ngacak pendidikan tapi dia juga jadi scapegoat biar dalang asli kasus Chromebook aman. Both are true.,Fri May 15 00:50:43 +0000 2026,0,1,0,0,60,FALSE
2.06E+18,https://x.com/Urrangawak/status/2055088135365918739,"real kacaw bgt sih kasus pak nadiem ini, kawal terus deh guys penting bgt ini",Fri May 15 00:49:27 +0000 2026,12,3,17,0,351,FALSE
2.06E+18,https://x.com/LambeSahamjja/status/2055087752589537355,kok malah Jokowi? s pelakunya siapa yg disalahin siapa. ga ada bedanya dengan org2 yang ada di balik kasus Nadiem.,Fri May 15 00:47:56 +0000 2026,631,68,4256,21,154663,FALSE
2.06E+18,https://x.com/richreekz/status/2055087490000937360,Menarik ya jatuh dakwaan q8 tahun Nadiem Makariem untuk kasus Chromebook sampe masuk Newyork Times ABG bahan olok - olokan. Pengen ngulik tapi si musti nguli ??,Fri May 15 00:46:53 +0000 2026,2,2,6,0,709,TRUE
2.06E+18,https://x.com/TabirPalsu/status/2055086390208339984,"""Dampaknya pejabat kita ke depannya diisi sama orang-orang yang tidak kompeten."" Kak, bukannya sudah? Kan para kursi pejabat sudah diisi sama orang-orang yang tidak kompeten di bidangnya. Kasus Pak Nadiem ini, menurutku sebagai peringatan bagi para pejabat malah.",Fri May 15 00:42:31 +0000 2026,0,0,0,0,24,FALSE
2.06E+18,https://x.com/kendeyya/status/2055085961277747611,@pep868 @kafiradikalis Mungkin ini yang membuat Jokowi kecewa dng Nadiem . Kalau ukuran kasus sebenarnya kasus menteri lain juga bnyak,Fri May 15 00:40:49 +0000 2026,0,0,0,0,16,FALSE
2.06E+18,https://x.com/Elpeu061105/status/2055085941338124620,"Kasus Nadiem Makarim menjadi rumit bukan hanya karena menyangkut satu orang, tetapi karena dampaknya terhadap kepercayaan publik pada lembaga hukum. Jika ia dihukum sementara banyak orang merasa fakta dan konstruksi hukumnya lemah, maka kritik terhadap aparat penegak hukum akan terus membesar. Publik akan melihat hukum bekerja lebih karena tekanan opini dan politik ketimbang kekuatan pembuktian yang kokoh. Sebaliknya, jika ia dibebaskan, putusan itu juga berpotensi menjadi preseden bagi banyak pihak lain untuk merasa memiliki kasus serupa dan menuntut perlakuan yang sama. Akan muncul orang-orang yang merasa dirinya di-Nadiem-kan: diproses secara hukum dengan konstruksi perkara yang dianggap lemah, lalu menuntut pembebasan dengan logika yang serupa. Di situlah peliknya: apa pun hasil akhirnya akan membawa konsekuensi besar terhadap wibawa penegakan hukum. Karena itu persoalan sesungguhnya mungkin bermula sejak awalketika sebuah perkara besar dibawa ke ruang publik dan pengadilan sebelum fondasi pembuktiannya benar-benar matang dan meyakinkan.",Fri May 15 00:40:44 +0000 2026,0,0,0,0,14,FALSE
2.06E+18,https://x.com/DiahOraAyu/status/2055084994499117359,"Gw gak mengacu soal kasus Chromebook, tapi melihat para guru dan insan pendidikan (yang merupakan stakeholders kementerian pendidikan) menyuarakan ketidakpuasan pada kepemimpinan Pak Nadiem (kurikulum, kesejahteraan, dsb) tidak terlihat mengenai 'kapasitas intelektual' ini",Fri May 15 00:36:58 +0000 2026,0,1,1,0,120,FALSE
2.06E+18,https://x.com/pgymyowl/status/2055084325134283101,"@Fitri_Greens ...Bbrp hari sebelum tuntutan jaksa, saya debat sama techbro pembela Ibam Saya sodorin kasus LHI yg punya modus operandi agak mirip dgn kasus Nadiem-Ibam dalam hal: Alat bukti yg sangat tipis. Eh ternyata tuntutan Nadiem persis vonis LHI. Analisa saya akurat... (``,)",Fri May 15 00:34:19 +0000 2026,0,0,5,0,252,FALSE
2.06E+18,https://x.com/Satrio_Prasetya/status/2055084291869315238,@PecintaSejarah2 Ga usah muter2 Kerugian negara nya berapa? Apakah karena google kongkalikong dg nadiem dan mengambil keuntungan Kenapa sekelas jaksa ga bisa telusuri apakah nadiem dg bantuan google korupsi di sini Sebenarnya gampang aja sih kasus ini ga usah muter2 ada bukti memperkaya diri ga,Fri May 15 00:34:11 +0000 2026,0,0,2,0,248,TRUE
2.06E+18,https://x.com/elzataher/status/2055083783372820832,"miris bgt liat kasus pak nadiem, orang sepinter itu anjjj, sakit ini negara, bener-bener sakit kronis stadium 4",Fri May 15 00:32:10 +0000 2026,0,0,0,0,104,FALSE
2.06E+18,https://x.com/saintpooney/status/2055083195595739610,"Fun fact Inti dari kasus Nadiem adalah jaksa menganggap pengadaan Chromebook terlalu mahal dan tidak diperlukan Padahal kalau kita bandingkan dengan IKN dan MBG Chromebook vs MBG  Kerugian kasus Chromebook 2,1 T  (total)  Pengeluaran untuk MBG 1,2 T/hari Chromebook vs IKN  97% Chromebook udah digunakan pelajar  IKN malah jadi tempat piknik keluarga bukan jadi ibu kota",Fri May 15 00:29:50 +0000 2026,0,1,0,0,31,FALSE
2.06E+18,https://x.com/kafiradikalis/status/2055082700780994771,oh ternyata kasus Nadiem begini awal mulanya.. Kita liat putusan akhirnya saja. Siapa yg benar siapa yg salah pasti ketauan.. by the way..Dalang yg memperkarakan kasus Nadeim kok ga dibongkar ya..!! Penasaran aja pengen tau..,Fri May 15 00:27:52 +0000 2026,0,2,8,0,1803,TRUE
2.06E+18,https://x.com/CenturyMac13746/status/2055082091675807974,"@Txtdariiugm Nadiem sebelah mana kompetennya sih dalam dunia pendidikan? Dia itu pebisnis, kasus yg menjerat dia pun hubungannya soal pengadaan ko.",Fri May 15 00:25:26 +0000 2026,0,0,8,0,3825,TRUE
2.06E+18,https://x.com/piapieeeeee/status/2055081960029266193,Siapakah yang melaporkan Nadiem Makarim pada penegak hukum ttg kasus hukumnya?,Fri May 15 00:24:55 +0000 2026,0,0,0,0,15,FALSE
2.06E+18,https://x.com/txtdarigenz97/status/2055080939592859989,@virdianaurellio Daerah 3T gak cuma dsitu masbro. Faktanya di lapangan chromebook emang kbnyakan mubazir. Sy sepakat kasus nadiem trmasuk kriminalisasi tp jgn lupa kebijakannya semasa mentri emang bnyak yg ngaco dn memberatkan para guru dgn kegiatan2 yg gak guna.,Fri May 15 00:20:52 +0000 2026,9,19,35,1,1238,FALSE
2.06E+18,https://x.com/lola_idi/status/2055080658285019185,"Sedang ramai perihal Nadiem, saya mau twit aja. Terlepas dari kasus dugaan korupsi Chromebook (entah benar/tidak - saya tidak begitu peduli) Yang jelas, pada era beliau jadu menteri, saya (seorang guru) benar² terbantu. Saya cuma mau berterima kasih.",Fri May 15 00:19:45 +0000 2026,0,0,0,0,23,FALSE
2.06E+18,https://x.com/A13surd1sm3/status/2055080518178496957,"@HidsalJ Kasus LHI, mantan presiden PKS, Rp O kerugian negara, tidak ditemukan aliran dana ke dia atau partainya, tp penuntut bilang ada mens rea, 18 th penjara. Pada kasus Nadiem kerugian negara trilyunan rupiah.",Fri May 15 00:19:11 +0000 2026,0,0,0,0,36,TRUE
2.06E+18,https://x.com/KinkinAsikin1/status/2055079801564840159,"kasus kasus seperti tom lembong, nadiem ini akan membuat orang-orang professional, anak anak bangsa cerdas dan berbakat jadi takut dan enggan buat mengabdi ke negara. ironis melihat kenyataan bahwa nak bangsa yg punya potensi seringkali disingkirkan dan dikriminalisasi.",Fri May 15 00:16:20 +0000 2026,0,0,0,0,33,FALSE
2.06E+18,https://x.com/k_isanak/status/2055079368729522229,Sambil kerja dengerin Kasus Nadiem Dipaksakan - Ina Liem. Herankah aku mendengar bangsa yg mengkriminalisasi orang2 jujur?Tentu tidak. Papiku pernah jadi korbannya kok. Banyak yg harus dihilangkan kalau mau Indonesia bersih &amp; maju. https://t.co/1KTaGX8Ggs,Fri May 15 00:14:37 +0000 2026,0,2,0,0,521,TRUE
2.06E+18,https://x.com/ZackySedan/status/2055078992349417600,"kasus Nadiem bikin gua mikir lebih jauh. bukan cuma soal dia bersalah atau enggak, tapi soal sistem hukum kita yang udah lama butuh dievaluasi.",Fri May 15 00:13:07 +0000 2026,0,1,0,0,32,FALSE
2.06E+18,https://x.com/Raeraraera/status/2055077953046995213,"inilah yang jadi salah satu perbaikan sistem di Indonesia, sistem hukum nya. dari kasus Nadiem ini tuntutan untuk dugaan korupsi kebijakan bisa lebih besar dari hukuman terorisme atau pembunuhan berencana, hal ini menunjukkan belum adanya standar proporsionalitas yang konsisten.",Fri May 15 00:09:00 +0000 2026,0,0,0,0,144,TRUE
2.06E+18,https://x.com/widihkidiw/status/2055077696569499907,"28 tahun kata pak Nadiem, karena dia diminta bayar denda 5,7 T (lebih besar dari harta pribadi), dia dimiskinkan negara, dituntut bersalah tanpa bukti yang jelas.  Jarang bahas soal pejabat, tapi kasus pak Nadiem bener2 buat gw sadar hukum konoha benar2 bobrok sampai ke akar2nya",Fri May 15 00:07:59 +0000 2026,0,0,2,0,229,FALSE
2.06E+18,https://x.com/rosapollock/status/2055076665940918374,"bukti yang di lontarkan ngga jelas, tapi tuntutan pak nadiem bahkan melebihi dari kasus sebelumnya yang jelas-jelas merugikan negara sampe 300T",Fri May 15 00:03:53 +0000 2026,0,2,1,0,108,FALSE
2.06E+18,https://x.com/nonemaxtter/status/2055076629861523596,"Naik 1000 sound Cegil guys ?? Bisa yuk hari ini kita gass lagi menjadi 137,5k ?? Bisa dong... BTW, kasus pak Nadiem kan lagi hype tuh. Bs diselingi utk naikin sound Salah Sangka jg ?? https://t.co/bhTQgEZ8AQ",Fri May 15 00:03:44 +0000 2026,0,1,0,0,23,TRUE
2.06E+18,https://x.com/Dia_Jgg888/status/2055076084010656178,@RidhaIntifadha masalahnya apakah teori kriminologi yang anda pelajari bisa diterapkan ke kasus nadiem makarim ini? apakah hanya dia yang bertanggung jawab? apakah jokowi yang mengangkat dia dan rakyat indonesia yang mengangkat jokowi jadi presiden tidak ikut bertanggung jawab?,Fri May 15 00:01:34 +0000 2026,0,0,0,0,43,FALSE
2.06E+18,https://x.com/deeperinlovee/status/2055075624839225368,Pengadilan opini yg terburu-buru. Tuntutan Nadiem Makarim 18 thn penjara buknlh akhir dari proses pengadilan. Siapa yg paling dirugikan dlm kasus ini? Tentunya anak-anak bangsa di daerah Pelosok 3T yg kita sering abai dan lupakan.,Thu May 14 23:59:45 +0000 2026,0,0,0,0,24,FALSE
2.06E+18,https://x.com/misuh2yuk84739/status/2055073556237881420,"@Txtdariiugm Dan bgstnya kasus ini, mengadu domba rakyat. Kebijakan chromebook emang kurang tepat, implementasi banyak yg minus. Tapi ngedukung Nadiem seakan2 membela/membenarkan pembelian chromebook.",Thu May 14 23:51:31 +0000 2026,3,0,19,0,126,FALSE
2.06E+18,https://x.com/xyzwitter/status/2055071689130844345,"Mengingat kasus Harvey Moeis, apa yang harus ditanggung Nadiem jelas gak fair.  Tapi ya balik lagi dia gak wakilin elu, dia bukan pahlawan, dia orkay, alias gausah terlalu simpati mending rasa peduli lu dipake buat nonton Pesta Babi ????",Thu May 14 23:44:06 +0000 2026,0,3,9,1,1725,TRUE
2.06E+18,https://x.com/voxindonesia_id/status/2055071428039614711,"kalo Nadiem mau bebas, Nadiem harus ngomong dia diteken siapa, Jokowi atau PDIP untuk kasus chromebook sehingga dia nekat golin proyek ini.",Thu May 14 23:43:04 +0000 2026,0,0,0,0,178,FALSE
2.06E+18,https://x.com/_ikhwanyan/status/2055071345680187409,"@txtdaritaxpayer kasus diramein, pas uda peaknya prabowo ngasih amnesti/abolisi ke nadiem, muncul citra ""prabowo baik"". mayan modal pemilu perkiraan aja",Thu May 14 23:42:44 +0000 2026,0,0,0,0,29,FALSE
2.06E+18,https://x.com/Ari_Berboedi/status/2055069626506293456,"Dad, u know Nadiem Makarim, rite?.. so U think He Good or Bad Person?? karena Engglish si Daddy nya itu Versi Jadul, mk dia jawab pake B indo..?? untuk Kasus Korupsi nya, dia bisa jd Jahat bisa juga Engga..  tunggu PuTusan Hakim di Pengadilan,. tp untuk Rusak nya Dunia Pendidikan di Negri ini.. Nadiem itu Layak disebut Bad Person??",Thu May 14 23:35:54 +0000 2026,0,1,4,0,609,TRUE
2.06E+18,https://x.com/agaknyatolol/status/2055069386814504991,"@Catatan_ali7 Dosa nadiem besar ngrusak generasi muda saat jd menteri,  Omong kosong integritasnya Dia g kompeten jd Mendiknas tapi dia ambil Terlepas benar tdknya dlm kasus Ini,  ini karma dia didunia",Thu May 14 23:34:57 +0000 2026,5,1,16,0,1182,FALSE
2.06E+18,https://x.com/meipri/status/2055066410326601930,"Gw liat2 yg katanya highly educated mid class ini ngaco jg logikanya ambil pelajaran kasus Nadiem-Ibam. Bisa2nya kesimpulannya ""jgn mau masuk pemerintahan nanti dikriminalisasi."" Mestinya, ""JGN MAU masuk/bertahan di pemerintahan sm org yg politiknya SERAMPANGAN, pasti kriminal.""",Thu May 14 23:23:08 +0000 2026,0,0,0,0,28,FALSE
2.06E+18,https://x.com/ClimbingGuy3000/status/2055065965726200021,sedih bgt liat nadiem dipenjara 27tahun buat kasus gajelas. what a joke.,Thu May 14 23:21:22 +0000 2026,2,0,15,0,1255,TRUE
2.06E+18,https://x.com/AraituLaki/status/2055065482060066928,"@Yanua02_v2 @BudiBukanIntel Pertama gw g peduli sama Nadiem secara personal, gw pikir jg dia sebagai menteri pendidikan termasuk gagal, tapi ketidak becusan gak sama dengan jahat Gw cuma fair ngeliat kasus ini apa adanya g kek org laen yg harus liat dlu nih Nadiem org kaya atw engga. Korban ya korban",Thu May 14 23:19:26 +0000 2026,7,9,17,0,433,FALSE
2.06E+18,https://x.com/bondonulis/status/2055064781929984079,"Bulan lalu dikasih tau foto Mulyono ini lg beli jus, deket bgtt sama temenku posisi e, dari foto e aku ngeliat ya dia kek orang biasa jir, cm abis itu langsung kepikiran kobisa ya orang sejahat itu. Duarrr pas meletup kasus Nadiem kemaren, orang ko jahat2 bgt ya",Thu May 14 23:16:39 +0000 2026,0,0,0,0,868,TRUE
2.06E+18,https://x.com/GandalfsWhisper/status/2055064766121451560,"@muhamad_perdana @BosPurwa Lha justru pada  kasus LHI, ketum PKS saat itu, ngga ada kerugian negara, Rp. 0,. Di kasus Nadiem, disebutkan total kerugian negara mencapai trilyunan.",Thu May 14 23:16:36 +0000 2026,0,1,0,0,88,FALSE
2.06E+18,https://x.com/euphours/status/2055063693189341209,"@LambeSahamjja Mengerikan sekali logika hukum yg dipakai jaksa. Tak terbukti kerugian negara tp uang pengganti diambil dari nilai IPO Gojek. Bandingkan dg kasus tambang dan korupsi Pertamina, kerugian negara triliunan, berapa tahun mereka dituntut? Kesalahan Nadiem sbnrnya: gak mau nyogok",Thu May 14 23:12:20 +0000 2026,0,0,0,0,7,FALSE
2.06E+18,https://x.com/bahlillahadajia/status/2055061297008664949,@RakyatBerbisik Mungkin kasusnya menjadi rumit krn nadiem menyebut dan berusaha menyeret jokowi dikasus chromebook. Bisa dicek semua kasus korupsi yg tersangkanya menyebut jokowi dituntut bersalah.,Thu May 14 23:02:49 +0000 2026,0,0,1,0,20,FALSE
2.06E+18,https://x.com/KoyanBtm/status/2055060393836564786,kepikiran tetiba euy si gendut prabowo muncul jadi pahlawan kesiangan lagi di tengah kasus nadiem ini,Thu May 14 22:59:13 +0000 2026,0,0,6,0,280,TRUE
2.06E+18,https://x.com/PallakaGO/status/2055059997781057870,Kayaknya kasus nadiem bakal ngrembet ke hal lain deh.. Terutama... Job availability...,Thu May 14 22:57:39 +0000 2026,0,0,0,0,31,TRUE
2.06E+18,https://x.com/kepengNet/status/2055057333156483185,bfr kasus gibran efishery lebih menghantam utk indo dibanding kasus nadiem chromebook.,Thu May 14 22:47:04 +0000 2026,0,0,1,0,61,FALSE
2.06E+18,https://x.com/prtamasebayang_/status/2055056617100742965,"Awas jangan terkecoh oleh ocehan buzzer Nadiem.  Clue dari kasus ini adalah: - Rencana pembelian Chromebook disusun jauh hari sebelum Nadiem dilantik. - Konsultasi dengan Jamdatun hanya formalitas, karena saran dari Jamdatun diabaikan oleh Nadiem.",Thu May 14 22:44:13 +0000 2026,0,0,0,0,16,FALSE
2.06E+18,https://x.com/Sejhagad/status/2055056356634448135,"@virdianaurellio Kasus Nadiem &amp; Ibam seakan² muncul demi lindungi aktor utama koruptor nya shg seakan meminta tumbal. Siapa aktor utamanya? Sdh disebut oleh Nadiem di persidangan bahkan dipersidangan kasus korupsi lainnya spt pertamina, haji, dsb.",Thu May 14 22:43:11 +0000 2026,0,0,0,0,8,FALSE
2.06E+18,https://x.com/lilpuddingcat/status/2055053973099626832,"Kalau dari kasus pak nadiem chromebook dianggap korupsi karena tidak berguna, terus itu BGN anggarin motor trail, kaos kaki dan lainnya sebutannya apa",Thu May 14 22:33:42 +0000 2026,0,0,0,0,8,FALSE
2.06E+18,https://x.com/rationyan/status/2055052802968449109,"Kasus Nadiem vs Harvey Moeis Kerugian Negara 2,1 Triliun, uang pengganti 5,6 Triliun. Kasus sebelahnya, kerugian Negara 300 Triliun Uang Pengganti 210 Milliar Ini tak bola bale berapa kali pun, ngk dapet logikanya... Tp ada rumor beredar, Nadiem sama sekali ngk mau bayar apa2 dibelakang layar... Harvey moeis tau sendirilah ya.. Jadinya ya gtu, mungkil kesal maksimal pihak sononya...",Thu May 14 22:29:03 +0000 2026,0,0,4,0,84,FALSE
2.06E+18,https://x.com/AntiKom_Officia/status/2055051220105273568,"Berkaca kepada kasus Tom Lembong, Nadiem dan Yaqut sebagai pelaksana kebijakan dan dengan sungguh sangat mengabaikan kebawelan dan kenistaan Buzzer2 biadab, maka sudah semestinya semua pihak yang terlibat dalam program2 non populis perampok anggaran negara seperti pembangunan Hambalang, Pembangunan IKN & MBG dan Anggaran Alutsista harus mempertanggungjawabkan secara hukum bukan secara politis. Tidak ada yg bermanfaat signifikan untuk masyarakat saat ini.",Thu May 14 22:22:46 +0000 2026,0,0,1,0,156,FALSE
2.06E+18,https://x.com/ivanbodyman/status/2055050824766914696,biar jaksa di kasus pak nadiem lgsg gua lempar palu,Thu May 14 22:21:12 +0000 2026,0,0,0,0,21,TRUE
2.06E+18,https://x.com/lilmeowgi/status/2055050430766559295,"Timeline gue ada 2 kubu soal kasus nadiem dan ibam. Harus baca pelan-pelan banget buat tahu perspektif masing-masing, yang ini beda ngga kayak tom waktu itu.",Thu May 14 22:19:38 +0000 2026,0,0,0,0,19,FALSE
2.06E+18,https://x.com/Hidupsebagai62/status/2055050343424372908,"Dittipidnarkoba Bareskrim Polri di bawah Brigjen Pol Eko Hadi Santoso justru membongkar oknum internal yg diduga melindungi jaringan narkoba. Kasus ditarik langsung ke Mabes, perwira yang terlibat diproses tanpa tebang pilih. @DivHumas_Polri Nadiem Revan Clara Malam Jumat Gojek https://t.co/3VADJQ4n6K",Thu May 14 22:19:17 +0000 2026,16,4,29,2,3094,FALSE
2.06E+18,https://x.com/sastro_pecel/status/2055047757145289047,gw ga ngikutin kasus nadiem makarim tapi ntah kenapa liat hasil sidang kek mau nangis,Thu May 14 22:09:00 +0000 2026,0,0,0,0,27,FALSE
2.06E+18,https://x.com/annaninanna/status/2055047099511881798,"@Hnirankara Thd kasus @GusNurian @Hasto_66 dan @tomlembong  saya  bersuara keras bahwa itu kriminalisasi akhirnya @Prabowo memberi Amnesti dan Abolisi , Terhadap @Nadiem_Makarim saya tidak pernah  koment sedikitpun karena Feel Hukum saya Nadiem sbg Turut Serta ( Psl l 55 KUHP /Psl 20 KUHP)",Thu May 14 22:06:24 +0000 2026,0,0,0,0,12,TRUE
2.06E+18,https://x.com/nurull_af/status/2055046878484693090,"UPDATE! Ada yang minta follow lagi satu akun di IG gue dan yang ini namanya pake nama cewek tapi gak ada foto profilnya. Akun IG gue selalu dipantau kalo ada yang rame-rame. Padahal untuk kasus pak Nadiem ini, gua cuma rame di X doang, di IG tuh on cuma ngelike postingan aja",Thu May 14 22:05:31 +0000 2026,0,1,0,0,22,FALSE
2.06E+18,https://x.com/IntanAyuArimbi/status/2055046778484134284,"kasus nadiem tu tinggal nunggu ""pahlawannya"" ajaa tuh ??",Thu May 14 22:05:07 +0000 2026,2,0,1,0,192,FALSE
2.06E+18,https://x.com/ja_zimah/status/2055046027296796740,HA???? gue abis baca kasus nadiem sekilas.. apa? keputusan jaksa bahwa laptop dianggap ga tepat karena di daerah 3T sinyal aja susah?? WOW MEMANG SEJAUH INI SUDAH ADA DITEMUKANNYA MEMAKAI LAPTOP TP USE THE WEB SCR OFFLINE???? DI DUNIA MANA????? GUE JG MAU LAPTOPNYA.,Thu May 14 22:02:08 +0000 2026,0,0,0,0,30,FALSE
2.06E+18,https://x.com/wibisonoys/status/2055045043531174385,"pas kasus pak nadiem naik begi i ada aja org yg ngungkit2 hasil kerja dia jd, blg syukur gak usah empati. gak gitu tolol, klo kerja gak bener ya pantes dpt ganjaran tp ini dihukum bukan krn perbuatannya. objektif lah, pantes manusia gabisa empati, otaknya aja kosong",Thu May 14 21:58:13 +0000 2026,0,3,0,1,150,TRUE
2.06E+18,https://x.com/ugliestbitchy/status/2055037775200829580,"@Hnirankara ya, tapi, pakai kasus nadiem jadi background masalah pendidikan indonesia juga salah, keduanya beda. anda menggiring seolah kurikulum buruk karena korupsi chromebook. padahal dua-duanya beda, dan salah satunya (chromebook) kemungkinan kriminalisasi",Thu May 14 21:29:21 +0000 2026,0,1,0,0,32,FALSE
2.06E+18,https://x.com/0bfusct3/status/2055037091655086494,"Narasi ini balasan negara kpd org yg sudah membuka banyak lapangan kerja, menurut gw ga relate dgn kasus dia. Klo ngikutin kebijakan pendidikan era 2 periode Jokowi dulu, paling miris yaaa ketika Menterinya nadiem. Sekolah Negeri diacak-acak oleh Nadiem &amp; gengnya (stafsus)",Thu May 14 21:26:38 +0000 2026,0,0,0,0,7,FALSE
2.06E+18,https://x.com/appurukeeki/status/2055034020216664565,"@kristian_oka @SAASH1MI sampe skrg, aku masih menganggap kasus nadiem ini tuh korban Politik Sprindiknya Jack/Mulyono. meskipun di sisi lain program chromebooknya gk napak tanah, tp kasus ini emg jd bukti kalo someone in power selalu butuh kambing hitam agar dirinya terlihat bersih.",Thu May 14 21:14:25 +0000 2026,0,1,0,0,13,FALSE
2.06E+18,https://x.com/Rizal_i/status/2055033352252735492,"@boxxtoc selepas dari kasus nya sekarang, nadiem saat menjabat jadi menteri pendidikan emang kacau",Thu May 14 21:11:46 +0000 2026,0,0,1,0,155,TRUE
2.06E+18,https://x.com/MondayHer/status/2055029430935060568,"@qu_suka17267 @SeunghanRESTART @03__nakula Yupss sangat sepaham dan sepakat sih aku sama argumen abangnya  Menurutku, sih kurang fair jg klau hnya ksus pak nadiem yg di sikapi krn bnyk kasus yg serupa bhkan lbih dsyat malah luput dri sorotan hukum. Entah sngja atau tdk sy tdk tau. Krna skrg kritik dr rakyat sj di bngkam",Thu May 14 20:56:11 +0000 2026,1,1,0,0,36,FALSE
2.06E+18,https://x.com/koganenohikari/status/2055027783294984484,"dari kemarin berkali-kali nangisin kasus nadiem setiap lewat di tl. what a dzalim country, i hope afterlife does exist for those assholes",Thu May 14 20:49:38 +0000 2026,0,1,1,0,263,TRUE
2.06E+18,https://x.com/chaotischhh/status/2055027778735792252,@Hidupsebagai62 Di SG penggunaan anggaran negara itu ketat bgt. Compliance terhadap aturan tinggi bgt. Soal perduitan bener2 hrus justified. Kasus kaya Nadiem yg bikin shadow gov di luar struktur pemerintahan mungkin jg g bakal lewat di Gov SG.,Thu May 14 20:49:37 +0000 2026,0,0,0,0,18,TRUE
2.06E+18,https://x.com/Tjah_TMG01/status/2055024317667381533,Let see if a hero will come and save the day like a previous case (Tom Lembong &amp; Ira Puspadewi). Tp belum terlihat tanda2 blio akan mengintervensi kasus Nadiem. Its depressing to see whats happening. God be with you sir????,Thu May 14 20:35:52 +0000 2026,0,0,0,0,18,FALSE
2.06E+18,https://x.com/chincillay/status/2055020915080192113,"pukul 02.40, bus masih melaju menyisiri jalanan ciamis menuju bandung. lagu baik dari sisir tanah menemaniku. pikiranku masih di sana. pada kasus nadiem makarim. panjang umur keberanian. mati kau kebenaran yang dipaksanakan.",Thu May 14 20:22:21 +0000 2026,0,0,0,0,15,FALSE
2.06E+18,https://x.com/Hainsas/status/2055015540318449979,demi apapun sedih bgt liat kasus nadiem makarim huhu,Thu May 14 20:00:59 +0000 2026,0,0,0,0,50,TRUE
2.06E+18,https://x.com/sulvd/status/2055013772671283360,"Gua simpati sama kasus ini. tapi waktu kunjungan pak Menhan ke Turki, dan Beliau mention sedikit soal kasus pak Nadiem. disitu gua sadar pak Nadiem juga salah dimata para Pejabat.",Thu May 14 19:53:58 +0000 2026,1,0,0,0,16,TRUE
2.06E+18,https://x.com/prtamasebayang_/status/2055010848586993867,"jasa nadiem: - lapangan kerja rentan, dan itu didukung negara - link and match pendidikan dan industri - komersialisasi pendidikan yang bikin mahal biaya pendidikan kasus ini sudah bagus, baik, dan benar. cuma satu hal yang patut dikecewain: jokowi ga terseret, dan dipenjara",Thu May 14 19:42:21 +0000 2026,0,0,0,0,41,FALSE
2.06E+18,https://x.com/UisiPz/status/2055008579015557178,"Kasus Nadiem ini emang perlu perhatian khusus supaya sesuatu tidak terlalu lebar dan tidak mengecilkan gerak. Kalau definisi awal dalam kasus adalah ""kerugian negara"" maka perlu diperhatikan lebih dalam siapa saja bisa kena. Tapi asas conflict of interest ini yang paling",Thu May 14 19:33:20 +0000 2026,0,0,0,0,345,TRUE
2.06E+18,https://x.com/zalvaqilaaa/status/2055004585131929863,"Gw ttp bs setuju sm berita ini, dan ttp setuju jg sm proses peradilan yg fair dlm kasus Nadiem. Some people, however, will think that bcs Prabowo is too authoritarian = ALL 100% of the systems are broken. Mrka ngeributin Ibam &amp; Nadiem, tp diem2 aja sm pejabat yg sm2 dipenjara.",Thu May 14 19:17:27 +0000 2026,0,0,0,0,47,FALSE
2.06E+18,https://x.com/rindiksentrup/status/2055003703472746767,"kasih tau kuasa hukum yang ngurus kasus nya nadiem makarim, neraka lebih panas dari pada cuaca di Indonesia.",Thu May 14 19:13:57 +0000 2026,0,1,1,0,92,FALSE
2.06E+18,https://x.com/yurisndika/status/2055003120347103642,"kualitas jaksa indonesia rusak bgt. mulai dari kasus hasto, tom lembong, dirut pertamina, dirut asdp, ampe nadiem nyusun tuntutannya goblok bgt. selagi seleksi jaksa ngutamain fisik dibanding otak, ya akan terus beregenerasi jaksa2 tolol di republik ini",Thu May 14 19:11:38 +0000 2026,0,0,0,0,557,TRUE
2.06E+18,https://x.com/sseemsms/status/2055000450311856408,"konsistensi penegakan hukum udh ga ada kah? Kasus Tom Lembong dan Nadiem Makarim aja dpt sorotan besar meski tdk trbukti menikmati kuntungan pribadi.  pdhal, penyalahgunaan kewenangan gub. kaltim yang dinilai merugikan bnyk pihak justru blm menunjkn penanganan yg srius.??",Thu May 14 19:01:02 +0000 2026,0,1,0,0,26,FALSE
2.06E+18,https://x.com/GandalfsWhisper/status/2054999307799916713,"Kasus Chromebook lagi rame banget,  eks Mendikbud Nadiem Makarim dituntut 18 tahun penjara ?? Yuk sini dijelasin versi singkatnya ?? (a thread...)",Thu May 14 18:56:29 +0000 2026,0,0,0,0,108,FALSE
2.06E+18,https://x.com/carattehh/status/2054999301622046869,"masih bisakah kita berharap ?? Kasus Nadiem, Ibrahim Arief, Amral Sitepu dan banyak generasi muda lain yang kecewa dengan penegakan hukum di Indonesia https://t.co/jKQhQoTYch",Thu May 14 18:56:28 +0000 2026,0,0,0,0,43,FALSE
2.05E+18,https://x.com/RumiJalaludiin/status/2054991512677867582,@DravenweX Tapi dengan kasus Nadiem dan tim bayangannya sungguh jelas berbeda Ferguso...,Thu May 14 18:25:31 +0000 2026,0,0,0,0,99,FALSE
2.05E+18,https://x.com/muhddiii/status/2054989457703698457,"Banyak yang salah jalan tapi merasa tenang karena banyak orang yang sama-sama salah. Beranilah menjadi benar walau sendirian. Tapi jujur, setelah kasus Pak Nadiem Makarim, aku jadi kepikiran: Apakah quotes itu tetap bisa kita yakini? ??????",Thu May 14 18:17:21 +0000 2026,0,0,1,0,67,FALSE
2.05E+18,https://x.com/linaramedia/status/2054989198525173960,"Pak Nadiem dituntut denda almost 5T, sedangkan kasus 271 T itu gua ga tau samsek kelanjutannya.  Indonesia negara hukum katanya, hukum palak bapak lu. Semuanya kayak taii anjinggg ketikan gue omongan gue skrg kotor &amp; toxic bgt tapi masih lebih kotor perbuatan petinggi konoha ini.",Thu May 14 18:16:19 +0000 2026,28,1,70,3,7565,FALSE
2.05E+18,https://x.com/vnewsindonesia/status/2054988536437424227,indo udh gila dan scarecrow ini mirip sama pemerintah indo pake kasus Nadiem Makarim anjing bgt sialan mirip bgt anjingggg pemerintah tololll bego,Thu May 14 18:13:41 +0000 2026,0,0,0,0,28,FALSE
2.05E+18,https://x.com/ilacapila/status/2054987684654051439,Setelah kasus Nadiem ini aku jadi rada was-was if in the future masuk dan kerja di pemerintahan ??,Thu May 14 18:10:18 +0000 2026,0,0,0,0,46,TRUE
2.05E+18,https://x.com/sweetybulbb/status/2054985921012072641,ngomong gini saat kasus nadiem sih anjing ya,Thu May 14 18:03:18 +0000 2026,0,0,0,0,13,FALSE
2.05E+18,https://x.com/ailurophile954/status/2054985225290281441,(Karena sorotan kasus Nadiem bikin orang2 selalu melihat lagi linimasa twit / X Mas Zanatul) izin di repost ya Mas @zanatul_91  link nya.  Banyak loophole yg ga terduga bagi publik (sbisa kujelaskan). Siapa tahu tengah malam ada yg baca. Dishare pakai channel lain boleh banget,Thu May 14 18:00:32 +0000 2026,0,0,0,0,30,FALSE
2.05E+18,https://x.com/kimjimrz_/status/2054984288282808821,"sebobrok bobroknya beliau semasa menjabat, dari kasus Pak Nadiem sorry to say kalo dapat disimpulkan negara ini gaakan selamat. tinggal tunggu waktu doang.",Thu May 14 17:56:48 +0000 2026,0,0,0,0,17,FALSE
2.05E+18,https://x.com/frans070707/status/2054983997659496589,"Untuk kasus korupsi bisa di perdebatkan tapi rusaknya kualitas pendidikan di Indonesia itu fakta. Dan harus ada orang yang bertanggungjawab atas kerusakan ini, siapa dia  Yang pertama jokowi, yang kedua nadiem dan seterusnya. Korupsi yang merugikan negara lebih dari 1 triliun menurut saya sudah layak di jatuhkan hukuman ratusan tahun penjara/seumur hidup atau hukuman mati. Terlepas dari vonis yang korupsi di masa lalu yang vonisnya ringan ,itu kurang ajar dan sangat tidak masuk akal para hakim pada waktu itu, saya yakin pemain semua tuh hakim. Untuk soal hukuman tuntutan kepada nadiem jika di dibandingkan kasus lain memang sangat tidak adil bagi dia makanya saya buka ruang di perdebatkan, silahkan saja. Tapi bagi saya tetap orang yang telah ""merugikan"" andai terbukti harusnya seperti yang saya bilang diatas. Jika tidak maka bebaskan.",Thu May 14 17:55:39 +0000 2026,0,0,0,0,37,FALSE
2.05E+18,https://x.com/afisiozo/status/2054983769896177922,"karena kasus pak nadiem ini, emak gue jadi agak loosen up dari yang awalnya ngebet anaknya jadi asn/pns skrg udh ga begitu wkwkwk. yaaaaaa walaupun asn yang dimaksud bukan langsung jadi menteri si yaa, tapi tetep aja ngeri-ngeri sedep??",Thu May 14 17:54:45 +0000 2026,0,0,0,0,16,FALSE
2.05E+18,https://x.com/mynameprada/status/2054983428467200194,"@laginongol8 ...Dimulai dari kaburnya saksi kunci Jurist Tan. Jurist Tan adalah kawan dekat sekaligus tangan kanan Nadiem. Kabur dan bersembunyinya Jurist Tan = menutupi 90% kasus. Karna bagaimanapun Jurist Tan sosok kunci yg tahu modus korupsi chromebook kek gimana... (``,)",Thu May 14 17:53:23 +0000 2026,0,1,4,0,72,FALSE
2.05E+18,https://x.com/geloraco/status/2054980520698843643,"g tau lagi deh gw bener bener marah banget liat berbagai berita akhir akhir ini. rupiah melemah, ihsg anjlok, kasus lcc, kasus nadiem makarim, sampe status wa rekan kerja gw yg adeknya dapet embege berulat. ya allah. terkutuk kalian semua yg terlibat dalam penghancuran negara ini",Thu May 14 17:41:50 +0000 2026,222,13,525,7,4895,FALSE
2.05E+18,https://x.com/vouzhevoyez/status/2054978556741189666,@vaneloody Saya ga setuju thdp kriminalisasi kalo kasus ini beneran kriminalisasi. Tapi nggak perlu juga nangisin Nadiem karena dosanya dia juga banyak di tempat lain.,Thu May 14 17:34:02 +0000 2026,0,1,0,0,22,FALSE
2.05E+18,https://x.com/indepenSumatera/status/2054978316550246859,"@unmagnetism Kasus nadiem ini bakalan bikin anak2 muda yg pinter bakalan takut terjun ke dunia politik, masalahnya inisial G dan T itu kan gak pinter makanya gak takut ??",Thu May 14 17:33:04 +0000 2026,2,2,5,0,1465,TRUE
2.05E+18,https://x.com/yokxanne/status/2054978272820351048,baru kali ini merasa hina dan malu menyandang gelar sarjana hukum karena melihat alur kasus dari tom lembong dan nadiem makarim,Thu May 14 17:32:54 +0000 2026,0,0,2,0,20,FALSE
2.05E+18,https://x.com/kafiradikalis/status/2054977654659723400,kasus pak nadiem adalah hal terkonyol yang gue baca,Thu May 14 17:30:27 +0000 2026,2,1,19,0,3843,TRUE
2.05E+18,https://x.com/meloberyy/status/2054976962469519419,Bukti pak nadiem di kasus ini salah dimana dah? Kok keadilan kayak gini bgt yak. Giliran tikus2 dasi laknat korupsi yg udah jelas aja hukumannya ringan. Emang jelek banget tinggal di Indonesia. Hukumnya jelek cuih,Thu May 14 17:27:42 +0000 2026,0,1,0,0,99,TRUE
2.05E+18,https://x.com/allandbagus/status/2054976947042820178,bodoh memang org2 yg bikin putusan ga prediksi efek dominonya kasus nadiem kah.. ini rupiah lagi lemah2nya trus lu bikin tuntutan senyawit itu gimana investor kaga kabur semua..,Thu May 14 17:27:38 +0000 2026,0,0,7,0,744,TRUE
2.05E+18,https://x.com/muhamadrdani/status/2054976645736587528,di tengah huru hara kasus nadiem makarim? wah salut,Thu May 14 17:26:26 +0000 2026,0,0,0,0,2602,TRUE
2.05E+18,https://x.com/gippsyyking/status/2054975116455686320,"Berkaca dari yg baru saja terjadi.Harvey Moeis kasus korupsi timah, putusan tingkat pertama  divonis 6,5 tahun, denda Rp1 miliar, uang pengganti Rp420 miliar. Kerugian negara prestisius Rp300 triliun. Nah ini Nadiem koq bisa segitu nya",Thu May 14 17:20:22 +0000 2026,0,0,0,0,74,FALSE
2.05E+18,https://x.com/yuwdoz/status/2054974562086056313,"@boxxtoc @Homo_sapiens21 Emang Nadiem saja yang bodoh, tidak paham pendidikan sok-sokan mau dijadikan menteri oleh Mulyono Al Ngibulin. Sekarang apa Mulyono Al Ngibulin peduli pada kasus Nadiem?",Thu May 14 17:18:09 +0000 2026,0,1,0,0,43,FALSE
2.05E+18,https://x.com/prepalltheway/status/2054973950686580974,@teddyswansons @Nadyamulyadi Asli komentar terkocak yg pernah ada si ini wkwkw Kalo memang guru ga datang lantas kasus tom lembong memang tukang dagang pada dtng pas beliau disidang? Justru para ojol itu tau di bls budi di era Nadiem gmn sejahtera mereka lgan kasus chroembook jg arahan jokowi ko yg nyuruh,Thu May 14 17:15:44 +0000 2026,0,0,0,0,21,FALSE
2.05E+18,https://x.com/samoodraa_/status/2054973929018802401,Kasus pak Nadiem bikin insomnia anjir,Thu May 14 17:15:38 +0000 2026,0,0,1,0,43,FALSE
2.05E+18,https://x.com/42jeexie/status/2054973614328611294,"@bayiajaib @virdianaurellio @zanatul_91 padahal yg harus didengar soal kasus hukum ya ahli hukum dan saksi2 di persidangan. kalo mereka sudah bersaksi bahwa Nadiem &amp; Ibam ga salah secara hukum, ya ga perlu pertimbangin narasi2 emosional yg dipaksakan lg. fakta sebenarnya adl persidangan. bukan tweet2 mas Iman.",Thu May 14 17:14:23 +0000 2026,0,0,0,0,63,FALSE
2.05E+18,https://x.com/diplomatik_res/status/2054972237191770113,"Pak Nadiem Makarim dituntut 27tahunan untuk kasus ghaib sederet dakwaan dengan nol bukti , dimana keadilan ini, bagaimana kejaksaan hukum ini melihat nya , sungguh keterlaluan",Thu May 14 17:08:55 +0000 2026,0,0,0,0,56,FALSE
2.05E+18,https://x.com/Kartika4567/status/2054971507999412404,kok pas banget ya sama kasus nadiem baru ketok palu? ??,Thu May 14 17:06:01 +0000 2026,0,0,1,0,57,TRUE
2.05E+18,https://x.com/candrapurnagara/status/2054971236049211636,maafkan typo2 mengganggu karena aku mengapresiasi @zanatul_91 tengah malam ber-radio [elshinta] jadi aku ngejar sebelum jam 2 pagi. jgn kaget cara aku melihat kasus nadiem makarim ya mas Tuhan Menghukum Nadiem [Tycoon] Karena Guru Tidak Ada yang Membela https://t.co/SyFgxmoiOg https://t.co/OxVPFa7ODA,Thu May 14 17:04:56 +0000 2026,0,0,2,0,508,TRUE
2.05E+18,https://x.com/vavavaisVey/status/2054970904644665691,"Jam segini mata melek, scroll ig eeeh auto mewek ngelohat kasus pak Nadiem. Padahal kenal pun tidak tapi nyelekitnya kerasaaa",Thu May 14 17:03:37 +0000 2026,0,0,0,0,5,FALSE
2.05E+18,https://x.com/programmerpacil/status/2054970345728442710,"@MiskinTV_ Jujur gw gak mau berasumsi aneh aneh tapi patternnya terlalu jelas, jadi susah untuk saya tidak berasumsi aneh aneh dan menurut keyakinan saya skandal ini naik lagi untuk mengalihkan perhatian publik dari kasus pak Nadiem. Kalian tau sendiri kan polanya? Ya kan? https://t.co/YTnmgcwoKR",Thu May 14 17:01:24 +0000 2026,0,3,0,1,107,TRUE
2.05E+18,https://x.com/muhamadnaser06/status/2054969576325288215,"Tuhan Menghukum Nadiem Makarim [Yang Teratas, Owner, Tycoon], Karena Guru Tidak Ada Yang Membela Sama Sekali Tulisan ini tidak untuk meng-elaborasi kerja keras @zanatul_91 . Melihat sisi tak terduga kasus ini silakan siapapun berkenan beri input  https://t.co/SyFgxmoiOg https://t.co/tAq3xoNHNt",Thu May 14 16:58:21 +0000 2026,0,0,0,0,85,FALSE
2.05E+18,https://x.com/twitnyaoka/status/2054969527092580747,"@Lost_Ataraxia Pas nadiem ditersangkain, yang pada notice pertama guru2 yang merasa terbebani sama kebijakan2nye. Awalnya orang2 ga begitu peduli kayak ""ah paling ga kebukti dll"" Seiring berkembang, kejaksaan kayak maksa banget jebolin ini kasus, ya makin geram juga orang2 yang tadinya gapeduli",Thu May 14 16:58:09 +0000 2026,0,0,0,0,37,FALSE
2.05E+18,https://x.com/mynameprada/status/2054969099835638061,"Jadi paham ya, jangan terlalu ambil perhatian, apalagi ambil hati atas kasus Nadiem Makarim.",Thu May 14 16:56:27 +0000 2026,0,1,5,0,374,FALSE
2.05E+18,https://x.com/Rifqaaah/status/2054968261415206985,"@wow_bro123 ...Kalo beneran berpikir adil ya gak akan memihak Nadiem karna secara teknis saksi kunci aja hilang. Jurist Tan = teman baik sekaligus tangan kanan Nadiem. 2 kasus besar di mana saksi kunci hilang (Harun Masiku &amp; Nistra Yohan), bos mereka yah bebas. 2-2nya era Jokowi... (``,)",Thu May 14 16:53:07 +0000 2026,0,0,0,0,9,FALSE
2.05E+18,https://x.com/CuteKlobot/status/2054968086265258284,"Siapa yang akan jadi Nadiem berikutnya?? Ketawa geli nyimak kasus hukum Pak Nadiem ini, hukum oh hukum adil tidak adilnya hanya Tuhan yang tau, karma is real, wtf jpu !!! #budakbaonk #nadiemmakarim",Thu May 14 16:52:25 +0000 2026,1,0,9,0,11850,TRUE
2.05E+18,https://x.com/mynameprada/status/2054968009526329669,"lama lama gue bingung sama kasus mas nadiem ini, coba banding sama harvey muis. edan sih. padahal ternyata kaga nerima seperserpun. sinting!.",Thu May 14 16:52:07 +0000 2026,0,0,1,1,526,FALSE
2.05E+18,https://x.com/GeorgeWasintorn/status/2054967914739224697,Malam malam nangisin pak nadiem makarim aaaa galucu banget Kemarin kasus debat 4 pilar mpr Kenapa sih kelakuan pemerintah tuh ada ada aja,Thu May 14 16:51:44 +0000 2026,0,0,4,0,289,TRUE
2.05E+18,https://x.com/PerryGerr/status/2054967645594964333,"IMO, sebrengsek2 akal2an Pemerintah ngeskenarioin MK bikin Gibran capable jadi cawapres saat itu, lebih brengsek lagi  kasus Nadiem dipenjara ajgg",Thu May 14 16:50:40 +0000 2026,0,1,0,0,72,FALSE
2.05E+18,https://x.com/kafiradikalis/status/2054967470889505134,"@DJ_Luvly @NephilaXmus Yg bela Nadiem/ibam di kasus ini tuh tdk otomatis juga bela kebijakannya selama jadi menteri, bahkan banyak yg sebelumnya juga ngritik.",Thu May 14 16:49:59 +0000 2026,5,3,49,0,17141,TRUE
2.05E+18,https://x.com/BudakBaonkX/status/2054967127396991049,buat nutupin kasus nadiem atau apa nih?,Thu May 14 16:48:37 +0000 2026,0,0,0,0,13,FALSE
2.05E+18,https://x.com/katie8leung/status/2054966834370363882,"@rrnebae Kak bahkan yg kasus konsultannya (ibam), masih di kasus sejalan sama nadiem  itu yg beneran terbukti dpt suap malah gak dihukum samsek malah jadi saksi atau korban gitu ?????? Padahal ngaku loh dpt suap motor dkk",Thu May 14 16:47:27 +0000 2026,0,0,0,0,4,FALSE
2.05E+18,https://x.com/happyvirustt/status/2054966806255992836,"Sumpah ya ini kasusnya Nadiem Makarim membuktikan hukum di negara ini udh bener bener kacau, kasus yang bener bener tidak terbukti secara sah melakukan korupsi, saksi saksi pada ditolak, KOK BISA DIJATUHKAN HUKUMAN 18 TAHUN? APA YANG BELIAU PEGANG SEHINGGA DIA DIVONIS SEPERTI ITU?  *NB: Apakah nanti akan ada pahlawan kesiangan seperti kasusnya Tom Lembong? We'll see",Thu May 14 16:47:20 +0000 2026,0,0,0,0,32,FALSE
2.05E+18,https://x.com/pisauanalisiss/status/2054966616807669800,"@bayiajaib @virdianaurellio @zanatul_91 gw nyerang mas Iman krn dia ingin memenjarakan Nadiem &amp; Ibam. tp beda dgn jaksa adl dia memakai Post-Truth narative. strateginya, setiap ada postingan ttg kasus hukum Nadiem, dia quote dgn narasi emosional guru agar justifikasi kalo kasus hukumnya benar, pdhl engga ada hubungan. https://t.co/A8WKUSHQKp",Thu May 14 16:46:35 +0000 2026,0,0,0,0,31,FALSE
2.05E+18,https://x.com/Wilddd_deer/status/2054966472024490202,GUE BENERAN NANGIS BGT ANJIR KALO KASUS NADIEM GA DIJUSTICE SMPE BENER2 SEADIL2NYA ??????????,Thu May 14 16:46:01 +0000 2026,1,0,7,0,395,TRUE
2.05E+18,https://x.com/aglioeolioendes/status/2054965609251963093,"@Dwynna_Win Kasus Nadiem meskipun tdk terbukti memperkaya diri namun tetap dituduh merugikan negara akibat kebijakan yg salah.. lantas apa kabarnya dgn IKN, KCIC dan bandara Kertajati? Bukannya juga akibat kebijakan yg salah dan merugikan negara? @KejaksaanRI @mohmahfudmd @DPR_RI @prabowo",Thu May 14 16:42:35 +0000 2026,0,0,0,0,23,FALSE
2.05E+18,https://x.com/stupid29cupid/status/2054964666787618904,smoga atasan gw masih waras gamau berurusan sm pemerintah sinting ini setelah kasus pak nadiem ??,Thu May 14 16:38:50 +0000 2026,0,0,0,0,29,TRUE
2.05E+18,https://x.com/Pacinggembul22/status/2054964351447302575,@moominszs nontonin update an kasus pak nadiem sedih dan miris banget ????,Thu May 14 16:37:35 +0000 2026,0,0,4,0,159,FALSE
2.05E+18,https://x.com/programmerpacil/status/2054964000769835174,"@virdianaurellio Ku pikir kasus tim Lembong itu bentuk ketololan persidangan,..ternyata kasus Nadiem lebih parah bentuk ketololan nya..",Thu May 14 16:36:11 +0000 2026,0,1,1,0,90,TRUE
2.05E+18,https://x.com/urjoohyunnie/status/2054962578036772932,"Out of topic enha, Tapi sedih beneran liat kasus Nadiem dan all the things yang terjadi lately.. Sebagai orang yang kerja in between pemerintah dan grassroots, beneran mix feeling banget setiap hari.. Kadang kalo terlalu sedih beneran bisa nangis abis rapat rapat tuhh",Thu May 14 16:30:32 +0000 2026,0,0,0,0,18,FALSE
2.05E+18,https://x.com/IreneLim177/status/2054962551965057411,"@insidefolkative Kalo emang pinter bahas secara keilmuan soal kasus hukum di pengadilan, Bukan malah bahas sosok nadiem gimana. Indonesia negara hukum, seharusnya kalo emang cerdas buka masalah pengadilannya trus kritisi keputusannya sesuai dengan keilmuan hukum !!! https://t.co/tGN2Y3NIa1",Thu May 14 16:30:26 +0000 2026,0,0,1,0,944,TRUE
2.05E+18,https://x.com/tobelidaifuku/status/2054961942020981063,merinding bgt ngikutin kasus pak nadiem,Thu May 14 16:28:00 +0000 2026,0,1,0,0,56,FALSE
2.05E+18,https://x.com/zoochinight/status/2054961563208228927,"ini tuh perdebatan dari dulu di hukum Indonesia, ketika jaksa terus2an membahas mengenai potential loss, padahal juga putusan MK juga udh mempersempit pakai actual loss, tapi kenapa di kasus tom lembong sama nadiem makarim jatuhnya ke potential loss terus.",Thu May 14 16:26:30 +0000 2026,0,0,0,0,14,TRUE
2.05E+18,https://x.com/Amethyst_Mantle/status/2054960177712169169,dah ketebak kasus nadiem ujungnya kek mana. ngelus dada sampe hari ini keluar putusan gamau baca beritanya samsek walau orang-orang repost.  sedihnya sampe harus diluapin lewat twit ini karena sumpah rasane nganti males reti berita indonesia. hawane pengen prek cuek.,Thu May 14 16:21:00 +0000 2026,0,0,0,0,7,TRUE
2.05E+18,https://x.com/M_IKBAR_fauzi/status/2054959522754740350,"@bluesman_mr @Catatan_ali7 Lagian yang dibahas kan ketidakadilan pengadilan soal kasus beliau di Chromebook. Kalo pun misalnya Nadiem emang bikin pendidikan Indonesia hancur, apakah beliau gak berhak dapet keadilan atas kasus yang berbeda? HAM nya udah ilang kah kalian?",Thu May 14 16:18:24 +0000 2026,0,0,1,0,816,TRUE
2.05E+18,https://x.com/sourscallyi/status/2054959021015310421,Kenapa yag dijatuhi hukuman hanya pak nadiem? luhut dan jokowi kok ga diperiksa? Padahal mereka berdua dalang dari kasus chromebook ini,Thu May 14 16:16:24 +0000 2026,0,1,0,0,162,FALSE
2.05E+18,https://x.com/nyonyapuffs/status/2054958390900818301,"ini yg gw maksud , kalo emang nadiem bersalah dan gak dikriminalisasi, maka kasus lainnya juga harusnya diangkat naik untuk disidangkan di pengadilan. Kan supaya adil toh?",Thu May 14 16:13:54 +0000 2026,0,0,1,0,19,FALSE
2.05E+18,https://x.com/deulicyous/status/2054958334244204700,"obrolan abang adik hari ini, dari sore sampai malem topik berawal dari kasus nadiem makarim, MBG, kecelakaan bekasi timur, fasilitas kesehatan di jakarta dan berujung di cara kelola uang orangtua kita ??",Thu May 14 16:13:40 +0000 2026,0,0,0,0,38,TRUE
2.05E+18,https://x.com/rriaamee/status/2054958062822388163,KASUS NADIEM GO INTERNASIONAL Keren banget kasus Nadiem sampe dibahas di TNYT Kepastian hukum adalah salah satu alasan kenapa Singapura dan Vietnam menarik buat banyak investor. Lalu mau sampai kapan kasus-kasus korupsi ambigu spt ini terus terjadi? Sampai investor kabur semua? Kayak kurang aja kasus korupsi bener yang bisa @KejaksaanRI angkat dan ungkap,Thu May 14 16:12:36 +0000 2026,0,0,0,0,68,TRUE
2.05E+18,https://x.com/indotodaypost/status/2054957905057812508,@esdeathxz jujur gw jd takut sama lingkup pemerintahan liat kasus-kasus mulai dari pak tom lembong dan sekarang pak nadiem. walaupun saat ini gw blm sehebat mereka kayaknya gw gaakan mau berurusan dengan pemerintah kelak ????,Thu May 14 16:11:58 +0000 2026,0,0,0,0,59,FALSE
2.05E+18,https://x.com/bukanlupusss/status/2054957764431192309,siapa jaksa kasus nadiem,Thu May 14 16:11:24 +0000 2026,0,0,0,0,47,FALSE
2.05E+18,https://x.com/NaBaemmmmm/status/2054957709250949394,"@arkaatmaja7 @Stakof @wahyudi_sudibya Pertanyaannya, kenapa KPK tidak follow the money, bottom-up? Kan yg disita asetnya, lalu mengembalikan uang itu ASN kemenag, jauh sebelum Gus Yaqut dipanggil. Tapi mereka aman2 aja tuh sampai sekarang. Persis seperti kasus Nadiem, yg nerima uang malah dijadikan saksi ??",Thu May 14 16:11:11 +0000 2026,0,0,0,0,35,TRUE
2.05E+18,https://x.com/thalllll___/status/2054957663570858085,"Ntah apaaa yg mauuu dibungkam dri pak nadiem Walau saya produk kurtilas yg menyebalkan, tapi untuk kasus ini, sangattt amat super janggal!! Bebaskan pak Nadiem dan pak Ibam!!",Thu May 14 16:11:00 +0000 2026,0,1,1,0,74,FALSE
2.05E+18,https://x.com/MurtadhaOne1/status/2054957508880662854,Gila ya emg kasus nadiem ini. Pendiri gojek loohh jadi begini endingnya,Thu May 14 16:10:24 +0000 2026,7,3,20,0,669,FALSE
2.05E+18,https://x.com/lea83165707/status/2054957475410092195,"Sedii ngeliat kondisi indonesia sekarangg rupiah melemah, ekonomi ga karuan, kriminalisasi meningkatt dan banyak bangettt kasus yang bikin elus dadaa terakhir kasus nadiem kemarin dan pemudai indo yg harapannya buat mengubah indo lebih baik malah dikriminalisasiii",Thu May 14 16:10:16 +0000 2026,0,0,0,0,13,TRUE
2.05E+18,https://x.com/lianjuanl/status/2054957283042578445,Akankah kasus Nadiem mempengaruhi iklim investasi di negeri ini ? Wait and see..,Thu May 14 16:09:30 +0000 2026,0,0,0,0,2,FALSE
2.05E+18,https://x.com/anna_hasbie/status/2054957196786737615,"@tempodotco Gen ask, kasus nadiem ini, jkw ikut terlibat nggak ya?",Thu May 14 16:09:09 +0000 2026,0,1,0,0,36,TRUE
2.05E+18,https://x.com/akujelijelay/status/2054956553866985705,Cuma bisa ngandelin kebaikan Tuhan untuk kasus Nadiem Makarim. Ngandelin negara ini udah kayak berharap nemu laut yang g asin ??,Thu May 14 16:06:36 +0000 2026,0,0,0,0,52,FALSE
2.05E+18,https://x.com/akujimbon/status/2054956026877907240,@jeongssaem Sejak kapan kasus hukum di Konoha pake logika? Tom Lembong &amp; Nadiem kena kasus aja udah pertanda nggak main logikanya.,Thu May 14 16:04:30 +0000 2026,0,0,0,0,18,FALSE
2.05E+18,https://x.com/saifulteladan/status/2054955701592887417,"Kasus Nadiem tuh jadi bukti kalo hukum di negara konoha makin absurd. Even someone as powerful and wealthy as Nadiem aja bisa kena, apalagi generasi muda berikutnya yang mau masuk pemerintahan. Kadang jadi mikir, is it really about justice or just politics?",Thu May 14 16:03:13 +0000 2026,0,0,1,0,25,FALSE
2.05E+18,https://x.com/zulfazm_/status/2054955231516229889,"Duh pusing &amp; stres bgt liat berita apalagi soal kasus nya nadiem, astaghfirullah bgt takut bgt emg hukum adil cuma di akhirat aj nanti",Thu May 14 16:01:21 +0000 2026,0,0,0,0,617,TRUE
2.05E+18,https://x.com/sfascah/status/2054955160292700259,"@anvie Tuntutan paling pro max itu ga cuma ke Nadiem. Kalo kamu mau, cb cari2 kasus yg kenanya org miskin. Biasanya mereka kena tuntutan dan vonis promax. Mengapa? Kemungkinan, org2 ini menolak, ato tdk mampu melakukan suap. Yupz, APH itu jualan kasus.",Thu May 14 16:01:04 +0000 2026,0,0,0,0,28,FALSE
2.05E+18,https://x.com/olaffwibowo/status/2054953867713061190,"Mlihat kasus Nadiem, klo ada pejabat yg bicara apa yg kau perbuat bagi negara ketika m-kritik pem. ingin ku jawab ""TAIK""",Thu May 14 15:55:55 +0000 2026,0,0,0,0,869,TRUE
2.05E+18,https://x.com/intetsu002/status/2054953833567314079,Malam ini nangisin negara lagi gara-gara kasus Nadiem. Membayangkan seberapa ancurnya negara ini sekarang,Thu May 14 15:55:47 +0000 2026,0,0,0,0,9,TRUE
2.05E+18,https://x.com/Liliesroseh/status/2054953502938648927,kasus pak nadiem ini bukti tamparan keras kalau segi pendidikan kita di negara ini bener-bener direndahkan sampai dititik hina.,Thu May 14 15:54:28 +0000 2026,0,0,0,0,126,FALSE
2.05E+18,https://x.com/sloppydem0n/status/2054953444004540682,"Gw liat org yg romantisasi 02 tiba2 upload kasus nadiem. Jir stres tuh org, kan junjungan elo yg penjarain",Thu May 14 15:54:14 +0000 2026,0,1,0,0,32,FALSE
2.05E+18,https://x.com/DombaHitamManis/status/2054952796525621580,Kasus nadiem ini bnr2 menyayat hati,Thu May 14 15:51:40 +0000 2026,1,0,4,0,844,TRUE
2.05E+18,https://x.com/redaksikucom/status/2054952357923074534,Menarik bgt kasus nadiem ini,Thu May 14 15:49:55 +0000 2026,0,0,0,0,17,FALSE
2.05E+18,https://x.com/manesinamso/status/2054952074899829063,anjirrrr gua baru up lg ttg kasus pak nadiem ini soalnya gaje bgt dari kmrn dipaksain banget dan ujungnya bneran tetep kekeh buset otak monyet pun lebih pinter,Thu May 14 15:48:48 +0000 2026,0,0,0,0,17,FALSE
2.05E+18,https://x.com/pepenntiaw/status/2054951697676644725,Btw kasus pak Nadiem ini buat pengalihan fakta apa ya? Rupiah yg melemah aja? Atau apalagi ya? Saking banyak ulahnya... ????,Thu May 14 15:47:18 +0000 2026,0,0,0,0,31,FALSE
2.05E+18,https://x.com/ian_bastian1/status/2054951421221699613,beneran nangis ikutin kasus nadiem,Thu May 14 15:46:12 +0000 2026,1,0,0,0,18,FALSE
2.05E+18,https://x.com/Sacrvifice/status/2054951236374614442,"Kasus pak nadiem tuh bikin sedih. aku bukan supporter dia, tapi aku suka sama orang yang jawab pertanyaan pake data dan ga halu. Ini negara udah downfall nya parah banget",Thu May 14 15:45:28 +0000 2026,0,1,0,0,28,FALSE
2.05E+18,https://x.com/loosepowdery/status/2054950456875696196,"Gue lowkey punya mimpi jadi walikota atau gubernur lol (iye mimpi ketinggian) tapi ngikutin kasus Ibam dan Nadiem, gue kubur mimpi itu",Thu May 14 15:42:22 +0000 2026,0,0,0,0,14,FALSE
2.05E+18,https://x.com/oska_osk/status/2054950227661173123,@MiskinTV_ NUTUPIN KASUS NADIEM YANG DI PENJARA 18 TAUN GAESS??????,Thu May 14 15:41:28 +0000 2026,0,0,0,0,14,FALSE
2.05E+18,https://x.com/eiwaiwaiei/status/2054950092118118616,instead of watching gue cm berharap ada keadilan buat pak nadiem kaya kasus tom lembong (although some things made me less respect with him when he was still a minister),Thu May 14 15:40:55 +0000 2026,0,0,0,0,12,FALSE
2.05E+18,https://x.com/mudhiaahn/status/2054949970026115459,"@GMCsuburbanv8 @NephilaXmus IKN itu murni kebijakan Namun bisa bernasib sama pd kasus chromebook bila ternyata ditemukan adanya ""penunjukan langsung"" seperti Permendikbud yg dibuat Nadiem dan ada imbal balik kpd Jokowi / kroconya Itu penjelasannya",Thu May 14 15:40:26 +0000 2026,0,0,0,0,56,FALSE
2.05E+18,https://x.com/makanjeruk_/status/2054948774917931217,Gw yg 3 tahun kerja bareng pemerintahan cuma bisa ketawa aja liat si 'tim bayangan' ini. Mau jadi Jonan lu?  Status dibawah menteri tapi wewenangnya udah kek menteri aja mau tertibin umbi2 dan melon2 ?? kalo ada kasus kek gini mereka enak bs cuci tangan &amp; salahin nadiem.,Thu May 14 15:35:41 +0000 2026,0,0,1,0,73,FALSE
2.05E+18,https://x.com/friddday/status/2054946660636147932,semenjak kasus pak nadiem ini muncul keinginan untuk memperbaiki kualitas hidup agak menurun ngerasa kyk ga perlu jadi orang baik cukup bisa nurutin ego atasan dah aman p,Thu May 14 15:27:17 +0000 2026,0,0,0,0,39,FALSE
2.05E+18,https://x.com/matchataromilk/status/2054946317915623779,@MiskinTV_ Pengalihan issue kasus Pak Nadiem kah?,Thu May 14 15:25:55 +0000 2026,0,0,0,0,151,TRUE
2.05E+18,https://x.com/xyzreresluvv/status/2054946003799904586,"Gua ampe dah ga bisa ngeproses kasus Nadiem dan Ibam, kacau banget negara itu gakuat guaa",Thu May 14 15:24:41 +0000 2026,0,0,0,0,26,FALSE
2.05E+18,https://x.com/monyetjembuten/status/2054945937668341959,"palingan abis dr kasus nadiem ini, bentar lagi ada yg maen pahlawan pahlawanan. pura2 kaget aja",Thu May 14 15:24:25 +0000 2026,0,0,0,0,55,FALSE
2.05E+18,https://x.com/sosmedkeras/status/2054945919045661182,"Yudi nih awal gw kenal ga peduli politic terus malah pacaran sama gue yang RAWR ROARRRR WOUUUU NGUENG sama politik, terus tadi tiba tiba dia nanya Sayang, kasus nadiem makarim tuh gimana sih? TERUS GUE KAYAK????? ya allah dia akhirnya tumbuh. Bangga aku",Thu May 14 15:24:20 +0000 2026,36,6,292,3,31238,FALSE
2.05E+18,https://x.com/syairaniaja/status/2054944070087414069,Mei bisa satu-satu ngga yang dibahas: 1. Dollar 17.500 2. Kasus Nadiem 3. Cerdas cermat 4. IKN mangkrak,Thu May 14 15:16:59 +0000 2026,0,0,0,0,16,FALSE
2.05E+18,https://x.com/cheesyysushi/status/2054943734543057072,"@meutiafaradilla On the other side, Nadiem juga harusnya menolak. Tapi mungkin saja saat itu dia lagi semangat-semangatnya mau memperbaiki dari dalam.  Dengan segala kasus ini, talenta yang kompeten dan bersih mungkin akan memilih jauh-jauh dari pemerintah.",Thu May 14 15:15:39 +0000 2026,0,0,0,0,6630,TRUE
2.05E+18,https://x.com/maklooor/status/2054941517568163982,sumpah abis baca baca kasus pak nadiem bikin geleng geleng kepala dan istighfar terus :) jahat bgt gila orang orang berkuasa,Thu May 14 15:06:51 +0000 2026,0,0,0,0,21,FALSE
2.05E+18,https://x.com/WOLF_of_IHSG/status/2054940952368963777,#sepakat  Kita emang kebiasaan menghitam putihkan sesuatu. Padahal dalam kasus ini bukan perihal nadiem orang yang pinter dan kaya gak mungkin korupsi atau nadiem orang kaya yang eksplotatif ngapain kasian. Ini bukan cuma tentang nadiem.,Thu May 14 15:04:36 +0000 2026,0,1,7,0,1156,FALSE
2.05E+18,https://x.com/4wallsnet/status/2054939944523792571,"@vaneloody Bicara kasus korupsi yg disangkakan kepada Mas Nadiem dengan mensangkutpautkan jasanya melalui aplikasi GoJek adalah bias. Mau ada jasanya atau tidak, equality before the law tetap harus dipegang sampai hakim ketok palu putusan.",Thu May 14 15:00:36 +0000 2026,0,0,0,0,15,FALSE
2.05E+18,https://x.com/Insertlivettv/status/2054939797936828446,@BudiBukanIntel Entah apa yng dilakuin sama nadiem ini. Tpi mirisnya dri kasus court trialnya nadiem ini publik jdi tau klo bisa bgt oknum berkepentingan ini ngenain hukum ke orng ga brsalah. Damn,Thu May 14 15:00:01 +0000 2026,0,0,0,0,150,FALSE
2.05E+18,https://x.com/kaafkacino/status/2054939660594680054,biar kasus kayak nadiem makarim makin banyak,Thu May 14 14:59:28 +0000 2026,0,0,3,0,165,FALSE
2.05E+18,https://x.com/BorobudurNews_/status/2054938967511007657,"@syaputrira mana sempat, lagi asik mantau kasus pak nadiem",Thu May 14 14:56:43 +0000 2026,0,0,2,0,120,FALSE
2.05E+18,https://x.com/lulac_notlilac/status/2054938147906314424,@tempodotco Gaji hakim tembus 50an juta. Kira2 pengetahuan mereka jg upgrade gak ya? Jangan sampai mirip2 jaksa bloon kasus nadiem dan amsal yg gapaham apa yg dikerjain wkwk.,Thu May 14 14:53:28 +0000 2026,0,0,1,0,22,FALSE
2.05E+18,https://x.com/RZIDN/status/2054937760008724614,apakah kasus nadiem ini memang sudah direncanakan? https://t.co/KfzZnNGy9V,Thu May 14 14:51:55 +0000 2026,0,1,0,0,30,TRUE
2.05E+18,https://x.com/sunkitschu/status/2054937586112905357,"mls bgt liat wowo klo nanti tbtb ngasih hak prerogatifnya ke nadiem, kyk tomlembong kmrn. jd kyk ni kasus korupsi disetting dicari2 biar adaa trs nanti dia dtg like a hero yg memberikan keadilan ??.",Thu May 14 14:51:14 +0000 2026,0,0,0,0,25,FALSE
2.05E+18,https://x.com/girlwithcurse/status/2054937214933696637,eh sumpah kasus pak nadiem sedih bgt,Thu May 14 14:49:45 +0000 2026,0,0,0,0,31,FALSE
2.05E+18,https://x.com/mamad_kuncoro/status/2054937121623015644,sakit hati bngt liat kasus pak nadiem hukum negara ini beneran udh gabisa ketolong...,Thu May 14 14:49:23 +0000 2026,2,0,23,0,2370,TRUE
2.05E+18,https://x.com/pawxedo/status/2054937032900984931,"Kok bisa ya orang berkomentar kalo kita gak pantas naro simpati di kasus nadiem karena dia banyak uang, sebenarnya bukan masalah dia banyak uangnya tapi ke hasil tuntutan yang dia dapatkan, sedangkan di sisi lain ada program MBG gak ada yang berani audit aliran dananya :)",Thu May 14 14:49:02 +0000 2026,0,0,0,0,1833,TRUE
2.05E+18,https://x.com/cakeike/status/2054936768198345029,"I heavily criticized Nadiem Makarim waktu dia jadi Mendikbudristek, tapi kasus pengadaan ini sangat janggal, so be neutral everyone",Thu May 14 14:47:59 +0000 2026,0,1,0,0,117,FALSE
2.05E+18,https://x.com/ronwbsn/status/2054936747231080938,"Kek nya issue rk cuma buat pengalihan berita pesta babi, kasus nadiem makarim, sama korupsi bandung",Thu May 14 14:47:54 +0000 2026,0,0,0,0,28,TRUE
2.05E+18,https://x.com/Szmolnokite/status/2054936378807579046,"kalo sampe Prabowo besok pagi atau lusa siang pidato soal kasus Nadiem, menurut gua ini siklus simbolik yang dirawat sebaik mungkin. tindakan simbolik yang durkheim bilang bahwa seseorang pasti punya makna dalam setiap tindakannya yang artinya ada makna ingin jadi heriok disana-",Thu May 14 14:46:26 +0000 2026,0,0,4,0,1120,TRUE
2.05E+18,https://x.com/heru_atma/status/2054936305709306069,"Dari kasus Tom Lembong sama Nadiem Makarim ini kita liat kalo ""Merubah dari dalam"" itu full of shit krna yg pinter aja bisa dijebak kalo dh didalem, kalo gak nurut tinggal tumbalin kek ekor cicak. Kl didalem ngerasa aman ingatlah yg kejadian di mereka bisa kejadian di elu jg.",Thu May 14 14:46:08 +0000 2026,0,0,0,0,52,FALSE
2.05E+18,https://x.com/darlingwuz/status/2054935722004824427,sampai netizen malaysia juga udah resah lho dengan kasus nadiem ini Tom Lembong dulu dibebaskan oleh presiden. Kenapa sekarang Nadiem dibiarkan? prabowo kagak tergerak kah? https://t.co/NY59Ph7UHg,Thu May 14 14:43:49 +0000 2026,0,0,0,0,24,FALSE
2.05E+18,https://x.com/chowcomint/status/2054934372286120114,"Gue pribadi, sangat mengkritik keras pak Nadiem semasa beliau menjadi mendikbudristek, tapi sebagai Alumni Fakultas Hukum? Kalian mahasiswa hukum harusnya malu kalau kalian menolak mendalami kasus ini. Jangan cuman sibuk bikin ospek senioritas dan berlagak aktivis, tapi 0 kajian.",Thu May 14 14:38:27 +0000 2026,0,0,0,0,24,FALSE
2.05E+18,https://x.com/aquelaqila/status/2054934293911306371,Kasus nadiem efek dominonya besar banget loh. Akhirnya orang yg bener-bener punya kapasitas intelektual takut dan ogah buat terlibat dalam tata kelola pemerintahan Indonesia. Dampaknya pejabat kita ke depannya diisi sama orang-orang yg ga kompeten.,Thu May 14 14:38:09 +0000 2026,0,0,0,0,16,FALSE
2.05E+18,https://x.com/jaemlenyangz/status/2054933510784475475,"@RidhaIntifadha Ayolah bikin kalau sempat. Karena masih banyak yang bingung dengan kasus ini, termasuk saya. Selain itu, ada kaitannya dengan kasus Nadiem yang masih berjalan.",Thu May 14 14:35:02 +0000 2026,0,0,2,1,75,FALSE
2.05E+18,https://x.com/filsuftoilet/status/2054933204663177454,"@tempodotco Buat apa naik klo ga bisa bedain yg benar dan yg salah...?? Contoh aja noh kasus nadiem ga masuk logika bjir... Bukan iri wok, tapi itu duit dari pajak kami woy!!!",Thu May 14 14:33:49 +0000 2026,0,0,0,0,118,FALSE
2.05E+18,https://x.com/kopisusuracer/status/2054932769093099706,Komentar my mother melihat kasus nadiem https://t.co/5rtRMisxIy,Thu May 14 14:32:05 +0000 2026,0,0,0,0,82,FALSE
2.05E+18,https://x.com/justuserz/status/2054932386773860643,Tebak pengalihan isu kasus Nadiem atau IKN nih?,Thu May 14 14:30:34 +0000 2026,0,1,0,0,66,FALSE
2.05E+18,https://x.com/DioDjent/status/2054931837080985629,Gw gak yakin prabowo akan jadi pahlawan di kasus ini. Apes banget nadiem ni.  Emang kalau mau selamat di pemerintahan you either be along side the evil or not at all. You can not be less evil or evil good. Jilat sekalian atau tidak terlibat sama sekali.,Thu May 14 14:28:23 +0000 2026,0,0,0,0,33,FALSE
2.05E+18,https://x.com/LambeSahamjja/status/2054931691320586383,kira-kira pengalihan isu apa yang akan muncul setelah pemberitaan terkait kasus pak Nadiem ini semakin ramai diperbincangkan? cant wait ??,Thu May 14 14:27:48 +0000 2026,70,7,280,1,5032,FALSE
2.05E+18,https://x.com/filsuftoilet/status/2054931530481569978,@langitluruh kalau itu kasusnya nadiem Makarim kak kalau ini kasus team yg dulu direkrutnya,Thu May 14 14:27:10 +0000 2026,0,1,0,0,27,TRUE
2.05E+18,https://x.com/Txtdariiugm/status/2054931370074628193,"apkh nanti akan ada pahlawan kesiangan yang ""membantu""  pak nadiem dari kasus ini ???? lalu pengikut nya berkata ""yes kita menang lagi guys""",Thu May 14 14:26:32 +0000 2026,6602,247,18220,227,262388,FALSE
2.05E+18,https://x.com/eLAmaravati/status/2054931218303770854,Kasus nadiem menggambarkan bahwa kepastian hukum itu ga pasti,Thu May 14 14:25:55 +0000 2026,0,0,0,0,146,TRUE
2.05E+18,https://x.com/sendoksome44/status/2054930668883448294,Mau nutupin kasus apa lagi? Kasus pak Nadiem kah?,Thu May 14 14:23:44 +0000 2026,0,0,0,0,88,TRUE
2.05E+18,https://x.com/kachisuchi/status/2054928430840582192,Yg nyantol d otak bulan ini: 1. Pasutri bogor manfaatin (nipu?) Partner ampe 5jt. Entah apa modusnya 2. Pasutri jaktim yg jual bini modus fantasi dan ngemis onlen 3. Kasus nadiem 4. Pasutri jaktim yg problematik( entah beda ato sama ama yg point 2),Thu May 14 14:14:51 +0000 2026,0,2,3,0,147,FALSE
2.05E+18,https://x.com/ledekrepp/status/2054928295385567365,"POV jujur dari saya, kasus Chromebook Nadiem memang aneh, dan harusnya diungkap seadil mungkin. Namun menurut saya, efek destruktif dr kebijakan Nadiem thd pendidikan juga sangat besar.",Thu May 14 14:14:18 +0000 2026,0,0,2,0,1084,FALSE
2.05E+18,https://x.com/triiwidyan/status/2054927061719085111,"Boleh saja bela Nadiem tapi fokus pada kasus hukumnya dong, bela2 dia soal buka gojek, buka lapangan kerja, ini tolol sih. Emang dari keringat kang ojek dia gak dapat untung? Berapa persen potongan sdh hilang dari ingatan kah?  Bisnis ya bisnis, hukum ya hukum. Jgn dungu.",Thu May 14 14:09:24 +0000 2026,0,0,0,0,20,FALSE
2.05E+18,https://x.com/limaperseen/status/2054926779174023586,gue sedih bgt liat perkembangan kasus pak nadiem,Thu May 14 14:08:17 +0000 2026,0,1,0,0,25,FALSE
2.05E+18,https://x.com/obfliviate/status/2054926542850158816,kata gue Jaksa di kasus Nadiem diganti aja gmn?,Thu May 14 14:07:21 +0000 2026,0,0,0,0,19,FALSE
2.05E+18,https://x.com/adira_sst/status/2054926511996825918,Huhuhu ga ngerti kasus ini Soalnya ada 2 kubu Yg ga suka nadiem Dan yg support nadiem,Thu May 14 14:07:13 +0000 2026,0,0,0,0,20,FALSE
2.05E+18,https://x.com/endehendeh/status/2054926334246457524,@notmelati @redaksilain Soalnya engak merugikan negara atau pemerintah kalau dianggap merugikan pemerintah atau melukai lambung tabungan negara maka bisa dianggap melawan hukum seperti kasus pak nadiem ini,Thu May 14 14:06:31 +0000 2026,0,0,0,0,40,FALSE
2.05E+18,https://x.com/happyalways6_9/status/2054926264264445986,Pesanan buat nutupin kasus nadiem kah?,Thu May 14 14:06:14 +0000 2026,0,8,6,0,1646,FALSE
2.05E+18,https://x.com/overXhausted/status/2054924611809353788,kasus nadiem tuh paling gak lama juga muncul pahlawan kesiangannya,Thu May 14 13:59:40 +0000 2026,0,0,0,0,61,FALSE
2.05E+18,https://x.com/_Haris_Srg/status/2054924177489203673,"@txtdarigenz97 @welcome2batam padahal kasus pak nadiem 0 bukti, emang sakit si negara ini, ga waras",Thu May 14 13:57:57 +0000 2026,0,0,0,0,43,FALSE
2.05E+18,https://x.com/pluviluv/status/2054924170740617272,"Gila sih habis dituntut 18 tahun dalam kasus Chromebook, sekarang Pak Nadiem malah harus masuk meja operasi lagi. Dan ini bukan pertama kali, tapi operasi ke-5???? Kadang negara terlalu gampang bikin orang yang pernah mau kerja dan ngasih perubahan jadi tumbal keadaan. Udah dihantam opini, dikhianati hukum, sekarang badan pun ikut tumbang.  Semoga Pak Nadiem kuat lewatin semuanya, cepat pulih, dan tetap diberi jalan buat dapetin keadilan yang sebenar-benarnya. Sending our hearts, strength, and prayers for Pak Nadiem dan keluarga",Thu May 14 13:57:55 +0000 2026,0,0,0,0,13,FALSE
2.05E+18,https://x.com/txtdarigenz97/status/2054924099651334363,gw sedih ih liat kasus pak nadiem.. emang si pendidikan banyak rusak di zaman beliau.. tpi jasa beliau buat para pejuang rupiah tuh ada banget.. even buat mahasiswa lewat mbkm itu?????? sekarang mah mana kocak 19jt kancut,Thu May 14 13:57:38 +0000 2026,1,0,23,0,1492,TRUE
2.05E+18,https://x.com/airy_clairie14/status/2054923792976347366,"kalau kasus nadiem bisa di usut dan di penjarakan, okelah mari coba kita cari proyek apa saja yang udah ngabisin banyak uang tapi gak berjalan atau gak berguna ????",Thu May 14 13:56:25 +0000 2026,0,0,0,0,70,FALSE
2.05E+18,https://x.com/ainascnrrmt/status/2054922690306449491,"Jangan terlalu pinter nanti kaya Nadiem. Ini kasus absurd sih, angka yg dituntut patokannya kekayaan nadiem pas gojek IPO yg ga relevan karena itu kekayaan sementara, dan itu jadi DUGAAN kekayaan karena korupsi wtf. Dituntut 18 th penjara+uang pengganti 5,6 T, udah gila",Thu May 14 13:52:02 +0000 2026,0,0,9,0,1816,FALSE
2.05E+18,https://x.com/spntnuhuyyy/status/2054921651268325868,"@programmerpacil @ucokmainex @Gojo_Pranowo Kalo emang sangat jelas kriminalisasi, gua speakup, soal Tom Lembong dan Ira Puspadewi misalkan. Di kasus Nadiem, masih banyak hal yg memberatkan dia, meskipun gua tetap gak setuju kalo vonisnya sampe belasan tahun.",Thu May 14 13:47:54 +0000 2026,0,1,0,0,53,FALSE
2.05E+18,https://x.com/sfnssp/status/2054921397307363466,@vaneloody Makanya itu fokus utamanya harusnya pada kasus chromebook aja. Untuk permasalahan gojek itu seharusnya bukan jadi point utama. Karena yg di bahasa ada mentri nadiem bukan CEO gojek nadiem,Thu May 14 13:46:54 +0000 2026,0,0,0,0,102,TRUE
2.05E+18,https://x.com/liogtttscrp/status/2054921354273833015,"@dimzsky_ @ucokmainex @Gojo_Pranowo ya karena blm ada keanehan. dulu waktu awal2 nadiem &amp; ibam kena kasus, gw tau dan gw diem. kenapa? karena bisa jadi emang mereka korupsi. tp skrg udh nampak keanehan2nya, apa lu masih bisa diem doang hukum diginiin?",Thu May 14 13:46:44 +0000 2026,83,10,479,5,33069,FALSE
2.05E+18,https://x.com/nicorwobin/status/2054921124165951897,"Ngeliat Kasus Nadiem, ada potensi Jokowi diangkut sebelum rame pemilu nanti. Jegal Gibran ini gampang.",Thu May 14 13:45:49 +0000 2026,1,0,1,0,61,FALSE
2.05E+18,https://x.com/meutiafaradilla/status/2054920878765605007,@profesor_saham Semoga Hakim yang menangani kasus pak nadiem menangani secara objektif,Thu May 14 13:44:50 +0000 2026,1,2,12,0,572,TRUE
2.05E+18,https://x.com/diannyan_/status/2054920735806918706,"baru tuntutan, kalem aja, Diem. kemarin2 habis nongkrong sama salah satu orang yg ikut meriksa kasus dia ini dan si kawan ini bilang kalo Nadiem bisa bebas kok. tinggal nunggu vonis hakim aja nanti gimana. tapi dari yg udah2, walaupun dihukum tapi gak setinggi tuntutannya kok",Thu May 14 13:44:16 +0000 2026,0,0,0,0,53,FALSE
2.05E+18,https://x.com/Zaneer_/status/2054919523095208251,sedihhh bgt liat kasus pak nadiem????,Thu May 14 13:39:27 +0000 2026,0,0,0,0,87,FALSE
2.05E+18,https://x.com/terserahygbaca/status/2054918683403944061,"Aku pernah bahas kasus pak Nadiem Makarim. Jujur aku waktu itu pas baca beritanya kecewa sama beliau.  Dulu semasa beliau menjabat, aku juga jadi salah satu siswa yang kecewa sama kebijakannya. Tapi, proses hukum yang beliau terima sangatlah tidak adil.",Thu May 14 13:36:07 +0000 2026,9,1,166,1,7160,TRUE
2.05E+18,https://x.com/radar_malang/status/2054918458207588737,@taurosze Takut banget by berkaca dr kasus nadiem ????,Thu May 14 13:35:13 +0000 2026,0,0,2,0,136,FALSE
2.05E+18,https://x.com/programmerpacil/status/2054917994304991372,kasus nadiem ini bener bener nyayat hati banget anjir,Thu May 14 13:33:23 +0000 2026,0,1,0,0,82,TRUE
2.05E+18,https://x.com/ainouaiken/status/2054917531564220767,"Ternyata Istri Jaksa Penuntut Umum kasus Nadiem adalah seorang Jaksa jg. Jadi bertanya, Ini istri nya ada kasih masukan atau pandangan ngk sih? https://t.co/e7hGtSpX5o",Thu May 14 13:31:32 +0000 2026,0,0,0,0,12,FALSE
2.05E+18,https://x.com/HarissonDan/status/2054917134720069929,"udah di bikin kesel liat kasus nadiem,liat orang sengak yg ngedit AI yoongi eh si anjing malah bikin tambah kesel,monyet bgt dah ah asuuuuuuu",Thu May 14 13:29:58 +0000 2026,0,0,0,0,98,FALSE
2.05E+18,https://x.com/bubbobnut/status/2054916584314220762,"@VeritasArdentur Iya saya paham Maksud saya kasus Tom lembong bisa rame karena dia bisa memakai momentum pilpres dengan merapat ke 01, Hasto juga ketolong lobi"" dari Ibu Banteng, nah kalau Nadiem ini bakalan dapet backing dari mana",Thu May 14 13:27:46 +0000 2026,0,0,0,0,31,FALSE
2.05E+18,https://x.com/thinklogic34491/status/2054915189070585978,@angungyuliml @KapudS640 Beda Kasus nadiem ini sangat terlihat pesenan. Bahkan banyak pebisnis yang ngomongnya kayaknya banyak orang konglo/petinggimu ga suka dia yang revolusioner dan ngerasa kalah,Thu May 14 13:22:14 +0000 2026,0,1,1,0,1140,TRUE
2.05E+18,https://x.com/beritadustin/status/2054914716418683006,"?? government. Liat kekacauan peradilan di kasus Nadiem beneran gedeg. Itu atasannya dulu sekalipun g pernah disuruh dtg, g boleh dibahas. G msk akal bgt soalnya proyek laptop itu rame bgt dulu dan bkn proyek kecil2an. G mungkin atasannya g tau ??",Thu May 14 13:20:21 +0000 2026,0,0,0,0,75,FALSE
2.05E+18,https://x.com/NaaaaBlue/status/2054914571148915068,"@Ryan_Ramirez Paling tinggi kerugian negara di kasus nadiem 5,2 triliun,  meski ada yang berpendapat sekitar 2 trliunan",Thu May 14 13:19:46 +0000 2026,0,1,0,0,64,FALSE
2.05E+18,https://x.com/inikataerlin/status/2054912564837208517,"@kami_kissah Stlh lihat kasus nadiem, lbh baik jangan, gpp abisin karir di korea jadi jembatan penerus2nya carmen",Thu May 14 13:11:48 +0000 2026,0,0,1,0,24,FALSE
2.05E+18,https://x.com/Hidupsebagai62/status/2054912302324035983,"@choiungaaa @redaksilain Banyak, cumakan banyak pejabat yg gak jujur kaya kasus Nadiem dan tom Lembong. Makanya mereka lepas",Thu May 14 13:10:45 +0000 2026,0,0,3,0,472,FALSE
2.05E+18,https://x.com/Awalanur/status/2054912297240350940,"Satu hal yg bisa gw syukuri di kondisi negara chaos ini : gak kerja di bidang hukum, perpajakan, dan di pemerintahan. Gak kerja di sppg juga wkwkwkw. Karna itu semua tidak sesuai sama nilai² yg gw pegang. Gw sih malu klo gw kerja di hukum trs lg ada kasus kyk Nadiem Makarim gini",Thu May 14 13:10:44 +0000 2026,0,0,0,0,679,TRUE
2.05E+18,https://x.com/Parlecoid/status/2054911918528450827,@lyndaibrahim Sepakat. Kita bisa kok berpihak pada Nadiem dalam kasus korupsi tanpa menihilkan dampak buruk apa selama dia di gojek &amp; kemdikbud.,Thu May 14 13:09:14 +0000 2026,0,0,0,0,57,FALSE
2.05E+18,https://x.com/Toleee19/status/2054911121895866378,"jujur ngeliat kasus pak nadiem sedih banget, beliau benar"" jadi sosok yang bikin kita percaya masih ada pemimpin yang baik di negeri ini",Thu May 14 13:06:04 +0000 2026,0,3,1,0,2770,TRUE
2.05E+18,https://x.com/ribboncape/status/2054910231214440944,"Kasus Nadiem: Bukti Kejahatan ? Tuntutan Hukuman Barbar ? Kasus Penggundulan Hutan Sumatera Bukti Kejahatan ? (Terang Benderang, Bencana Alam Dahsyat, Negara Rugi Besar) Tuntutan Hukuman ? (dikaji serius aja kagak, boro cari dalang mafianya) Ini ancaman nyata Demokrasi!",Thu May 14 13:02:32 +0000 2026,0,0,0,0,384,TRUE
2.05E+18,https://x.com/Rujakkks262598/status/2054909961474601214,"Dari kasus Nadiem, sebagai auditor investigasi junior, dari ilmu abal2 gue, mungkin gak akan secepat itu untuk di posisi mana gue berpihak Satu hal yang bakal gua cari tau dulu: 1. Bagaimana aturan negara, lembaga/institusi internal mengatur pengadaan barang jasa?",Thu May 14 13:01:27 +0000 2026,0,0,0,0,6,FALSE
2.05E+18,https://x.com/indepenSumatera/status/2054909783048958211,"Kan dari kemaren juga gw bahas ini kasus ibam sama nadiem adalah kasus kriminalisasi, dicari cari salahnya biar salah dimata hukum Emang gaboleh bahas dua hal dalam bersamaan? Lu siapa kontol?",Thu May 14 13:00:45 +0000 2026,1,0,5,0,2482,TRUE
2.05E+18,https://x.com/besli18/status/2054908970398359560,"Kalo ga dikasi abolisi atau amnesty, bakalan jadi liar, gw rasa pemerintah kudu lakuin hal yang sama kaya tom lembong dalam kasus nadiem Ini jaksa2 lagi pada lomba gede2an kasus buat fulfill kpi sepertinya",Thu May 14 12:57:31 +0000 2026,0,7,0,0,99,FALSE
2.05E+18,https://x.com/mugiwara321972/status/2054908949141569637,"bebasin nadiem ya allah, tuntasin kasus munir ya allah, SEHATKAN INDONESIA PERBUKA MATA PARA TONE DEAF DAN SEMUA ORG INDO YG KEPARAT diberikan hidayah ?? aamiin",Thu May 14 12:57:26 +0000 2026,0,1,10,0,858,TRUE
2.05E+18,https://x.com/ip_1231/status/2054908619133743395,"Kasus nadiem udah sampe Reuterss?? By Reuters?! Q1 berita fund manager yg nyambung ke bloomberg terminal?!nyenggol investasi google?! duhh silahkan fund manager kabur, dollar ke 18.000 bln Agustus. Tiap malem selalu bahas what if harga dollar naik, kita makan apa.. Bgsttt https://t.co/kv43SrzrLN",Thu May 14 12:56:07 +0000 2026,0,0,0,0,1399,TRUE
2.05E+18,https://x.com/shoonshines/status/2054908444160020951,"@LambeSahamjja It depends. Banyak kok yg masuk politik biar kaya. Bahkan kaya banget, dari yg tadinya hidup sederhana atau biasa aja. Tapi yg jadi pelajaran dr kasus nadiem skrg. Kalo udah kaya sbg pengusaha, better jangan masuk politik. Mengabdilah sbg sipil biasa. Negara ini tdk baik2 saja.",Thu May 14 12:55:26 +0000 2026,0,1,0,0,32,FALSE
2.05E+18,https://x.com/tryitwithmi_/status/2054908428892696704,@Benidictivity kasus nadiem udah puncaknya banget. mau ngomong kasar bgt tp ditahan2. baru kali ini gue muak banget sama pemerintahan walau dr dulu ga pernah suka.,Thu May 14 12:55:22 +0000 2026,19,0,73,0,3782,TRUE
2.05E+18,https://x.com/hellotresure/status/2054907833448288751,"@MrB437763758694 @itsurboihyl @nononomo777789 Kan ini kasus berawal kesalahan fatal nan bodoh Nadiem. Knp dia gak mau seret Jurist Tan, atau chat awal soal bagi bagi project sebelum jadi menteri. Stand gw soal koruptor jelas: digantung semua pejabrut koruptor di monas termasuk mul fams",Thu May 14 12:53:00 +0000 2026,0,0,0,0,16,FALSE
2.05E+18,https://x.com/cikojrco/status/2054907393767866525,I have so many shit about the government that i cant even talk about online. Tapi kasus pak nadiem ini bener bener ????,Thu May 14 12:51:15 +0000 2026,0,1,0,0,26,FALSE
2.05E+18,https://x.com/wahyubaw/status/2054907036958396687,"Kalo lu nyorakin Nadiem/Ibam ditangkep karena personal vendetta atau alasan lain diluar kasus ini (pendiri ojol, bagian dr Govtec, etc), maka lu tidak berhak protes atas kasus Delpedro dll. Karena semuanya sama2 janggal. Kecuali Anda adalah hipokrit ??",Thu May 14 12:49:50 +0000 2026,0,0,0,0,53,FALSE
2.05E+18,https://x.com/jambret_ikan/status/2054905531773644856,Ga usahlah Jurist Tan..wong ngadepi Nistra Yohan atau Silvester  aja @KejaksaanRI ga berani ngapa-ngapain.. Kasus Chromebook hanya akan brenti Nadiem. Ga akan merembet lebih jauh lagi.,Thu May 14 12:43:51 +0000 2026,0,1,0,0,29,FALSE
2.05E+18,https://x.com/BudiBukanIntel/status/2054903461477859741,"@Catatan_ali7 Tom lembong,keliatan bgt kriminaliasiny, selain kasusny udh lama,dy pihak oposisi yg lately nyerang penguasa wkt itu aka jokowi,jd kelihatn bgt tujuan kill the messegerny. Hasto, dy org dekat mega. Nadiem, kasusny 50:50 sih,lbh ke memanfaatkn kasus nadiem buat pencitraan lembaga.",Thu May 14 12:35:38 +0000 2026,12,7,94,1,4065,FALSE
2.05E+18,https://x.com/Bweelys/status/2054903430146396640,"@Jelli_cent kasus Nadiem sejak awal juga banyak kejanggalan. yg mengatakan 'Tidak ada visi &amp; misi menteri, yang ada visi &amp; misi presiden' tapi tak pernah diperiksa. Para karyawan,mitra,partner @gojekindonesia apakah kalian akan diam saja melihat Founder kalian diAniaya ?? https://t.co/SlB4VTpuMr",Thu May 14 12:35:30 +0000 2026,0,1,0,0,12,FALSE
2.05E+18,https://x.com/athalarieq/status/2054903425926930797,"Sumpah merinding banget kasus Nadiem Makarim, bukan karena horror, tapi potrait nyata kelas atas yg dzolim ke orang jujur dan berkontribusi baik ke negara. Terlalu nyata buat dirasakan. ??????",Thu May 14 12:35:29 +0000 2026,0,0,0,0,62,FALSE
2.05E+18,https://x.com/RidNgemil/status/2054903387708399638,"@BudiBukanIntel Gue mempertanyakan hal yg sama untuk kasus Nadiem: ""Apakah beliau dipaksa/masuk ke sebuah sistem yg terdesain"" untuk mencari profit? kalau iya, oleh siapa?"" https://t.co/suvWPlqbTp",Thu May 14 12:35:20 +0000 2026,0,1,58,0,5507,TRUE
2.05E+18,https://x.com/jhonjoseph_ina/status/2054903069029367990,perasaan kemaren pada ribut soal kasus korupsi chromebook ud gitu muncul kubu macam techbro v guru stem v humaniora eh sekarang ud pada bela koruptor aja nih ini yg bela koruptor dari techbro atau guru nih ???? hmm disini diliat lebih bela nadiem nya sih,Thu May 14 12:34:04 +0000 2026,0,0,0,0,255,TRUE
2.05E+18,https://x.com/bunnyandtea/status/2054902650240635178,"Kejaksaan Agung menetapkan mantan Menteri Pendidikan, Kebudayaan, Riset, dan Teknologi, Nadiem Anwar Makarim, menjadi tersangka kasus dugaan korupsi pengadaan laptop Chromebook di Kementerian Pendidikan periode 2019-2022, pada Kamis ini, 4 September 2024.  #Chromebook #Nadiem",Thu May 14 12:32:24 +0000 2026,0,1,2,0,82,FALSE
2.05E+18,https://x.com/hazmifachry/status/2054902173105050090,@virdianaurellio @PaltiHutabarat Kawal terus kasus pak Nadiem yg Ter dzolimi !! kita doakan semoga beliau sabar dan tawakal dlm menghadapi  musibah kemanusiaan ini ?? aamiin yra.?????????,Thu May 14 12:30:30 +0000 2026,0,1,0,0,124,FALSE
2.05E+18,https://x.com/ngopidisorehari/status/2054902142507630842,kasus nadiem dan ibam emang tujuannya biar teknokrat/orang dengan keahlian ga masuk kedalam sistem. memang diprogram biar ga masuk kesana wkwk,Thu May 14 12:30:23 +0000 2026,0,0,1,0,77,FALSE
2.05E+18,https://x.com/Ibrahim_ah14/status/2054901412547772545,"BANGSAT KALO SAMPE DI KASUS NADIEM  ADA MAIN PAHLAWAN PAHLAWANAN LAGI KAYA PAS TOM LEMBONG, ANJING SIH TU ORANG",Thu May 14 12:27:29 +0000 2026,1,2,1,0,116,FALSE
2.05E+18,https://x.com/fsaidhamzah/status/2054900272401616915,"Sebencinya gue sama kurikulum merdeka, tapi tak bisa gue pungkiri kalo kasus nadiem ini tuntutannya keterlaluan. Padahal ini semua merujuk ke pria solo, tapi kenapa dia ga ditangkap juga? Kasusnya tom dan nadiem ini bikin gw makin khawatir sama keadilan di sini",Thu May 14 12:22:57 +0000 2026,4,1,7,0,218,TRUE
2.05E+18,https://x.com/glosscier/status/2054900248288649315,"Dulu apa yang bikin pak nadiem makarim tergiur masuk pemerintahan ya ??padahal kan dia udah  ceo gojek, sekarang beliau kena kasus pengadaan Chromebook. https://t.co/SLydtATILF",Thu May 14 12:22:52 +0000 2026,0,0,1,0,60,FALSE
2.05E+18,https://x.com/vineyardslv/status/2054900104629555622,"@WKetandam21274 @kompascom Emang botol, ga ada yg cerdas.. klo cerdas pada belaain si Nadiem dr kasus CromeBook. Trus keciprat deh esemkah dan 11000T.. ini krn kebanyakan diimingi janji2 manis, makanya keras hati.. denger ogah, bloon paling utama. Ye kan?",Thu May 14 12:22:17 +0000 2026,1,0,3,0,515,TRUE
2.05E+18,https://x.com/KompasTV/status/2054899772746818019,"Karena kasus nadiem, aku jadi mikir berulang kali mau daftar cpns nanti. Takut banget kita udah tulus mengabdi pada negara tapi ujung²nya malah diginiin??????",Thu May 14 12:20:58 +0000 2026,1,3,3,0,929,FALSE
2.05E+18,https://x.com/FRPrayogo/status/2054899680723755340,"Lu pada sadar nggak sih, kasus Nadiem ini cuma buat pengalihan isu IKN? Makanya vonis Nadiem dibuat gak masuk akal biar semua orang lupa klo IKN itu rugi besar! ?? https://t.co/WTAVU9ug7E",Thu May 14 12:20:36 +0000 2026,0,0,0,0,35,FALSE
2.05E+18,https://x.com/IbuRena/status/2054898794333102087,"tumben wowok belum muncul jadi pahlawan di kasus nadiem ini, biasanya dia hobi bat jadi pahlawan loh ya",Thu May 14 12:17:05 +0000 2026,0,1,0,0,85,TRUE
2.05E+18,https://x.com/alvinxal/status/2054898562610397436,"Gua udh hopeless bgt sama Indo meanwhile Pak Nadiem masih bisa bilang jangan putus asa, sedangkan kasus yg 271t.....",Thu May 14 12:16:10 +0000 2026,0,1,0,0,81,FALSE
2.05E+18,https://x.com/thvkimgf_/status/2054898235358224513,"Memperdebatkan Nadiem bersalah atau gak, tuntutan jaksa 18 tahun proporsional atau gak, sebenarnya cuma buang-buang waktu. Kasusnya udah memicu perdebatan panas di masyarakat, dan 90% gua yakin Prabowo dan Dasco bakal menganulir kasus ini.",Thu May 14 12:14:52 +0000 2026,0,0,0,0,16,FALSE
2.05E+18,https://x.com/SparkleTinkBell/status/2054897811137925312,"@jeongssaem Nadiem ama tom tuh kasusnya krn ada yg lapor atau penegak hukum nemuin kasus sih?? Kalo ad yg lapor, waktunya rakyat tampil utk lapor. Kalo nggak, wahduhh sulittt perkarain yg ini",Thu May 14 12:13:10 +0000 2026,0,0,0,0,24,FALSE
2.05E+18,https://x.com/riorpl/status/2054897553041396212,Centang biru mulai pada menjelaskan kasus nadiem,Thu May 14 12:12:09 +0000 2026,0,0,0,0,76,FALSE
2.05E+18,https://x.com/cinnamonboy22/status/2054897164376305683,Ferry Irwandi Semprot Kasus Nadiem Makarim: Benar-Benar Gak Masuk Akal https://t.co/LhXa9S6NsJ,Thu May 14 12:10:36 +0000 2026,0,0,1,0,130,FALSE
2.05E+18,https://x.com/dvl202520/status/2054897121275592999,Posting kasus Nadiem  Eh dicolek sm sepupu suruh hapus Ihhh suka-suka lah posting status Klo gak suka ya jangan dilihat,Thu May 14 12:10:26 +0000 2026,0,0,0,0,19,TRUE
2.05E+18,https://x.com/adamfanug/status/2054896623566946427,"Darderdor bnget, dri bangun tidur tdi buka x isinya kekacauan dunia.. Mulai dari kasus Pak Nadiem?? smpe ke kasus suami wjmild.. Serem bnget dah manusia tuh, yang jahat kelewat jahat yang baik kelewat baik.. Kuat2 yaa org baikk klian tidak sndiri, mari melawan!",Thu May 14 12:08:27 +0000 2026,0,0,1,0,23,FALSE
2.05E+18,https://x.com/digiedawh/status/2054896591073665252,"Ngeliat kasus nadiem ini ya, ya gue tau sih seproblematik apa gojek sekarang, tapi gue forever thankful sama bikinannya itu, gue sering sakit pas tinggal sendirian, dan yg bantuin gue itu abang gojek, literalli beliin obat, anterin ke RS, atau anterin makanan anget jam berapapun.",Thu May 14 12:08:20 +0000 2026,0,0,1,0,23,FALSE
2.05E+18,https://x.com/athalarieq/status/2054896392632713644,"@Hnirankara @Hnirankara  3 MANUSIA DLM KASUS KORUPSI YG BERBEDA : 1 TOM LEMBONG 2 NADIEM MAKARIM 3 YAQUT C MUQODAS SDH MENYEBUT JAWABAN YG SAMA. TERNYATA : ZOKODOK        "" TETAP AMAN "" DARI : TALI JERATAN HUKUM.                     ??               1 , 2 , 3 , 4 https://t.co/DszpSDiMfq",Thu May 14 12:07:32 +0000 2026,0,0,0,0,72,FALSE
2.05E+18,https://x.com/pahleview/status/2054896232628375584,suudzon di kasus nadiem ini jadi ajang pahlawan pahlawanan lagi sama idolnya buna,Thu May 14 12:06:54 +0000 2026,0,0,0,0,19,FALSE
2.05E+18,https://x.com/NeonBullet79/status/2054896004739256486,"read a few overviews &amp; details tentang kasus ini. to be fair, i actually wouldnt say hes not guilty tapi belum jga bisa dibilang koruptor (which is obvious) but still, tuntutan 18 years is crazy. kita udh dengar dari jaksa, nanti kita dengar dari sisi nadiem di sidang pledoinya",Thu May 14 12:06:00 +0000 2026,0,1,0,0,77,TRUE
2.05E+18,https://x.com/dimzsky_/status/2054895968936747505,dari kasus Nadiem Karim aku belajar kalo lu org pinter tp tinggal di indo? siap2 jd kambing hitam??,Thu May 14 12:05:51 +0000 2026,0,0,0,0,52,FALSE
2.05E+18,https://x.com/fiantafs/status/2054895394736509188,"Jika melihat kontruksi hukum yg digunakan di kasus Ibam, Nadiem dan Lembong, sudah cukup alasan bagi KPK dan kejaksaan untuk menetapkan beberapa pengadaan di proyek MBG, Koperasi Merah Putih dan Sekolah Garuda sebagai tindakan pidana korupsi  Kalau mrk konsisten tdk tebang pilih",Thu May 14 12:03:34 +0000 2026,0,0,22,0,2240,TRUE
2.05E+18,https://x.com/Suckerzpunch/status/2054895329439592534,Melihat kasus pak nadiem makarim gue jdi mikir mungkin kalau gue pinter kayak blio jd takut mengabdi ke negara sendiri,Thu May 14 12:03:19 +0000 2026,0,0,0,0,99,FALSE
2.05E+18,https://x.com/fajaronline/status/2054894865104691237,"Kasus pak Tom Lembong aja udah bikin stress dan keulang lagi ya di pak Nadiem. Kata beliau, Indonesia masih ada harapan, jangan putus asa. tapi gimana ya kalo gini terus.",Thu May 14 12:01:28 +0000 2026,0,0,0,0,95,FALSE
2.05E+18,https://x.com/novimardiana/status/2054894741943353724,"Ngga begitu ngikutin kasus chromebook ini tapi masalah paling besar di Indonesia itu hukum cuma dijadikan alat kriminalisasi org2 tertentu aja. Kalau Nadiem bisa dituntut hukuman korupsi paling berat, MBG &amp; IKN mestinya dibawa ke pengadilan juga. That way, it's all fair &amp; square.",Thu May 14 12:00:59 +0000 2026,0,0,0,0,14,FALSE
2.05E+18,https://x.com/clarisatayu/status/2054894730664878129,"Semua orang merasa benar dgn argumen dan bukti yang mereka yakini terhadap kasus Nadiem. Nanti ketika ada efek domino dari kasus ini,secara langsung ataupun tidak langsung,semua juga akan membela diri masing2. Beginilah nasib rakyat,utk kasus korupsi aja mereka bisa dipecah belah",Thu May 14 12:00:56 +0000 2026,0,0,0,0,101,FALSE
2.05E+18,https://x.com/wafiq_fiqq/status/2054894570954215640,Kasus nadiem tuh paling ga masuk akal,Thu May 14 12:00:18 +0000 2026,0,0,0,0,161,FALSE
2.05E+18,https://x.com/AoMidori05/status/2054893881712611440,@txtdaritaxpayer Ga bakal muncul soalnya udah ada RUU Perampasan aset siapapun yang udah ngerugiin negara. Nadiem udah rugiin negara 2.1 T kasus mal-administrasi. Bahaya kalo punya Presiden ngampuni Teknokrat yang udah ngerugiin negara.,Thu May 14 11:57:34 +0000 2026,0,1,2,0,71,FALSE
2.05E+18,https://x.com/AntonRebor79105/status/2054893409341768110,"@Hnirankara True. Tapi walaupun nadiem pas jadi menteri terkesan naif dan abai, tapi jaksa kali ini juga lebai, krn kesannya kasus nadiem dijadikan pencitraan lembaganya.",Thu May 14 11:55:41 +0000 2026,0,1,0,0,91,TRUE
2.05E+18,https://x.com/sarcaestik/status/2054893043560702124,"Sebetulnya sudah dari lama, dan itu turun temurun soal sistem ini, dan makin gilanya,  sekarang udah kesebar mana2 Dengan kasus nadiem, emang baiknya memperbaiki negara. Tapi ini sudah rotten to the core, bahkan KTP aja minta2 uang di tengah proses. Jadi mau nggak mau selfish.",Thu May 14 11:54:14 +0000 2026,0,0,0,0,48,FALSE
2.05E+18,https://x.com/writingbyme/status/2054892294474793368,"TL dari akun @bingungtrs_ @liogtttscrp meyakinkan kita bhw pembelaan2 kpd Nadiem sejak kasus ini mencuat ke publik, memang ada dirigen &amp; bohirnya yg mengorkestrasi buzzer² &amp; pastinya tidak gratis. kita jadi yakin semua tuduhan &amp; tuntutan @KejaksaanRI patut diduga ada benarnya.?? https://t.co/HF4moAPPq8",Thu May 14 11:51:15 +0000 2026,0,0,0,0,26,FALSE
2.05E+18,https://x.com/gerythecats66/status/2054891833034154404,@tempodotco Sebenarnya gue bingung sama kasus pak Nadiem ini cuma yg paling gue bingung kan kenapa si Jokowi kagak di proses hukum juga?,Thu May 14 11:49:25 +0000 2026,0,0,0,0,61,FALSE
2.05E+18,https://x.com/celamentine/status/2054891430641111395,Gila bgt kasus Nadiem jirs negara ini isinya preman semua apa gmn si demen bener ngerampas hak orang,Thu May 14 11:47:49 +0000 2026,0,0,0,0,61,FALSE
2.05E+18,https://x.com/schrodinger818/status/2054890817370939503,"@esdeathxz Terlepas dari kasus hukumnya, Nadiem sendiri emang doyan kok jadi menteri, belum dilantik aja udah koordinasi sana sini.",Thu May 14 11:45:23 +0000 2026,0,0,0,0,25,FALSE
2.05E+18,https://x.com/imowut/status/2054889444088721832,"Apalagi udh banyak kasus yang cuma nyari2 kesalahan dan akibat aph ini gk bisa bgt ngeliat kerugian keuangan negara atau kerugian negara. Sama hukum segi publik/privat aja rasaku masih campur aduk dianggapnya. Kasus tom lembong, nadiem, sritex dan beberapa kasus lain hampir sama",Thu May 14 11:39:56 +0000 2026,0,0,0,0,14,FALSE
2.05E+18,https://x.com/TutySusanti/status/2054889412291666021,Kasus nadiem nih bikin gen z jdi tambah males kontribusi ke negara.  Dari kasus2 lain pun bisa dilihat pemerintah dan sebagian besar rakyat Indo nih benci well educated figure ya.,Thu May 14 11:39:48 +0000 2026,0,0,0,0,43,TRUE
2.05E+18,https://x.com/criticast_/status/2054888611322188216,"Btw yg kasus nadiem itu masih tuntutan dari jaksa ya gais, putusannya belum. Kita tungguin aja gimana hakimnya ngasih putusan apa ke nadiem  Dan driver gojek yg 001 itu selaluuu ada setiap sidang, gue pernah barengan sidangnya sama kasus nadiem dan beliau ada terus",Thu May 14 11:36:37 +0000 2026,0,0,0,0,37,TRUE
2.05E+18,https://x.com/RequiemKnight_/status/2054888045875515802,"@BudiBukanIntel ini nadiem di tuduh bikin kerugian berapa dan ganti rugi berapa? coba kasus kasus koruptor yg lain tolong di re surface juga dong mereka pada korupsi/kkn berapa dan ganti rugi serta hukumannya berapa. kalau yg nadiem ini yg paling berat, mayan",Thu May 14 11:34:22 +0000 2026,0,0,1,0,29,TRUE
2.05E+18,https://x.com/Shinobi_Meonk/status/2054887677292626231,"kasus mas Nadiem ini bisa jadi pembelajaran buat kita dan generasi penerus lainya. terkadang kita berpikir gini ""coba aja elu dulu ga masuk ke ranah pemerintahan, fokus urus start up elu biar semakin berkembang, pasti start up elu valuasinya akan sangat gede dan semua sejahtera, dari elu, staf staf elu, mitra pengemudi elu, mitra resto elu, mitra umkm elu."" tapi woi ini semua udah kejadian. kita ambil hikmahnya buat generasi selanjutnya kalo punya karya dan itu karya menarik perhatian banyak orang, tolong tetap fokus pada karya elu. jangan mau jika mendadak diiming imingi jabatan di pemerintahan, karena mreka cuma pengen nama besar yang elu rintis. ujung ujungnya apa? ya kalian bakal dijadiin tameng politik, kaya si mas Nadiem ini, saya yakin dia cm jadi tameng politik.",Thu May 14 11:32:54 +0000 2026,0,2,4,0,280,FALSE
2.05E+18,https://x.com/temanduit/status/2054887632212197723,"@lyndaibrahim @RZIDN Sepakat, Mbak. Jadi ada 2 isu dalam kasus Nadiem.",Thu May 14 11:32:44 +0000 2026,0,0,0,0,37,FALSE
2.05E+18,https://x.com/creeping5ilence/status/2054886524924391815,Kalau dilihat kasus nadiem ini definisi politik bukan ya? Kawan bisa jadi lawan lawan pun bisa jadi kawan? Ya allah seremnyoo,Thu May 14 11:28:20 +0000 2026,9,1,16,0,974,FALSE
2.05E+18,https://x.com/dwsxcutest/status/2054886020311908700,"lmao hukum di indonesia udh bener2 gajelas, koruptor ratusan triliun aja susah bgt dikasih putusan dan akhir putusan cuma dipenjara 5-10 tahun, giliran kasus Tom Lembong, Nadiem, gampang dah tuh putusan lgsg keluar dan durasi penjara ga masuk akal",Thu May 14 11:26:19 +0000 2026,0,0,1,0,149,TRUE
2.05E+18,https://x.com/weasly__/status/2054885713620173189,orang kek nadiem sama ibam dgn mudahnya dikambinghitamkan meanwhile kepala BGN yg jelas2 banyak kasus janggal utk MBG enggak ditanyain apa2? Naudzubillahimindzalik rezim ini Ya Allah ??,Thu May 14 11:25:06 +0000 2026,0,0,0,0,22,FALSE
2.05E+18,https://x.com/Agustinapratina/status/2054885471285850231,"Kasus nadiem nih jadi pelajaran juga ya. Awal kasus aku jujur terbawa suasana acak kadul dunia pendidikan mulai dri kurikulum merdeka, ptnbh dsb menganggap he deserves it. Setelah liat kasusnya jika ngga ada aliran dana masuk ke dia, gw pikir wah gila memang dunia ini.",Thu May 14 11:24:08 +0000 2026,0,0,0,0,75,FALSE
2.05E+18,https://x.com/NurcahyadiNurc1/status/2054885180993851688,"Melihat kasus Nadiem Makarik &amp; Tom Lembong, gue cuma mau bilang: Hati-hati buat siapa pun yang bantu MBG. Rezim bisa ganti, narasi bisa dibalik, lalu kalian yg dikriminalisasi. Dunia memang sementara, tapi rezim jauh lebih sementara.",Thu May 14 11:22:59 +0000 2026,0,0,0,0,13,TRUE
2.05E+18,https://x.com/wonubitterie/status/2054885063540793834,Dari kasus nadiem dan ibam ini yang paling diuntungkan JT anjir wkwkw,Thu May 14 11:22:31 +0000 2026,0,0,0,0,32,TRUE
2.05E+18,https://x.com/eunsoooklee/status/2054884585948016980,"YA TUHANNN gue bener2 speechless sama kasus pak nadiem. Gue bener2 berharap YANG TERBURUK, YES. THE FCKIN WORST for this government",Thu May 14 11:20:37 +0000 2026,0,0,0,0,54,FALSE
2.05E+18,https://x.com/sidecharaari/status/2054884101375803655,"Faak, sedino an iki ndelok kasus e Pak Nadiem kok melok sedih yo rasane",Thu May 14 11:18:42 +0000 2026,0,1,3,0,39597,TRUE
2.05E+18,https://x.com/pijat_otak/status/2054884089132699773,"sedih dan miris bgt liat kasus nadiem, tpi lebih miris lagi disaat tau kebenaran tpi ga bisa berbuat apa2",Thu May 14 11:18:39 +0000 2026,0,0,0,0,1131,TRUE
2.05E+18,https://x.com/ilung_donjuan/status/2054883239723241711,Sedih banget liat kasus pak Nadiem Makarim ?? tumben banget aku nangis liat kasus seperti ini saking parahnya hukum diindonesia ?? semoga pak Nadiem segara dapat keadilan ??,Thu May 14 11:15:16 +0000 2026,0,1,0,0,21,FALSE
2.05E+18,https://x.com/pastacraving/status/2054882734942941201,"@Catatan_ali7 itunya dikesampingkan dulu, fokus ke keadilan aja. Nadiem memang bermasalah soal kinerja, tapi dia ngga layak dihabisi di peradilan untuk kasus yang ngga ada bukti apa-apa.",Thu May 14 11:13:16 +0000 2026,0,0,0,0,27,FALSE
2.05E+18,https://x.com/nnawesome143/status/2054882069667545264,sakit hati bgt baca kasus pak nadiem????,Thu May 14 11:10:37 +0000 2026,0,0,0,0,41,FALSE
2.05E+18,https://x.com/wonubitterie/status/2054882064286335442,"Dari kasus pak Nadiem Makariem gw belajar, Jadi seperti ini kah cara negara memberlakukan orang yg telah memberikan jutaan lapangan pekerjaan kepada masyarakat? Miris",Thu May 14 11:10:36 +0000 2026,0,1,0,0,30,FALSE
2.05E+18,https://x.com/dexglenniza/status/2054882000352559175,"Nah, ini analisis Prof. Didik yg paling masuk akal soal kasus Nadiem, dibanding sekadar bilang ""ini kriminalisasi!"" Intinya: Nadiem bukan koruptor, tapi bukan berarti kasusnya bisa diabaikan begitu aja. Masalahnya bukan di orangnya, tapi di mindset awal proyek ini  tech-solutionism. Dikira cukup sebar laptop & gadget, pendidikan langsung maju. Padahal transformasi pendidikan itu kompleks banget  kualitas guru, literasi dasar, infrastruktur listrik di pelosok, budaya belajar  semua harus disentuh bersamaan. Gadget itu instrumen, bukan solusi. Terus ada mismatch yg fatal: cara kerja startup (top-down, cepat, founder punya kuasa penuh) itu bertolak belakang dgn birokrasi publik yg penuh prosedur & akuntabilitas. Nadiem bawa ratusan orang luar masuk, nggak sentuh birokrasi existing  ya tata kelolanya berantakan. Hampir 10 triliun, 2x lipat anggaran e-KTP yg udah notabene gagal total, tapi transformasinya mana? Dan yg bikin ironis: justru pujian & hype berlebihan soal Nadiem yg bikin dia ""terjebak""  dikasih mandat gede, anggaran gede, tp tanpa bekal modal sosial-politik yg cukup buat navigasi rimba birokrasi. Soal Jokowi yg udah disebut-sebut di sidang tp nggak kunjung hadir  itu dimensi politik yg nggak bisa diabaikan juga. Jadi pertanyaannya: kalau emang Jokowi yg langsung endorse & mendorong proyek ini sejak awal, kenapa pertanggungjawaban publik cuma berhenti di Nadiem?",Thu May 14 11:10:21 +0000 2026,4136,83,12136,97,216451,FALSE
2.05E+18,https://x.com/luludarauta/status/2054881627134894163,MIRIS liat kasus nadiem,Thu May 14 11:08:52 +0000 2026,0,0,0,0,313,FALSE
2.05E+18,https://x.com/starlitjina/status/2054881429772017747,"@gm_gm Menurut keyakinan saya: 1. Kasus ini dibuat2 bombastis untuk mengisi diskursus publik agar tidak membahas perampokan apbn dgn mbg, kdmp. 2. Putusan akan dijatuhkan Nadiem bersalah , lalu ada yg muncul jadi Hero dengan kartu amnestinya. 3. Rakyat akan mengelu2kan dia. ...SADIS!!!",Thu May 14 11:08:05 +0000 2026,0,0,0,0,11,FALSE
2.05E+18,https://x.com/_1p4nk/status/2054881273630585291,"@ardisatriawan @bingungtrs_ Nadiem kemungkinan akan bisa kena lagi loh pak dosen, di kasus Dana Telkomsel ke GOTO yg berupa ""non interest convertible loan"". Audit BPK sudah menetapkan kerugian senilai 4,7 Trilliun.",Thu May 14 11:07:28 +0000 2026,0,0,0,0,14,FALSE
2.05E+18,https://x.com/bbrown1ee/status/2054881235487605246,"guys izin nanya kasus harvey moeis itu dia diminta uang pengganti cuma 420 M ya? kok nadiem di minta uang pengganti sampe 5.2 T ya? padahal secara kerugian, kasus harvey moeis itu lebih merugikan ketimbang ""dugaan"" markup harga chromebook butuh pencerahan please, thank you",Thu May 14 11:07:19 +0000 2026,0,0,0,0,13,FALSE
2.05E+18,https://x.com/officialbitv/status/2054880558396879043,"pak nadiem dijerat 18 tahun penjara diduga menyebabkan kerugian negara hingga triliunan rupiah, lalu mbg yang banyak kasus keracunan dan mobilnya banyak menyebabkan orang mati perharinya 1,2 triliun sampe 5 tahun kurleb 2.190 T gimana nasibnya?",Thu May 14 11:04:37 +0000 2026,0,0,0,0,49,FALSE
2.05E+18,https://x.com/lomaxenko/status/2054879965288726839,"@kansaisendriya Ya stance gw soal kasus nadiem ini kriminalisasi, emang gajelas Tapi kalo saying thanks kedia karena gojek? No way",Thu May 14 11:02:16 +0000 2026,0,0,1,0,330,TRUE
2.05E+18,https://x.com/hotseokkie/status/2054879699474821438,"@BudiBukanIntel Gabisa bilang nadiem suci tp gabisa jg bilang klo nadiem pantas dihukum karena kasus chromebook ini bukan karena kapitalisme perusahaannya dan juga kegagalan dia sebagai mendikbud Karena its could be a two different things, if u can say it s a payback well maybe he deserve it",Thu May 14 11:01:12 +0000 2026,0,0,0,0,13,FALSE
2.05E+18,https://x.com/TxtRabbitHole/status/2054879494515859835,Dalam kasus pak Nadiem ini apakah akan ada yang main pahlawan pahlawanan lagi ?,Thu May 14 11:00:23 +0000 2026,3,1,5,0,351,TRUE
2.05E+18,https://x.com/Kaumbiasasaja/status/2054879263615299730,@insidefolkative Dia ini muncul terus sengaja buat nutup kasus nadiem kah?,Thu May 14 10:59:28 +0000 2026,0,0,0,0,56,FALSE
2.05E+18,https://x.com/qqqiza/status/2054878646226268197,"@Tril_lionaire IMO, kasus Nadiem dan Ibam tidak bisa dilihat menggunakan 2 kasus itu saja. Sayangnya saya tidak bisa ngomong lebih jauh. ??",Thu May 14 10:57:01 +0000 2026,0,0,0,0,10,FALSE
2.05E+18,https://x.com/afathngantuk/status/2054878457734320137,"@tekarok007 Om, kasus Nadiem ini kok seperti punishment dari golongan/kelompok tertentu, apa benar? Karena gak make sense tapi jalan terus kasusnya",Thu May 14 10:56:16 +0000 2026,0,1,0,0,167,TRUE
2.05E+18,https://x.com/mikhahalomoan/status/2054878348913078275,"Masih sedih sama putusan mas ibam skrg nadiem, kayak ga make sense bgt terlalu berat buat kasus yg masih abu-abu, yg udah jelas dan rugiin berkali-kali lebih besar malah masih dibiarin kelayapan.  Negara kok hobi bodohin rakyat ajg.",Thu May 14 10:55:50 +0000 2026,0,0,0,0,35,FALSE
2.05E+18,https://x.com/_meyong/status/2054878216578650564,"Bener ini, waktu liat kasus pak Nadiem dalem hati Pak Nadiem aja sampe begini, apalagi saia yg tidak punya apaa apa dan siapa siapa??",Thu May 14 10:55:19 +0000 2026,0,0,0,0,42,FALSE
2.05E+18,https://x.com/Taufanpanjaita1/status/2054877484425032135,Akankah muncul 'pahlawan' di kasus Nadiem Makarim?,Thu May 14 10:52:24 +0000 2026,0,0,1,0,118,TRUE
2.05E+18,https://x.com/BudiBukanIntel/status/2054877053640687838,Roy Riady lo se galak ini juga kah ke koruptor lain? Atau cuma ke kasus nadiem?,Thu May 14 10:50:42 +0000 2026,0,4,2,0,1415,TRUE
2.05E+18,https://x.com/kansaisendriya/status/2054876895238647817,"Gw bukan orang yg suka dan peduli politik, karena malas baca aja :) tau bang TED aja dari @honeyhanniestar :)) tapi kasus pak Nadiem ini bener2 bikin gw pengen baca dan NGAMUK??????????",Thu May 14 10:50:04 +0000 2026,0,0,0,0,49,TRUE
2.05E+18,https://x.com/Honbeeney22/status/2054876528878698782,@BudiBukanIntel Dari jumlah tuntutannya aku malah berpikir nadiem ini gak Salah sih. Kalau hukuman koruptor harus seburuk ini aku setuju banget tapi beberapa kasus belakangan yg beneran kita Tau orang jahat gak pernah dihukum berat.,Thu May 14 10:48:36 +0000 2026,0,0,0,0,54,TRUE
2.05E+18,https://x.com/eLAmaravati/status/2054876329892540721,"Nah gue keinget kasus ini, kasus nadiem ga ada 1/10 kerugian ke negara dibanding  si Harvey tpi malah dikasih ancaman hukuman lebih lama dan denda lebih banyak. Jujur udah pesimis liat negara ini",Thu May 14 10:47:49 +0000 2026,0,1,0,0,597,TRUE
2.05E+18,https://x.com/archeerl/status/2054876113298727328,"Gue pribadi masih ngikutin aja kasus ini, gak ngebela juga. Tapiiii.kalo emang Nadiem harus dihukum segitu beratnya, berarti pengadaan yg jelas-jelas terlihat gak masuk akal juga harusnya diproses dooonngggg???",Thu May 14 10:46:57 +0000 2026,6,3,23,2,4242,FALSE
2.05E+18,https://x.com/doraemo1v/status/2054876078553141348,"Kasus nadiem mnjdi titik akhir orang2 kompeten utk berani mengisi bangku kekuasaan sehingga pd akhirnya para2 misionaris prabowonisme yg akn menduduki kekuasaan trsebut, tdk ad ruang akademisi utk memperbaiki sistem dr dalam, cr mereset rezim hy bsa jk tdk ad voters yg BOODOOOOH",Thu May 14 10:46:49 +0000 2026,0,0,1,1,2049,TRUE
2.05E+18,https://x.com/noodlepls/status/2054876060345680058,"Melihat kasus Nadiem Makarim dimana investasi Google jadi framing korupsi pengadaan Chromebook, kira-kira masih ada ga negara atau investor asing mau investasi di Indonesia?! China bentar lagi juga bakalan menarik semua investasinya di Indonesia kalau begini.. https://t.co/pCtal2F7Wn",Thu May 14 10:46:45 +0000 2026,0,0,0,0,30,FALSE
2.05E+18,https://x.com/Aameerahcw/status/2054875939302232203,"Kasus nadiem makarim ini paling konyol, tuntutan konyol, bukti 0 tapi jaksa bajingan memang",Thu May 14 10:46:16 +0000 2026,0,0,0,0,121,FALSE
2.05E+18,https://x.com/fendhipramuda/status/2054875846310293824,"@arieparikesit Nadiem disangka merugikan negara (padahal jalankan tugas dr Presiden/kebijakan pemerintah). Tuntutan Jaksa terkesan meniadakan rasa keadilan &amp; menjudge Nadiem koruptor, bahkan kakap. Ini kayak ada dendam &amp; ingin 'habisi' seorang Nadiem bahkan tak menerima 'aliran' uang dr kasus??",Thu May 14 10:45:54 +0000 2026,0,0,0,0,30,FALSE
2.05E+18,https://x.com/haechbillions/status/2054875538855268731,"@finnaRainy @papanberjalan Oh ya amarah itu jelas tampak dari keramaian sejak kasus Ibam, dan ga bakal bela Nadiem juga karena belum paham betul perkara dan fakta hukumnya. Ga berniat menginvalidasi berbagai pengalaman dan perasaan para tendik juga. Cuma komentar soal arus dan arah aja...",Thu May 14 10:44:40 +0000 2026,0,0,1,0,377,FALSE
2.05E+18,https://x.com/pengincumlaude/status/2054875418038239667,"guys, mungkin kalian pada gasuka pak nadiem karena kebijakan atau apapun itu yang pernah ia buat diluar kemauan kita. tapi disaat orang dinegara ini MEMBACOT untuk menciptakan lapangan kerja, justru ia lah yang memberikan bukti nyata maka dri itu kawal kasus ini demi keadilan",Thu May 14 10:44:12 +0000 2026,0,0,9,0,277,FALSE
2.05E+18,https://x.com/Kaumbiasasaja/status/2054875215579205805,"gue tau ngga seharusnya gue kasian sama politikus/mantan politikus atau apapun lah itu sebutannya, tp bjir ngikutin kasusnya nadiem, sempet baca2 dikit jg, sempet baca analisis klo dia ngga sepenuhnya salah. eh liat vonisnya kemaren ngeri bgt bjir. segede itu? kek emang ada kasus",Thu May 14 10:43:23 +0000 2026,0,0,0,0,40,FALSE
2.05E+18,https://x.com/MeNebula20134/status/2054874560202461580,"@taufik_q Nah kalau Nadiem bisa dipidanakan krn ada laptop chromebook yang tidak bisa dipakai, maka dg logika hukum yg sama harusnya menteri PU era Jokowi juga harus kena kasus korupsi.",Thu May 14 10:40:47 +0000 2026,3,2,164,0,33350,TRUE
2.05E+18,https://x.com/haechbillions/status/2054874513041695078,"@tempodotco Melihat kasus ini, aku ngerasa ada yang janggal: banyak yang bilang Nadiem Makarim nggak sepenuhnya salah, tapi melihat hukumannya berat banget, bahkan dibanding kasus besar lain, makin kelihatan kalau di negeri ini yang benar bisa dikalahkan, dan yang salah bisa dimenangkan.",Thu May 14 10:40:36 +0000 2026,0,0,0,0,114,FALSE
2.05E+18,https://x.com/Nadyamulyadi/status/2054873734721441884,"@WOLF_of_IHSG Terlalu premature ngambil kesimpulan kaya gini. Dan salah karena ini kasus pas dia jadi Mendik bukan Gojek. Intinya kalau mau berkecimpung di politik jangan setengah2/independen, merasa ngga butuh mempelajari ttg dinamika dan tools politiknya. Salahnya Nadiem disitu menurut gw.",Thu May 14 10:37:30 +0000 2026,0,1,14,0,1101,TRUE
2.05E+18,https://x.com/AjiZaruddin/status/2054873699640365497,"@tertamvan_ grgr kasus nadiem, prabowo gada respon samsek jujur nyesel bgt asu prabowoasuuuuuuuuuuuuu",Thu May 14 10:37:22 +0000 2026,0,0,0,0,53,FALSE
2.05E+18,https://x.com/PaltiHutabarat/status/2054873494052315216,"dengan adanya kasus Nadiem Makarim, percayalah orang orang pinter lulusan luar negeri ngga akan mau kerja di Indonesia. bagus deh, ngapain juga jadi WNI",Thu May 14 10:36:33 +0000 2026,5,1,12,1,535,FALSE
2.05E+18,https://x.com/back2forth/status/2054872952328650920,hari ini si kakak bikin story yg membahas kasus nadiem #rispek makasi krna km udh se oke ntu kak,Thu May 14 10:34:24 +0000 2026,0,0,0,0,53,FALSE
2.05E+18,https://x.com/raysofflight/status/2054872698300301563,"Kalau kasus Nadiem ini bisa dituntut dan dipenjarakan, apa yang bikin pemerintah gak berlakukan hal yang sama juga ke kasus-kasus lainnya yang emang terbukti merugikan negara juga?",Thu May 14 10:33:23 +0000 2026,0,1,0,0,99,TRUE
2.05E+18,https://x.com/vnyakirana/status/2054871946089873731,dengan kasus nadiem yang sampe dapet hukuman seperti itu maka seharusnya para koruptor lain yang jelas jelas terlihat dimata dan yang ga masuk akal besarnya layak dipenggal kepalanya,Thu May 14 10:30:24 +0000 2026,0,0,0,0,38,FALSE
2.05E+18,https://x.com/Ficeyra/status/2054871887877190061,ga tega banget baca kasus nadiem,Thu May 14 10:30:10 +0000 2026,0,0,0,0,28,FALSE
2.05E+18,https://x.com/ateice_/status/2054871660155838672,@zoelfick @SBYudhoyono Oleh para koruptor yang powerful...pada intinya kasus nadiem ini mwrupakan klimaks kesabaran rakyat-kalau benar ini kasus pesanan koruptor yg sampai saat ini nyata korupsinya tapi dibiarkan sehingga mereka menghancurkan negara ini dari dalam menjadi parasit atau benalu,Thu May 14 10:29:16 +0000 2026,0,1,0,1,37,FALSE
2.05E+18,https://x.com/RegesAsem/status/2054871618724450428,"???? sedih banget ngeliat pak Nadiem. Gatau kasus akhir-akhir ini atau tepatnya di pemerintahan Wowo ini pada gajelas, nyerang orang orang baik kek gini.",Thu May 14 10:29:06 +0000 2026,0,1,2,0,95,TRUE
2.05E+18,https://x.com/Agungjyy/status/2054870925200499153,Kasus nadiem makarim kayaknya bakal bkin anak2 muda takut terjun ke dunia politik kecuali inisial g dan t,Thu May 14 10:26:20 +0000 2026,0,1,0,0,855,TRUE
2.05E+18,https://x.com/alifhiaaa/status/2054870643938873827,"Banyak orang tidak mengerti secara teliti kasus Nadiem Makarim. Dan kemudian mereka berbelasungkawa terhadap kebodohan mereka sendiri. Kerugian negara jelas 2 triliunan sekian, uang itu sungguh dinikmati sebagian pihak. vendor swasta dan korporat. Say No to Corrupt Pollitician.",Thu May 14 10:25:13 +0000 2026,0,0,0,0,33,FALSE
2.05E+18,https://x.com/Gilang_2Wijaya/status/2054869874615451747,"@zoelfick @SBYudhoyono Tidak saya tidak takut menyatakan kebenaran di sini karena kalau saya perhatikan kriminalisasi ini dimulai dari zaman esbeye dengan antasari azhar menjadi korban pertama...yang menarik kasus nadiem ini akan membuka borok bagaimana sistem pwradilan negara kita ""dikuasai""",Thu May 14 10:22:10 +0000 2026,0,0,0,0,99,FALSE
2.05E+18,https://x.com/dwicitraanggra/status/2054869780109349196,"@zoelfick Dalam kata lain kasus nadiem ini bisa menjadi pembuka busuknya sist peradilan di Indonesia, dan mengapa selalu kejadian begini bukan yg jelas2 korupsi spt @SBYudhoyono dan anaknya namun yg menjadi korban malah menteri2 yg kesalahan terletak pada bawahannya",Thu May 14 10:21:47 +0000 2026,0,0,0,0,87,FALSE
2.05E+18,https://x.com/sajaksorehari_/status/2054869739864994216,"Hukum di indonesia terlalu bias, tidak objektif dan sudah banyak korban mulai dari rakyat biasa seperti kasus videographer kemarin hingga menteri. Padahal di kasus Pak Nadiem, banyak ahli yang berkata bahwa tidak ada bukti yang bisa mengkriminalisasikan Pak Nadiem",Thu May 14 10:21:38 +0000 2026,0,0,0,0,24,TRUE
2.05E+18,https://x.com/vnillaraspberry/status/2054869431906644052,"@FilanDeny @PanggilHe @Jelli_cent dengerin aja kak, saking banyaknya point gak masuk akal di kasus pak nadiem ini, sampe gak bisa tertulis lagi.",Thu May 14 10:20:24 +0000 2026,0,0,0,0,31,FALSE
2.05E+18,https://x.com/vnllace/status/2054869399937634431,Dari kasus Nadiem kita belajar = Klo udah sukses jadi pengusaha gak usah ikut pemerintahan  Musuh lu makin banyak..,Thu May 14 10:20:17 +0000 2026,0,0,0,0,10,FALSE
2.05E+18,https://x.com/CenturyMac13746/status/2054868270776512642,"@BudiBukanIntel dulu ahok di kasusin sama geng gerindra krn pas pilres 2014 nggak mau bantu kampanye prabowo, kasus nadiem hanya ordal 08 yang tau??",Thu May 14 10:15:48 +0000 2026,0,1,0,0,24,TRUE
2.05E+18,https://x.com/notturbro/status/2054868266997469614,"dari kasus nadiem kita belajar kalo lagi lagi APH tidak belajar. di kanan nadiem ada rocky gerung, ahok, ratusan driver gojek orang gacor semua tapi tetap kena. tanpa tindak pidana, tanpa kriminalisasi kebijakan, tanpa kerugian negara dituntut 28th penjara.",Thu May 14 10:15:47 +0000 2026,0,0,0,0,17,FALSE
2.05E+18,https://x.com/pxolfzy/status/2054868141260607658,@lyndaibrahim @DianOnno Setuju banget. Orang di X ini kalau ngomongin kasus Nadiem ga ada nuance-nya. Padahal dua hal soal Nadiem itu bisa benar dan tidak saling bertentangan serta di saat yg sama juga tidak berkorelasi.,Thu May 14 10:15:17 +0000 2026,0,1,1,0,85,TRUE
2.05E+18,https://x.com/jangjiansing/status/2054868054551703998,"dari kasus Nadiem Makarim, kita belajar bahawa negara ini memang sudah separah ini, miris.",Thu May 14 10:14:56 +0000 2026,5,2,85,1,7714,TRUE
2.05E+18,https://x.com/n____475uk1/status/2054868029536948380,Membagongkan sekali kasus nadiem,Thu May 14 10:14:50 +0000 2026,0,0,0,0,31,FALSE
2.05E+18,https://x.com/summumbonu42167/status/2054867988558630945,"Nadiem Makarim mengaku tidak memiliki uang untuk membayar tuntutan sebesar Rp 5,68 triliun. Kasus ini tentunya menimbulkan banyak pertanyaan dan harapan akan keadilan. Mari kita ikuti perkembangan selanjutnya. Baca selengkapnya di sini:",Thu May 14 10:14:40 +0000 2026,0,0,2,0,38,FALSE
2.05E+18,https://x.com/jangjiansing/status/2054867744076792195,@papanberjalan Jadi makin curiga kasus ini dijadiin sandsack rezim buat nampung katarsis amarah guru2 soal banyak kejadian belakangan ini (isu2 yg ga berhubungan sama chromebook atau nadiem) Mereka ga bisa nabok rezim jadi mereka nabok yg diumpanin rezim aja.,Thu May 14 10:13:42 +0000 2026,0,0,0,0,27,TRUE
2.05E+18,https://x.com/CenturyMac13746/status/2054867460365656520,"Udah bener yg lu sebut di paragraf kedua. Selain case chromebook, kalau APH lurus. Nadiem jg bisa dijerat kasus lainnya. Merusak Kemendikbud, iya kita tau Nadiem itu Menteri. Tapi di kawasan itu, bosnya jelas Jurist Tan. Seluruh pegawai kementerian tunduk pula dgn Shadow Team JT.",Thu May 14 10:12:34 +0000 2026,0,1,0,0,36,TRUE
2.05E+18,https://x.com/bytchss/status/2054867114889257130,Twitter jaman dulu pasti udah rame sama movement profile picture atau hashtag nih biasanya kalo ada modelan kasus macam Nadiem gini.,Thu May 14 10:11:12 +0000 2026,0,0,0,0,42,FALSE
2.05E+18,https://x.com/hadeeeeeeeh/status/2054867052385743312,"Kemungkinan kasus Nadiem akan menjadi salah satu pemicu kenaikan US$, jika pihak asing sampai mengkritik pengadilan Nadiem. Kita lihat sampai senin vonis. Simalakama. Jika diputus bersalah lalu Prabowo beri amnesti maka US$ akan makin tinggi. Siap2 1 US$ Rp.18.000.",Thu May 14 10:10:57 +0000 2026,0,0,0,0,27,TRUE
2.05E+18,https://x.com/Ljw01109/status/2054866849117216908,"Tuntutan 28 tahun? Angka yang bahkan lebih tinggi dari kasus pembunuhan atau terorisme. Nadiem menegaskan tidak ada satu sen pun unsur korupsi. Ini bukan sekadar hukum, tapi upaya membungkam perubahan. Tetap semangat Mas Menteri! https://t.co/YJxbHxWlHx",Thu May 14 10:10:09 +0000 2026,0,0,0,0,54,FALSE
2.05E+18,https://x.com/taniaviandra/status/2054865956447412643,"@liogtttscrp Koq bisa nadiem dituntut 18 tahun penjara? Dan denda 5,6 T? Pak nadiem klo anda bukan dalang sebenarnya dari kasus ini, buka bukaan aja siapa yg bermain supaya publik tau",Thu May 14 10:06:36 +0000 2026,0,1,16,0,2111,TRUE
2.05E+18,https://x.com/anantazhraulia/status/2054865438442660133,@Tan_Mar3M Ntah kenapa Nadiem kurang dapat simpati dari masyarakat di kasus nya. Blunder masuk ke pemerintahan. Itu lah manusia ga pernah merasa puas. Skrng rasakan,Thu May 14 10:04:32 +0000 2026,0,0,0,0,30,FALSE
2.05E+18,https://x.com/whydryn/status/2054865285983990002,"Semalem coba bahas kasus nadiem sama ibu. Ibu malah bilang ""yah jadi pelajaran buat nadiem, istrinya dia kan nonis"". Ibu bego.",Thu May 14 10:03:56 +0000 2026,20,1,134,2,8011,TRUE
2.05E+18,https://x.com/soenja_anjani/status/2054864570892857571,banyak bgt figur publik yg komentar terkait kasus nadiem. bener2 malu2in.,Thu May 14 10:01:05 +0000 2026,0,1,0,0,13,FALSE
2.05E+18,https://x.com/kunyah_ajaa/status/2054864377795203104,"Road trip dgn 3 teman lintas umur, profesi, suku &amp; agama. Salahsatu obrolan di mobil ya kasus Nadiem Makarim. Kami ber-4 sepakat 2 hal: 1/ Kurikulum Belajar Mandiri itu memang tidak napak tanah &amp; memfasilitasi kemalasan 2/ TAPI tindakan korupsi BEDA dgn kebijakan tdk membumi.",Thu May 14 10:00:19 +0000 2026,0,0,0,0,28,FALSE
2.05E+18,https://x.com/SINDOnews/status/2054864299378823274,tuntutan kasus nadiem makarim ga masuk akal di otak ku,Thu May 14 10:00:01 +0000 2026,5,1,8,0,691,FALSE
2.05E+18,https://x.com/raysofflight/status/2054864264863559876,Jaksa Sebut Nadiem Bangun Organisasi Bayangan dalam Kasus Korupsi Chromebook https://t.co/ajqBzVZB3H,Thu May 14 09:59:52 +0000 2026,1,1,5,1,1414,TRUE
2.05E+18,https://x.com/RPurnama37947/status/2054860915435278811,kasus nadiem ni yg btul yg mna deh blio bersalah ap nggak,Thu May 14 09:46:34 +0000 2026,0,0,0,0,63,FALSE
2.05E+18,https://x.com/CakKhum/status/2054860728096669950,"penasaran deh dari sudut pandang anak hukum kenapa kasus nadiem ini bisa berujung hukuman yang gede ya? banyak kasus korupsi cuma 2/3 tahun penjara, tapi dari sisi hukum kenapa kok bisa beda?",Thu May 14 09:45:49 +0000 2026,12,6,18,1,920,FALSE
2.05E+18,https://x.com/ketuagacor17/status/2054859406219903481,"@papanberjalan @zanatul_91 @jaksapedia ...Kalo lu ikutin dan paham kasus LHI dan relasinya dengan kasus Nadiem-Ibam, nah gw akan jelasin soal elipsis tsb... (``,)",Thu May 14 09:40:34 +0000 2026,0,0,1,0,161,TRUE
2.05E+18,https://x.com/Elorazahraul/status/2054859364436164798,"@ArieDeLight @zanatul_91 @jaksapedia ...Fakta, ada 2 kasus besar di mana saksi kunci hilang bikin bos mereka bebas. 1, Harun Masiku 2, Nistra Yohan No 2 lu cek bosnya jadi apa skrg, jgn kaget. 2 kasus tsb sama² di era Jokowi. Nadiem-Ibam ini kasus ke-3 yg saksi kuncinya hilang, pun sama² era Jokowi... (``,)",Thu May 14 09:40:24 +0000 2026,1,1,1,0,69,FALSE
2.05E+18,https://x.com/EyakAlbusdum/status/2054858360542114232,"@HabibiFuad @tempodotco Padahal masih powerful yah, tapi Nadiem ditinggal sendiri. Apa emang ini kasus udah gak bisa di back-up?",Thu May 14 09:36:25 +0000 2026,0,1,1,0,538,TRUE
2.05E+18,https://x.com/WishRadish/status/2054858209568113061,Walaupun nadiem emg ga napak tanah tpi hukumannya emg ga adil jika dibandingkan kasus lain yg amat sangat merugikan negara berkali-kali lipat,Thu May 14 09:35:49 +0000 2026,0,0,0,0,138,FALSE
2.05E+18,https://x.com/energijuangnews/status/2054858092983296316,Sedih banget dengerin putusan kasus Nadiem Makarim.,Thu May 14 09:35:21 +0000 2026,0,0,1,0,39,FALSE
2.05E+18,https://x.com/elmirabdy/status/2054857812791189555,"@Catatan_ali7 Dulu ada murid bisa tinggal kelas Era Nadiem jd kurikulum merdeka Murid semuanya wajib naik kelas Ujian nasional dihapus Memang sih dampaknya buruk ___________________________ Tapi pointnya, di kasus chromebook Nadiem gak ada indikasi korupsi Tapi kenapa masih dikriminalisasi",Thu May 14 09:34:14 +0000 2026,0,0,0,0,46,FALSE
2.05E+18,https://x.com/umademadei/status/2054857539607732707,"Intinya dr kasus #Chromebook 1. Nadiem salah buat Permendikbud yg dlm lampirannya ada frasa ""Pakai Chrome OS"" 2. Makin salah ketika perusahaannya dapat Investasi dr Google Dua point itu lah yg jd benang merah yg dinote oleh Jaksa",Thu May 14 09:33:09 +0000 2026,0,0,2,0,103,FALSE
2.05E+18,https://x.com/lyndaibrahim/status/2054857449442865527,"Dalam Pidana Korupsi dikenal dengan ""Menjual Pengaruh"" untuk keuntungan pribadi Bisa dlm suatu kasus Korupsi tidak ada kerugian negara..bisa jd memperkaya diri sendiri dan/atau orang lain Dalam kasus #Chromebook, patut diduga Google dan Perusahaan milik Nadiem diuntungkan",Thu May 14 09:32:48 +0000 2026,973,23,4095,47,105586,FALSE
2.05E+18,https://x.com/cackwei/status/2054857217191628929,@ardisatriawan Kasus korupsi bansos yang seharusnya dapet hukuman mati aja lembek bener. Kasus Bang Nadiem mah mencurigakan.,Thu May 14 09:31:52 +0000 2026,0,0,0,0,48,FALSE
2.05E+18,https://x.com/e100ss/status/2054857197730005010,Ini yang sering gue katakan. Katanlah Edtech pakai Microsoft dan bukan Google. Lalu apakah kemudian Nadiem-Ibam bisa dihukum juga dengan alasan yang sama dengan kasus Chromebook ini?,Thu May 14 09:31:47 +0000 2026,0,2,3,1,1057,FALSE
2.05E+18,https://x.com/hi_umbiumbian/status/2054857108177469749,Jika hari ini peradilan kita tidak dibenahi dari oknum yang sewenang-wenang dengan jabatannya maka tidak ada lagi anak muda yang mau berkarya demi bangsa karena akan dikriminalisasikan seperti yang kita saksikan pada kasus Nadiem Makarim. JPU sialan yang seenaknya menuntut!!! https://t.co/sLZrwUxi7h,Thu May 14 09:31:26 +0000 2026,0,0,2,0,1574,TRUE
2.05E+18,https://x.com/adamsreal20/status/2054856674951983550,dr kasus tom lembong dan nadiem tuh hrsnya yg dihukum si mulyono. dia yg wktu itu pnya kuasa segalanya anjir. knp dia dikecualikan coba? brengsekkkk,Thu May 14 09:29:43 +0000 2026,0,0,0,0,46,FALSE
2.05E+18,https://x.com/cizzuyaa/status/2054856429912326198,Daritadi gw mangis perihal lihat kasus Nadiem ya Allah tolong selamatkan kami semua..,Thu May 14 09:28:44 +0000 2026,0,0,0,0,13,FALSE
2.05E+18,https://x.com/neVerAl0nely___/status/2054855436978033119,"Lihat berita pak Nadiem ??  Jadi mikir, mau sepekerja keras apapun, se pintar apapun akan kalah sama kekuasaan yg buta segalanya. hukuman dia lebih wow dibanding kasus korupsi, jyujur aja janggal. sekali lagi tuhan gak tidur, aku berharap ada sebuah jalan kebenaran &amp; keadilan.",Thu May 14 09:24:48 +0000 2026,6,3,11,0,1391,FALSE
2.05E+18,https://x.com/lizstoryforyou/status/2054855433312260447,@PaltiHutabarat Mbak franka ?????? Kasus Nadiem adalah perampokan &amp; pembunuhan  karakter pada anak2 muda yg memiliki niat terbaik dan tulus untuk mengeluarkan bangsanya dari jurang kegelapan ....,Thu May 14 09:24:47 +0000 2026,0,0,0,0,38,FALSE
2.05E+18,https://x.com/kafiradikalis/status/2054855429386367044,@kafiradikalis @zanatul_91 @jaksapedia Bukan bang Iyut yg kemakan cerita belain Nadiem dan Ibam tapi netizen lain. Malah abang paling konsisten melawan narasi techbros dan buka PoV lain dari kasus ini. Gw aja tertarik ikutin soal kasus Nadiem setelah lihat postingan kakak yg selalu lewat TL.,Thu May 14 09:24:46 +0000 2026,0,1,1,0,359,TRUE
2.05E+18,https://x.com/kafiradikalis/status/2054855182987751723,"@bingungtrs_ Sebenarnya kasus ini udah berhasil membantah bahwa hukum itu makin tajam ke bawah. Nyatanya, orang kaya raya seperti Nadiem pun kalah. Keadilan menang.",Thu May 14 09:23:47 +0000 2026,0,0,6,0,1052,TRUE
2.05E+18,https://x.com/SUltramild/status/2054855101156884800,"Jujur gue sangat sedih dan sakit hati, selama ngikutin kasus Nadiem Makarim, kayakkk he was a role model for someone who want to also bring in innovation to this country but this country did him dirty :(",Thu May 14 09:23:28 +0000 2026,1,0,35,0,15800,TRUE
2.05E+18,https://x.com/Hemz_Ham/status/2054853651185992164,"tom lembong aja gak nangis, ini case nadiem i senangis itu krn kontribusinya sangat nyata. Bahkan sebelum di pemerintahan yg justru ngejerumusin ke kasus gaib!  Nadiem mempermudah hidup orang sumpah. Tapi dipersulit dan disiksa negara. Kataku indonesia mah uda ga ketolong.",Thu May 14 09:17:42 +0000 2026,0,0,0,0,26,FALSE
2.05E+18,https://x.com/medcom_id/status/2054852971247124667,"Gua gak ikhlas kalau nanti negara ini beneran hancur karena ulah pemerintah yang bobrok dari kasus Nadiem makahriem, Andri Yunus, MBG yang beracun dan ngehamburin duit APBN dan gak ada yang tanggung jawab",Thu May 14 09:15:00 +0000 2026,0,0,1,0,82,FALSE
2.05E+18,https://x.com/dinaroso/status/2054851321002705234,"@ebednoorjaman @tempodotco Katanya hukum makin tajam ke bawah? Berarti kasus ini membuktikan bahwa hukum juga bisa tajam ke atas. Bahkan untuk yg kaya raya kayak Nadiem, keadilan bisa menang",Thu May 14 09:08:26 +0000 2026,0,0,0,0,35,FALSE
2.05E+18,https://x.com/Squidward_san/status/2054851039732572372,"Jangan lah dulu pada belain nadiem seolah dia gak tau apa apa. Lebih mengapresiasi konten konten yang berisi sejauh mana kasus nadiem ini, bukan postingan yang seolah olah menganggap blio ini gak ngapa ngapain.  Lihat ae dulu.",Thu May 14 09:07:19 +0000 2026,29,5,952,3,27773,TRUE
2.05E+18,https://x.com/dusrimulya/status/2054850962289025241,"hands off sama kasus Nadiem. walaupun dia gak terima dana, tapi dia terindikasi curangin pengadaan. semua spesifikasi nya diarahkan biar Chromebook yg menang. padahal 3T lebih butuh Microsoft.",Thu May 14 09:07:01 +0000 2026,8,1,18,0,2062,TRUE
2.05E+18,https://x.com/dusrimulya/status/2054850945373392959,@tempodotco Ga begt mengikuti kasus nadiem...vonisnya sadis bgt. JPU n hakimnya aneh! Ga usah di bayar pak...jokwi ga dimintai pertanggung jawaban? pdhl smua paham tdl ada visi misi mentri yg ada visi misi presiden. Yg nyolong emas mpe ratusan kilo kena vonis bebas. Ini kq berat bgt.,Thu May 14 09:06:57 +0000 2026,9,2,18,0,2723,TRUE
2.05E+18,https://x.com/mhmmd_jati/status/2054850083120881966,"Wallahi, kalo kalian ngga marah liat kasus pak Nadiem sama mas Ibam, aku gatau mau ngomong apalagi sama kalian. Check yourself.",Thu May 14 09:03:31 +0000 2026,1,1,0,0,153,FALSE
2.05E+18,https://x.com/assagaf_jafar/status/2054849526801031556,"meskipun tetap ada pihak khususnya rakyat yg dirugikan atas kasus ini, tapi masih berharap mas menteri nadiem dapet keringanan dari presiden endingnya (spt yg dilakukan ke om lembong dan om hasto)?? toh gak ngurangin uang proyek makan itu",Thu May 14 09:01:19 +0000 2026,0,0,0,0,61,FALSE
2.05E+18,https://x.com/awcaca__/status/2054849486623752218,"Semua di tangan Hakim. Namun jika 08 mau bangkit dr keterpurukan rupiah dan memenangkan kembali kepercayaan publik. Inilah momentumnya sekali lagi, memberikan abolisi. 2 kasus sebelumnya bukan key people negeri ini. Pak TL &amp; H mungkin berpengaruh tp tdk seberpengaruh Nadiem.",Thu May 14 09:01:09 +0000 2026,0,0,0,0,26,FALSE
2.05E+18,https://x.com/wemooshy/status/2054849081714032963,"Belajar dari kasus Nadiem, jangan mau kerja untuk negara.",Thu May 14 08:59:32 +0000 2026,0,1,2,0,51,FALSE
2.05E+18,https://x.com/snell_ius_sil3/status/2054848518146404515,"@kafiradikalis @zanatul_91 @jaksapedia Jadi benar ya @ibamarief dan Nadiem, menghilangnya JT memang dirancang dari awal mengingat kasus Harun Masuki menguntungkan terdakwa lainnya? Bagi dunia perguruan tinggi, era Nadiem dengan JT sebagai ""real penguasa"" memang bikin jengkel",Thu May 14 08:57:18 +0000 2026,0,0,1,0,180,TRUE
2.05E+18,https://x.com/Ikhwanazis89/status/2054847684293616030,"@kafiradikalis @zanatul_91 @jaksapedia Jalur karma or pembalasan atas kesalahan besar orang itu beda-beda. Di kasus Nadiem, kerusakan pendidikan nasional yang begitu parah dibayar lewat jalur proyek Chromebook. Please jangan kemakan narasi sesat techbros.",Thu May 14 08:53:59 +0000 2026,0,0,3,1,1289,TRUE
2.05E+18,https://x.com/likewisemensaid/status/2054847468962193741,"Gue bukan anti Nadiem, tapi fakta bicara keras. Di era Kurikulum Merdeka, yang katanya ""bebas belajar"", malah banyak anak SD-SMP yang nggak bisa calistung (baca-tulis-hitung) dengan baik. Bukan cuma satu-dua kasus viral, tapi keluhan guru & orang tua di mana-mana. Kenapa? Naik kelas otomatis, di mana anak boleh naik kelas meski belum kuasai ilmu dasar. Akibatnya? Fondasi hancur, kelas atas jadi chaos karena materi makin susah.  Fokus proyek & aktivitas daripada penguasaan dasar. Guru kebingungan, anak bingung. Yang penting ""senang"" dulu, tapi ujung-ujungnya mereka ketinggalan.  Hasilnya? PISA 2022 (tes internasional) nunjukin Indonesia masih di dasar: Matematika 366, Reading 359, Science 383  jauh di bawah rata-rata OECD. Malah turun dari tahun sebelumnya.",Thu May 14 08:53:08 +0000 2026,1,0,1,0,478,TRUE
2.05E+18,https://x.com/alikalilika/status/2054846751996342288,AWAS AJA NIH SI SOK PAHLAWAN TAHU2 NONGOL TERUS BERESIN KASUS NADIEM!!!  Awaaas ajaaaaaa,Thu May 14 08:50:17 +0000 2026,0,0,0,0,441,FALSE
2.05E+18,https://x.com/rantandswear/status/2054846378111832322,"@ainunnajib seperti kasus ""sniper"" penembakan trisakti '98, pelaku yang menggunakan kriminalisasi Ibam-Nadiem pun belum atau bahkan tidak akan terungkap. Kita cuma tahu korban dan ""peluru"" nya",Thu May 14 08:48:48 +0000 2026,0,1,1,0,75,FALSE
2.05E+18,https://x.com/henteu_rundung/status/2054846227657965908,mumpung lg libur ini gw akan mencermati kasus nadiem makarim??,Thu May 14 08:48:12 +0000 2026,0,1,1,0,71,FALSE
2.05E+18,https://x.com/likewisemensaid/status/2054846173169774659,Hakim yg nanganin kasus nadiem tuh punya backingannya siapa dan dibayar berapa?. Terserah percaya apa kagak. Pasti dia punya pegangan ntah nyata atau ghaib ??,Thu May 14 08:47:59 +0000 2026,0,2,8,1,5947,TRUE
2.05E+18,https://x.com/helendebut/status/2054845946467607000,gua bener bener sedih bgt liat kasus pak nadiem,Thu May 14 08:47:05 +0000 2026,0,0,0,0,41,FALSE
2.05E+18,https://x.com/eridiah1/status/2054845633304101070,"@myshawti Ga dari kasus nadiem aja bang, banyak jg sebelum2nya yg dikasusin padahal sebenernya bersih2 aja.",Thu May 14 08:45:50 +0000 2026,0,1,0,0,73,FALSE
2.05E+18,https://x.com/wahyu_djanti88/status/2054845244726997136,kita bisa agree & disagree banyak hal yang beririsan di kasus ini: 1. agree bhw kasus chromebook ini diurus scr serampangan dan disinyalir adanya kepentingan pihak2 tertentu sehingga adanya kriminalisasi tanpa bukti hukum yang kuat 2. disagree dengan narasi seolah nadiem adalah hero apalagi kl bawa Gojek krn skema dr Gojek sendiri beberapa masih eksploitatif/berat dan merugikan di mitra,Thu May 14 08:44:18 +0000 2026,1,1,27,0,4687,TRUE
2.05E+18,https://x.com/keluarga_zang/status/2054845060941074809,"ga begitu ngikutin kasus nadiem makarim, tapi sedih sih apalagi dia udah berkontribusi menyediakan 4 juta lapangan pekerjaan.",Thu May 14 08:43:34 +0000 2026,0,0,2,0,363,FALSE
2.05E+18,https://x.com/casper_gsa/status/2054844883786256835,gila ih baru baca kasus pak nadiem,Thu May 14 08:42:52 +0000 2026,18,25,22,1,769,FALSE
2.05E+18,https://x.com/fosilalien/status/2054844624372637749,Nadiem itu ditumbalin buat nutupin kasus apa sebenarnya...,Thu May 14 08:41:50 +0000 2026,0,0,0,0,31,FALSE
2.05E+18,https://x.com/slaystroberi/status/2054844514309910990,"betul, kalau jaksa bisa membuktikan kalau Nadiem salah dan menerima keuntungan dari kasus Chromebook, saya akan full dukung jaksa problemnya kan enggak, jaksa gagal dan memaksakan asumsinya, kemudian frustasi dan balas dendam dengan gerakin buzzer dan kasih tuntutan ga masuk akal",Thu May 14 08:41:24 +0000 2026,0,0,0,0,41,FALSE
2.05E+18,https://x.com/tipsylalapoop/status/2054844471632859381,@itsurboihyl Gak mau kemakan sama narasi techbros yang glazing Nadiem as if he is a saint and totally innocent. He is a true sinner menghancurkan pendidikan nasional. Kebetulan jalur pembalasan dia lewat kasus chromebook.,Thu May 14 08:41:13 +0000 2026,0,1,0,0,56,TRUE
2.05E+18,https://x.com/hfzhpratama/status/2054843474139344897,"@ardisatriawan Pak Ardi, jangankan kasus pak Nadiem. Di negara kita juga pernah ada kasus nenek ga mampu yang mencuri 7 kayu juga dipenjara. Hukum disini beneran cuma mainan aja kaya main monopoly yang ambil kartu merah sama ijo itu",Thu May 14 08:37:16 +0000 2026,0,0,0,0,9,FALSE
2.06E+18,https://x.com/arteranews/status/2055203162349527140,"Selain itu, ia menegaskan tidak ada praktik mark-up maupun pihak yang diperkaya dalam proyek pengadaan Chromebook yang kini menjerat Nadiem dengan tuntutan 18 tahun penjara.",Fri May 15 08:26:32 +0000 2026,0,1,0,0,4,TRUE
2.06E+18,https://x.com/iniAlex/status/2055194793219850267,"@stelanau Menghargai Nadiem sbg sosok founder startup jagoan ya mesti diakui dan diacungin jempol, tapi mengaitkan itu dgn proyek chromebook lalu menjadi alasan ytk membela ugal2an kok rasanya agak agak kurang pas ya, itu aja sih maksudnya",Fri May 15 07:53:17 +0000 2026,0,0,0,0,10,TRUE
2.06E+18,https://x.com/koganenohikari/status/2055194393360167332,"kalo ini jadi dasar hukuman nadiem gw gak setuju, tapi kalo emg dasarnya chromebook enggak berguna buat pendidikan Indonesia gw setuju",Fri May 15 07:51:41 +0000 2026,0,1,2,0,62,FALSE
2.06E+18,https://x.com/tanjabok/status/2055186610829103438,"Ini bisa merubah persidangan Nadiem. Walau tetap aja ngerasa 7juta itu kemahalan buat chromebook, tapi namanya aja pengadaan pemerintah, emang ada yang murah.",Fri May 15 07:20:46 +0000 2026,0,0,0,0,11,FALSE
2.06E+18,https://x.com/userfoundm/status/2055171285316231454,Dosa nadiem yang paling besar buat pendidikan itu bukan chromebook tapi  penghapusan UN tanpa adanya perubahan mekanisme PPDB. Tanpa UN dan Zonasi itu combo yg ngga kalah menakutkan dari judol dan pinjol.,Fri May 15 06:19:52 +0000 2026,0,1,0,0,29,FALSE
2.06E+18,https://x.com/awwarma/status/2055165857173852580,"Kayanya ga ada setahun kalian ngamuk2 kerjaan jadi ojol ga ada harganya dan Nadiem menciptakan sistem bengis untuk 'mitra' padahal keadaannya timpang. Dia tuh lewat Chromebook mau gitu juga sama guru2 di Indonesia, kok malah kalian bela2? Mana yg suka belain nasib guru?",Fri May 15 05:58:18 +0000 2026,0,1,0,0,31,FALSE
2.06E+18,https://x.com/dienth0ught/status/2055158362090954878,"segasukanya gue sm nadiem, tp hukuman yg dia terima ini bnrn ga masuk akal sih. dia dipenjara bisa lebih lama dr harvey moeis tuh atas tuduhan apa? ngunci google jd vendor? dia aja bisa nekan harga chromebook jauh dr harga pasaran, dan kebukti ga korup selisih.",Fri May 15 05:28:31 +0000 2026,0,2,1,0,159,FALSE
2.06E+18,https://x.com/DS_yantie/status/2055141049744658465,"Kasus chromebook Nadiem Makarim di tuntut penjara 18 tahun dan denda Rp 1 Miliar. Jaksa menuntut 18 tahun penjara untuk Nadiem Makarim karena dinilai menyalahgunakan wewenang di proyek 1,1 juta laptop untuk siswa. Bayangin, Duit itu harusnya buat beli laptop layak, internet sekolah, pelatihan guru. Tapi kalau ada pengkondisian dan mark-up seperti itu yang rugi langsung kan anak2 dan guru di daerah.Koruptor dana pendidikan itu ibarat nyuri masa depan siswa. Jadi ya wajar kalau hukumannya berat.",Fri May 15 04:19:43 +0000 2026,17,8,27,1,24771,FALSE
2.06E+18,https://x.com/sipalingupdate_/status/2055138755573690803,"Jangan cuma liat 18 tahunnya, liat impact-nya. Dana triliunan buat Chromebook siswa se-Indo loh. Jabatan menteri = tanggung jawab maksimal. Fair lah dituntut segitu.",Fri May 15 04:10:36 +0000 2026,0,0,0,1,45,FALSE
2.06E+18,https://x.com/kangdede78/status/2055137655957098593,"Orang yg labil dalam sikap politik/hukum memang lucu (atau menyebalkan) dilihatnya. Kemarin rame-rame ngehujat Nadiem & pemerintah pas kasus Chromebook ini muncul, skrg setelah tuntutan jaksa 18 tahun penjara + uang pengganti Rp5,6T (total tuntutan fantastis), tiba-tiba banyak yg demo/unjuk rasa sambil bawa-bawa jasa founder Gojek atau kontribusi ke tech Indonesia. Alibinya emang ngawur kalau cuma pakai itu buat bela korupsi. Korupsi (kalau terbukti) tetap korupsi, regardless of track record sebelumnya. Nadiem punya prestasi di Gojek, tapi itu nggak otomatis bikin dia kebal hukum atau kasus ini politically motivated 100%. Kasus ini soal pengadaan laptop Chromebook & software selama pandemi (2020-2022) yg dituduh overprice, merugikan negara Rp2,1T lebih, plus ada dugaan conflict of interest dengan Google. Tapi sebaliknya, tuntutan jaksa ini juga ekstrem banget (18 tahun + restitusi triliunan padahal aset pribadinya jauh di bawah itu). Banyak yg ngerasa ini kelewatan & bisa bikin efek chilling ke technopreneur lain yg mau masuk pemerintahan. Belum vonis sih, masih tahap tuntutan (sidang lanjut Juni mungkin), jadi kita lihat dulu bukti lengkapnya. Jangan hipokrit. Kalau dulu anti-korupsi, skrg tetep konsisten.",Fri May 15 04:06:14 +0000 2026,0,1,2,0,289,FALSE
2.06E+18,https://x.com/Tu94436/status/2055049083010900153,"@Hnirankara Kesalahan nadiem bukan di chromebook, tapi di kurikulum dia yg kagak jelas. Gw pikir pembetulan dari K13, tapi malah tambah hancur. Kalau ini hukuman buat kurikulum yg dia buat, gw bakal seneng banget.",Thu May 14 22:14:17 +0000 2026,0,0,0,0,40,TRUE
2.05E+18,https://x.com/gmail_great/status/2054965818342211635,"@boxxtoc Halaah 2 periode dia nikmati. hasilnya? Kualitas pelajar menurun , guru tidak sejahtera Malah bikin proyek trilyunan yg legacy nyaris 0. Apa coba tersisa dari Chromebook ini? Negara boncos, google termsuk suaminya jusris tan tambah kaya, dan prett.. Nadiem nggak dapat apa2x.",Thu May 14 16:43:25 +0000 2026,0,0,0,0,64,TRUE
2.05E+18,https://x.com/joeywbudi/status/2054963127046053970,@grok deep dive Nadiem Makarim case. What was the prosecutor's charge? What was the potential conflict interest with Google and their purchase of Chromebook and the inflated price in gov e-catalog? Is it true that most teachers don't think Chromebook for schools made sense?,Thu May 14 16:32:43 +0000 2026,0,1,0,0,38,FALSE
2.05E+18,https://x.com/MikeFritzell/status/2054942399961670088,@pimplefresh @grok did any money from the Chromebook project end up in Nadiem Makarims own pockets?,Thu May 14 15:10:21 +0000 2026,0,1,1,0,260,TRUE
2.05E+18,https://x.com/septyanfirst/status/2054939556479439101,@03__nakula Pernah baca Salah satu pro kontra case ini adalah perbandingan dengan Malaysia yang saat itu menghentikan chromebook tapi knpa Nadiem malah ambil entah apakah layak dihukum segitu atau tidak entah siapa yg salah biarkan hakim yg menanggung pertanggung jawaban entar dg putusannya,Thu May 14 14:59:03 +0000 2026,0,0,4,0,3735,TRUE
2.05E+18,https://x.com/prettyjennkimm/status/2054929632366080135,@Jelli_cent nadiem nih udah sempet kasih hasil rfp pas pengadaan chromebook nya ga?,Thu May 14 14:19:37 +0000 2026,0,0,0,0,7,TRUE
2.05E+18,https://x.com/Muglf/status/2054919639386542186,"Nadiem Makarim was charged with 18 years in prison + a subsidiary of 9 years in prison (if he did not pay a replacement money of Rp5,6 trillion) in the Chromebook corruption case.",Thu May 14 13:39:55 +0000 2026,1,0,3,0,76,FALSE
2.05E+18,https://x.com/PangeranCheper/status/2054916281527406976,@redaksilain ide investasi google ke goto dengan ide pembelian chromebook kementrian nadiem lebih duluan mana seh..,Thu May 14 13:26:34 +0000 2026,0,0,0,0,278,TRUE
2.05E+18,https://x.com/dimzsky_/status/2054913192825098676,@programmerpacil @ucokmainex @Gojo_Pranowo Menentukan ada aliran dana atau tidak bukan tugas saksi. Keterangan bahwa Jurist dan Nadiem sangat dekat membuktikan bahwa kebijakan pengadaan Chromebook ada sangkut pautnya sama Jurist. Salah kalo lu bilang Jurist gak terlibat.,Thu May 14 13:14:18 +0000 2026,0,1,0,0,41,TRUE
2.05E+18,https://x.com/PutraMataSatu/status/2054910470264652219,Pesan Bang Hotman Paris kepada Presiden @prabowo tentang perkara Chromebook Nadiem Makarim. https://t.co/gfG40I9BnT,Thu May 14 13:03:29 +0000 2026,1636,109,6373,63,153630,FALSE
2.05E+18,https://x.com/mas_ageng/status/2054903633414959465,@arekmblangsak @LambeSahamjja Dan pemilihan Chromebook juga bukan keputusan pribadi Nadiem,Thu May 14 12:36:19 +0000 2026,0,0,0,0,153,TRUE
2.05E+18,https://x.com/MikirSok/status/2054901890425790515,@LambeSahamjja Percaya Nadiem sama dengan percaya mulyono.. chromebook sudah diprotes banyak orang di medsos juga. Tapi tetap jalan. Ya kali orang baik kerja sama maling dan lama.,Thu May 14 12:29:23 +0000 2026,0,0,1,0,4148,TRUE
2.05E+18,https://x.com/syzwz/status/2054901283925209566,"Gue sih yakin kalo urusan chormebook si nadiem gak butuh advice dari siapapun dia cuma butuh pembeneran !! coz dari dolo diknas gak setuju chromebook, dan inget pemahaman bisnis data si nadiem lebih pinter dari staff ahli / staff khusus nya gue jamin !!",Thu May 14 12:26:58 +0000 2026,0,0,0,0,24,FALSE
2.05E+18,https://x.com/NeonBullet79/status/2054896013371183399,"Saat menjabat Menteri Pendidikan, Nadiem mengeluarkan sejumlah keputusan yang menuai kontroversi. Berikut ini beberapa keputusan kontroversi Nadiem saat menjabat Menteri Pendidikan: #Chromebook #Nadiem",Thu May 14 12:06:02 +0000 2026,0,1,0,0,23,TRUE
2.05E+18,https://x.com/NeonBullet79/status/2054896011122999425,Nadiem menjabat sebagai Menteri Pendidikan di era pemerintahan Joko Widodo dan Maruf Amin pada 2019-2024. #Chromebook #Nadiem,Thu May 14 12:06:01 +0000 2026,0,1,0,0,29,TRUE
2.05E+18,https://x.com/NeonBullet79/status/2054896008967201187,"mengatakan Nadiem berperan memberi arahan kepada empat tersangka untuk mengadakan laptop berbasis ChromeOS dari Google. Arahan itu disampaikan oleh Nadiem dalam rapat Zoom Meet, pada 6 Mei 2020. #Chromebook #Nadiem",Thu May 14 12:06:01 +0000 2026,0,1,0,0,21,TRUE
2.05E+18,https://x.com/NeonBullet79/status/2054896006949650466,"Direktur Penyidikan pada Jaksa Agung Muda Tindak Pidana Khusus Kejaksaan Agung, Nurcahyo Jungkung Madyo, #Chromebook #Nadiem",Thu May 14 12:06:00 +0000 2026,0,1,0,0,34,TRUE
2.05E+18,https://x.com/NeonBullet79/status/2054896004739256486,"Kejaksaan Agung menetapkan mantan Menteri Pendidikan, Kebudayaan, Riset, dan Teknologi, Nadiem Anwar Makarim, menjadi tersangka kasus dugaan korupsi pengadaan laptop Chromebook di Kementerian Pendidikan periode 2019-2022, pada Kamis ini, 4 September 2024. #Chromebook #Nadiem",Thu May 14 12:06:00 +0000 2026,0,1,0,0,77,TRUE
2.05E+18,https://x.com/EkoWitono9/status/2054883591717572932,"@tekarok007 Mulut berbisa Tukang Tipu Amatiran @tekarok007 kembali ngegas alihkan isu seolah Bancakan Chromebook adalah dosa Nadiem. Lupa kalo fakta di pengadilan Nadiem sebut nama @jokowi sbg atasan yg beri instruksi. Termasuk aliran dana mengalir. Berani bantah hal ini, tong?! Mustahil..!! https://t.co/yhWpB1x9P7",Thu May 14 11:16:40 +0000 2026,0,0,2,0,264,TRUE
2.05E+18,https://x.com/killingmaster27/status/2054854323952365761,@ebonXboy @fsaidhamzah @evelyndewi7 @BudiGSadikin @KemenkesRI @prabowo @katrinrienks @Dihandri1 @Yens0906 @gangsterrandom @Jediimar @wiyantokdr54 @HumorJonTampan @JowoNgalam @GM_Warrios @BuruCeleng96454 Jaksa curiga harta Nadiem Rp 48 triliun hasil korupsi Chromebook,Thu May 14 09:20:22 +0000 2026,0,3,3,0,55,TRUE
2.05E+18,https://x.com/casper_gsa/status/2054868062323789978,"terimakasih pak nadiem udh bikin aplikasi gojek.  kerja pulang pergi pesan barang atau makanan pake gojek.  tapi iya kalo bapak salah tetep harus di hukum, jutaan anak negeri di zholimi sama bapak soal chromebook. sekarang terima aja hukumannya pak.  jgn nyalahin pemerintah udh nangkep bapak. pemerintahan presiden prabowo kan udah jelas dan tegas akan membasmi tindakan korupsi.",Thu May 14 10:14:58 +0000 2026,0,1,0,0,2623,TRUE
2.05E+18,https://x.com/jambret_ikan/status/2054708279994097770,"Fair aja, kakak saya guru di daerah. Pake chromebook Nadiem diakui lebih bagus karena dengan keadaan sinyal cuman 1 bar bisa dipake buat ujian CBT tanpa kendala. Korupsinya di mana?",Wed May 13 23:40:03 +0000 2026,https://pbs.twimg.com/profile_images/1830249624080470017/X9NTv437_normal.jpg,0,0,0,0,76
2.05E+18,https://x.com/DantaDinta/status/2054700610310791510,"Ternyata aku PMS, semaleman nangisin Pak Nadiem. 

Tapi emang kebangetan negara ini. 

Dia ngajuin chromebook dari arahan dan putusan Jokowi tapi bukan Jokowi yang dituntut :(",Wed May 13 23:09:34 +0000 2026,https://pbs.twimg.com/profile_images/1987770614334263296/pRxtEqHb_normal.jpg,0,0,0,0,41
2.05E+18,https://x.com/allandbagus/status/2054695418777522186,"@TutySusanti Kau ditanya klo ga muter2 malah balik nanya. Kamu kan bilang ada bantuan pemerintah, Merata ngga ke smua skolah? Masih jalan ga? Orang Chromebook jaman Nadiem aja kena kasus kok, belum klo kenyataanya ga fungsi gara2 blm ada internet. Gmn mau mantep kalo fasilitas dasarny ga ada?",Wed May 13 22:48:56 +0000 2026,https://pbs.twimg.com/profile_images/650232925275820032/M04JjJV0_normal.jpg,0,1,0,0,59
2.05E+18,https://x.com/semestinyasajaa/status/2054685651245941191,diliat-liat anggaran pengadaan chromebook ini gaada apa2nya dibanding mbg cok. turut prihatin atas tuntutan jpu kepada pak Nadiem,Wed May 13 22:10:08 +0000 2026,https://pbs.twimg.com/profile_images/2044247248545165313/yTgJRmbd_normal.jpg,0,0,3,0,253
2.05E+18,https://x.com/belalangsemprul/status/2054682747285971133,"@Jelli_cent JT mana JT.. agak aneh ini.. JT nya g ketangkep2... Nadiemnya dijeblosin..

Kesalahan Nadiem cm satu, dia penunjukkan lsg buat chromebook dg anggaran segitu gede yg harusnya lelang.",Wed May 13 21:58:35 +0000 2026,https://pbs.twimg.com/profile_images/1303606144695283713/pEe_lIk9_normal.jpg,0,0,0,0,281
2.05E+18,https://x.com/zeeandksoo/status/2054669846235971839,"Dini hari ini sosmed isinya tentang kasus2 chromebook, dan aku amat sudah muak dengan negara ini. 

Semoga Allah memberi jalan yah sama Mas Nadiem dan Mas Ibam ð¥²",Wed May 13 21:07:19 +0000 2026,https://pbs.twimg.com/profile_images/1839489993611603968/kOI9v1OT_normal.jpg,0,0,0,0,45
2.05E+18,https://x.com/dwnoeg/status/2054666023815749656,"@Catatan_ali7 ini lebih sadis dibanding tuntutan ke tom lembong. tom di kriminalisasi karena politik. Pertanyaannya, Nadiem di kriminalisasi sesadis ini karena apa? Nadiem bukan orang politik, apakah proyek chromebook sejatinya justru merugikan pihak tertentu???",Wed May 13 20:52:08 +0000 2026,https://pbs.twimg.com/profile_images/1770081947030847488/LOBVtTz4_normal.jpg,0,1,6,0,1179
2.05E+18,https://x.com/elsagirl10/status/2054633661304381893,@Anak__Ogi @_Rizmaya__ @prabowo @Gerindra @KejaksaanRI saat covid dgn ter-tatih2 Nadiem dn team berjuang agar pendidikan dan pelajaran tersampaikan secara nasional melalui internet dn chromebook dgn harga terjangkau dan ahirnya para orang tua dn anak2 semakin mengetahui bgm cara belajar dgn system daring.,Wed May 13 18:43:32 +0000 2026,https://pbs.twimg.com/profile_images/1454717313198948356/rEyGnBlc_normal.jpg,0,0,17,0,1386
2.05E+18,https://x.com/68Supriyono/status/2054623280427151486,"@alisyarief Kalau mau menegakkan hukum secara adil seharusnya jangan cuma Nadiem Makarim yg di mintai pertangungjawaban atas kerugian negara terkait proyek chromebook, para pejabat tinggi yg lain yg ikut bertanggungjawab atas proyek tersebut seharusnya ikut di adili.",Wed May 13 18:02:17 +0000 2026,https://pbs.twimg.com/profile_images/1216217748151263232/eUIOfb8U_normal.jpg,0,0,2,0,111
2.05E+18,https://x.com/allbeerkins/status/2054621888136310972,"total biaya IKN sekitar 466T,
kerugian negara soal chromebook cuma 2.1T sedangkan nadiem dihukum total 27,5 th penjara, denda 1M (190 hari) &amp; pidana tambahan uang pengganti 809M dan Rp4,8 triliun subsider 9 th penjara.",Wed May 13 17:56:45 +0000 2026,https://pbs.twimg.com/profile_images/1962904446913880064/4uHLAIOv_normal.jpg,0,0,1,0,90
2.05E+18,https://x.com/haraudibarkah/status/2054621863951962528,"@Stakof Sama2 tidak menerima aliran dana, tpi alat ukurnya yaqut lebih gampang daripada nadiem. Ada jamaah reguler yg harusnya berangkat lebih cepat tapi gagal krn dialihkan ke kuota haji plus, lha nadiem ini jaksa bilang chromebook gak bermanfaat alat ukurnya apa ?",Wed May 13 17:56:40 +0000 2026,https://pbs.twimg.com/profile_images/1554462363189137410/rlip2l8I_normal.jpg,0,1,12,0,6584
2.05E+18,https://x.com/parungkil/status/2054611815972397380,"@justbarren @SeekHustle Nadiem bilang presiden perintah dia utk mendigitalisasi pendidikan, gak lsg Chromebook dan gak ada saksi atas perintah itu. beda dengan Tom Lembong...dengan meyakinkan dan ada bukti dan saksi bahwa dia diperintah presiden melakukan...",Wed May 13 17:16:44 +0000 2026,https://pbs.twimg.com/profile_images/1787535536049332227/q3aKZww-_normal.jpg,1,1,2,0,1409
2.05E+18,https://x.com/parungkil/status/2054608036560576917,"@justbarren @SeekHustle itulah kesalahan si Nadiem memaksakan Chromebook, pada hal pada masa itu org tak ngerti gunakan Chrome OS. 
menurutku Jaksa sudah betul mendakwa Nadiem seberat itu...agar ada efek jera bagi orang2 yg merasa paling pintar dan mengerti pendidikan di Indonesia ini.",Wed May 13 17:01:43 +0000 2026,https://pbs.twimg.com/profile_images/1787535536049332227/q3aKZww-_normal.jpg,1,3,0,1,2742
2.05E+18,https://x.com/march_noona/status/2054607846608904348,"kalau program chromebook nadiem aja bisa berakhir dengan tuntutan 18 tahun penjara, bagaimana program makanan...",Wed May 13 17:00:58 +0000 2026,https://pbs.twimg.com/profile_images/2053542673521451008/Q1qIXxve_normal.jpg,0,0,0,0,13
2.05E+18,https://x.com/neVerAl0nely___/status/2054606178479677785,"Mantan Mendikbudristek Nadiem Makarim tampak tak kuasa menahan air mata dan memeluk keluarga serta para pengemudi ojek online yang hadir memberikan dukungan di lobi Pengadilan Tipikor Jakarta Pusat, usai menjalani sidang tuntutan kasus dugaan korupsi pengadaan laptop Chromebook dan CDM, Rabu (13/5/2026).

Dalam sidang tersebut, jaksa Roy Riady menuntut Nadiem dengan pidana 18 tahun penjara, denda Rp1 miliar subsider 190 hari kurungan, serta uang pengganti total Rp5,6 triliun. Jika harta benda Nadiem tidak mencukupi untuk menutupi uang pengganti, diganti dengan pidana kurungan selama 9 tahun.",Wed May 13 16:54:20 +0000 2026,https://pbs.twimg.com/profile_images/1859487903271034880/dVbXbMJ__normal.jpg,4,2,20,0,5387
2.05E+18,https://x.com/parungkil/status/2054604834796716400,"@ardisatriawan Hadeuh...sudah terang benderang begitu kasusnya koq masih gak paham sih.
Kalau Nadiem mau bebas harusnya kasih bukti yg perintah gunakan  chromebook itu Jokowi...
Seperti kasus Tom Lembong...dia hanya melaksanakan perintah Jokowi.",Wed May 13 16:48:59 +0000 2026,https://pbs.twimg.com/profile_images/1787535536049332227/q3aKZww-_normal.jpg,0,0,0,0,126
2.05E+18,https://x.com/restafajri/status/2054604616927723982,"@Jelli_cent replacement funds against Nadiem Makarim in the Chromebook corruption trial, asserting that trial evidence refuted the charges against him.",Wed May 13 16:48:08 +0000 2026,https://pbs.twimg.com/profile_images/1850597656252596225/l8wPUvUq_normal.jpg,0,0,1,0,118
2.05E+18,https://x.com/rahhmmathh/status/2054602482781974923,"@streetlawyers85 @MurtadhaOne1 Hanya untuk nadiem dan ibam? pertamina, pt timah dll gimana? Harusnya kerugian dari pertamina dan timah lebih dari kerugian chromebook?",Wed May 13 16:39:39 +0000 2026,https://pbs.twimg.com/profile_images/1431975494786768903/IwkcpvpL_normal.jpg,0,0,0,0,33
2.05E+18,https://x.com/vermooich/status/2054602213302079668,"gw mo muntah tiap liat update kasus nadiem dan ibam. gw yakin nadiem punya dosa gede buat ni negara but I'm so sure itu bukan pengadaan chromebook. 
gw gatau gmn perasaan guru ke ibam and team soal apakah mereka terlalu tech oriented tanpa ngeliat fakta lapangan soal kondisi-",Wed May 13 16:38:34 +0000 2026,https://pbs.twimg.com/profile_images/1880925334167859200/aNtvxX8n_normal.jpg,0,1,0,0,92
2.05E+18,https://x.com/bassbuzz_/status/2054592431258218596,"@zanatul_91 Ini mau bahas kebenaran, berdasar FAKTA? 
Atau opini pribadi krn keresahan sistem pendidikan kita yg udah Gagal total sejak era Soeharto namun dibebankan ke nadiem? 
Harus dipisahkan. Kasus chromebook ini harus sesuai Fakta dan Bukti persidangan. 

Klo mslah kebijakan, beda lagi",Wed May 13 15:59:42 +0000 2026,https://pbs.twimg.com/profile_images/475466025220050945/9dRDBx5I_normal.jpeg,1,0,1,0,199
2.05E+18,https://x.com/scofierceyanhar/status/2054587572249317377,"@WOLF_of_IHSG yang di zoom meeting Nadiem bilang ""go ahead with Chromebook"" tanggal 6 mei 2020 sebelum kajian teknis selesai itu bener gak sih?",Wed May 13 15:40:24 +0000 2026,https://pbs.twimg.com/profile_images/1993669926109040640/Og5sTXCf_normal.jpg,1,1,4,0,5816
2.05E+18,https://x.com/nyahojaa/status/2054585587332690041,mungkin kasus chromebook ibam sama nadiem tuh gambaran dari memiskinkan koruptor but gone wrong (maybe ?),Wed May 13 15:32:31 +0000 2026,https://pbs.twimg.com/profile_images/1940454095459852288/GqVodpKa_normal.jpg,0,1,0,0,23
2.05E+18,https://x.com/Abdullahkukuh1/status/2054580704537985422,"Mungkin di incar karena banyak duit si nadiem ini.
Tapi saya pernah dengar bahwa aturan yg benar adalah tidak boleh menentukan barang, merk dalam pengadaan, jadi tinggal melaksanakan, tapi katanya nadiem ini sudah punya ide chromebook, sebelum jadi menteri ? 
Apa itu sebabnya ?",Wed May 13 15:13:06 +0000 2026,https://pbs.twimg.com/profile_images/1825201910993055744/h5lxamTP_normal.jpg,0,0,0,0,35
2.05E+18,https://x.com/minimalpintar/status/2054580292875338238,"berikutnya menkeu 

Chromebook
BUMC
Pesta Babi
Nadiem https://t.co/XR2d3suySb",Wed May 13 15:11:28 +0000 2026,https://pbs.twimg.com/profile_images/1978105694361468928/pr5odfCE_normal.jpg,0,0,0,0,45
2.05E+18,https://x.com/ozamari2023/status/2054579747867578371,"Pak jaksa sensi pas mas nadiem sebut nama jokowi dalam sidang kasus chromebook ... Nggak usah sensi gt pak, toh semua ucapan mas nadiem bisa dikonfrontir, bahkan kalau pak jaksa berani, langsung konfrontasi dengan pak jokowi. Apa punya nyali?? Omon2 doang sih??",Wed May 13 15:09:18 +0000 2026,https://pbs.twimg.com/profile_images/2048673060149198848/VK9cG0-V_normal.jpg,0,0,0,0,127
2.05E+18,https://x.com/Kimimochiiy/status/2054577212599546342,"jujur aneh bangeet. Nadiem kasus chromebook yg kemungkinan dipakek pas pandemi aja bisa kena kasus gitu. masa yang kayak gini, ngabisin duit gede2an yg bisa bikin Indonesia ekonominya lebih maju gak diusut. woy yg diatas tuh pada ngapain sih kok sembarangan",Wed May 13 14:59:14 +0000 2026,https://pbs.twimg.com/profile_images/1923759481885732864/pw4MaQmX_normal.jpg,0,0,0,0,13
2.05E+18,https://x.com/kompascom/status/2054574652438286462,"Eks Menteri Pendidikan, Kebudayaan, Riset, dan Teknologi, Nadiem Makarim menangis usai dituntut 18 tahun penjara dalam kasus dugaan korupsi pengadaan Chromebook di Pengadilan Negeri Jakarta Pusat, Rabu (13/05/2026).

Kreatif: Rega Almuhtada 
Produser: Akhdi Martin Pratama

#NadiemMakarim #Tuntutan ##Cut",Wed May 13 14:49:03 +0000 2026,https://pbs.twimg.com/profile_images/1577144849437888514/d9x3nKN8_normal.jpg,14,11,47,3,7731
2.05E+18,https://x.com/123xtg123/status/2054572520058351892,@mertyasndra @narkosun Gak ada yg ancur tolol. Yg bikin ancur tuh yg mereferensikan nadiem membeli chromebook dgn harga ryzen7,Wed May 13 14:40:35 +0000 2026,https://pbs.twimg.com/profile_images/1846205976749502464/SDAllPwW_normal.jpg,0,0,0,0,307
2.05E+18,https://x.com/boosenn/status/2054572130642395483,"@Jelli_cent Memang gak ada aliran dana anggaran negara ke rekening Nadiem, tapi mungkin yg dicurigai kenapa Nadiem bersikukuh pakai produk Google (chromebook) dan sampai ketemu dgn pihak Google Indonesia walau pas kajian awal produk ini gak efektif di bbrpa daerah",Wed May 13 14:39:02 +0000 2026,https://pbs.twimg.com/profile_images/1899437379393327104/et_0fcTl_normal.jpg,0,0,0,0,1413
2.05E+18,https://x.com/kompascom/status/2054571507427451097,"Baca selengkapnya: https://t.co/b0Re0YZTp0

Sidang kasus pengadaan Chromebook kembali menyeret nama Nadiem Makarim di Tipikor Jakarta. JPU menuntut Nadiem 18 tahun penjara dan denda Rp 1 miliar.

Sebelumnya, ia mengaku banyak orang membujuknya menolak jabatan Mendikbudristek. Apa yang membuatnya tetap menerima amanah tersebut?

~RK",Wed May 13 14:36:34 +0000 2026,https://pbs.twimg.com/profile_images/1577144849437888514/d9x3nKN8_normal.jpg,2,3,7,0,3122
2.05E+18,https://x.com/LinggisSabit/status/2054569233531687177,"@Jelli_cent @bangherwin @Kemdikdasmen Bgmn CARA NEGARA KITA MENGUKUR KEBERHASILAN SUATU SISTEM KURIKULUM PENDIDIKAN! @Kemdikdasmen 
Kenapa?
Karena ""Setiap Menteri Diganti maka KURIKULUM BERUBAH n ISI BUKU PENGAJARAN pun BERUBAH!

Kasus Chromebook Nadiem  Perjanjian Google - Goto = Penerbit - Guru â¡ï¸ UNSUR LAIN MATI!",Wed May 13 14:27:31 +0000 2026,https://pbs.twimg.com/profile_images/2036412274920079361/Iwkhz-Mf_normal.jpg,0,0,0,0,59
2.05E+18,https://x.com/aang_saputra/status/2054566923225157913,"Nadiem Makarim dipenjara 18 tahun karena chromebook.
Bodo amat, Jokowi juga harus dipenjara seumur hidup karena IKN!!!",Wed May 13 14:18:21 +0000 2026,https://pbs.twimg.com/profile_images/1693789144693293056/lRj1Yuwg_normal.jpg,0,0,6,0,431
2.05E+18,https://x.com/kompascom/status/2054562785192018151,"Baca selengkapnya: https://t.co/ctgTUxamQU

Sorotan sidang korupsi Chromebook membuat Nadiem Makarim banjir dukungan dari keluarga dan pendukungnya. Usai sidang, ia meminta doa untuk dirinya, Ibrahim Arief, dan tahanan korupsi yang merasa tak bersalah.

Nadiem juga berterima kasih kepada ojol, guru, hingga alumni MBKM yang terus memberi semangat. Di tengah tuntutan 18 tahun penjara, bagaimana respons lengkap Nadiem di ruang sidang?

~RK",Wed May 13 14:01:54 +0000 2026,https://pbs.twimg.com/profile_images/1577144849437888514/d9x3nKN8_normal.jpg,0,2,7,1,2836
2.05E+18,https://x.com/inilahdotcom/status/2054555522318090326,"Mantan Menteri Pendidikan dan Kebudayaan,Â Nadiem Anwar Makarim, dituntut pidana 18 tahun penjara serta denda Rp1 miliar subsider 190 hari kurungan dalam perkara dugaan korupsi pengadaan laptop Chromebook dan Chrome Device Management (CDM) di Kemendikbudristek.

Jaksa penuntut umum menyatakan Nadiem terbukti merugikan keuangan negara dalam proyek pengadaan teknologi informasi dan komunikasi (TIK) untukÂ program digitalisasi pendidikanÂ tahun anggaran 2020â2022.

Jaksa turut menuntut pembayaran uang pengganti dengan nilai total Rp 5,68 triliun. Nilai tersebut terdiri atas Rp 809,5 miliar dan Rp 4,87 triliun yang disebut berkaitan dengan kerugian dalamÂ proyek pengadaan ChromebookÂ dan layanan pendukungnya.
-

Selengkapnya kunjungi website dengan klik link di bio atau download aplikasi di Appstore dan  Google Play Store.

#inilahnews #inilahcom #titiktengah #titikcerah #",Wed May 13 13:33:02 +0000 2026,https://pbs.twimg.com/profile_images/1722832886800515072/uj4iptlj_normal.jpg,1,0,2,0,264
2.05E+18,https://x.com/antaranews/status/2054554977377591431,"""Jadi, tidak cukup saya dimasukkan ke penjara, mereka menuntut uang pengganti sebesar Rp4 triliun plus Rp809 miliar, jadi totalnya itu Rp5 triliun,"" kata Nadiem

#nadiem #sidang #korupsi #chromebook
Baca selengkapnya 
https://t.co/4RqhkdDczC https://t.co/vrW3heSaW2",Wed May 13 13:30:53 +0000 2026,https://pbs.twimg.com/profile_images/1193345348573396992/Cd3dfZfq_normal.jpg,12,7,26,6,3178
2.05E+18,https://x.com/dayabeliwarga/status/2054540677019820473,"Nadiem Makarim Dituntut 18 Tahun Penjara + denda Rp 1 miliar (subsider 190 hari kurungan)

JPU Kejaksaan Agung Roy Riady menuntut mantan Mendikbudristek Nadiem Anwar Makarim dengan pidana 18 tahun penjara terkait kasus dugaan korupsi pengadaan Chromebook dan Chrome Device Management (CDM).

Uang pengganti total Rp 5,6 triliun (Rp 809 miliar + Rp 4,87 triliun). Jika tidak dibayar dalam 1 bulan, harta disita/dilelang; jika masih kurang, diganti penjara 9 tahun tambahan

Duduk perkara:
1. Dalam kasus ini, Nadiem didakwa melakukan korupsi dalam pengadaan laptop Chromebook dan CDM di Kemendikbudristek tahun 2019-2022, yang merugikan keuangan negara senilai Rp 2,18 triliun.
2. Jaksa menyebut Nadiem menyalahgunakan kewenangannya sehingga Google menjadi satu-satunya penguasa pengadaan TIK di ekosistem teknologi pendidikan Indonesia, dengan mengarahkan kajian pengadaan pada satu produk yakni perangkat berbasis Chrome milik Google.
3. Nadiem diduga menerima Rp 809,59 miliar dari.

Perlu dicatat ini baru tuntutan jaksa, bukan vonis hakim. Sidang masih akan berlanjut dengan pledoi (pembelaan) dari tim kuasa hukum Nadiem sebelum hakim menjatuhkan putusan.",Wed May 13 12:34:03 +0000 2026,https://pbs.twimg.com/profile_images/2013896975738195968/MA_Em-in_normal.jpg,0,0,0,0,279
2.05E+18,https://x.com/Metro_TV/status/2054536160442261786,"Mantan Menteri Pendidikan dan Kebudayaan era Presiden Joko Widodo, Nadiem Anwar Makarim, dituntut 18 tahun penjara dalam kasus dugaan korupsi pengadaan laptop Chromebook dan Chrome Device Management (CDM) di lingkungan Kemendikbudristek tahun 2020 hingga 2022.

Tuntutan dibacakan jaksa penuntut umum dalam sidang di Pengadilan Tindak Pidana Korupsi (Tipikor) pada Pengadilan Negeri Jakarta Pusat, Rabu, 13 Mei 2026.

Dalam amar tuntutannya, jaksa menyatakan Nadiem terbukti secara sah dan meyakinkan melakukan tindak pidana korupsi yang merugikan keuangan negara dalam program digitalisasi pendidikan. Selain pidana penjara selama 18 tahun, Nadiem juga dituntut membayar denda sebesar Rp1 miliar subsider 190 hari kurungan.

Jaksa juga menuntut pidana tambahan berupa pembayaran uang pengganti senilai Rp809,5 miliar, serta Rp4,8 triliun yang disebut sebagai harta kekayaan yang tidak seimbang dengan penghasilan sah terdakwa.

Menurut jaksa, pengadaan laptop Chromebook dan CDM tidak didasarkan pada kebutuhan riil pendidikan dasar dan menengah, khususnya di daerah 3T atau tertinggal, terdepan, dan terluar. Program itu disebut justru mengalami kegagalan pemanfaatan dan menyebabkan kerugian negara mencapai Rp2,18 triliun.

Dalam persidangan, jaksa menyebut Nadiem bersama staf khususnya, Jurist Tan, serta konsultan Ibrahim Arief, mengarahkan tim teknis untuk menunjuk pengadaan Chromebook dalam program digitalisasi pendidikan.

Jaksa menilai perbuatan tersebut tidak mendukung upaya pemerintah dalam menciptakan penyelenggaraan negara yang bersih dari korupsi, kolusi, dan nepotisme.

#nadiemmakarim #kasuskorupsi #korupsichromebook",Wed May 13 12:16:06 +0000 2026,https://pbs.twimg.com/profile_images/1600314665216925696/cGfZREZ6_normal.jpg,2,1,7,2,1491
2.05E+18,https://x.com/RadioElshinta/status/2054535242342715412,"Jaksa Penuntut Umum Kejaksaan Agung menuntut Menteri Pendidikan, Kebudayaan, Riset, dan Teknologi periode 2019-2024 Nadiem Makarim dengan pidana penjara 18 tahun penjara terkait dugaan korupsi Chromebook.

""Menuntut agar terdakwa dinyatakan secara sah dan meyakinkan bersalah melakukan tindak pidana korupsi secara bersama-sama, sebagaimana dakwaan primer penuntut umum,"" kata Jaksa Penuntut Umum dari Kejaksaan Agung Roy Riady dalam sidang pembacaan surat tuntutan di Pengadilan Tipikor pada PN Jakpus, Rabu (13/5/2026)

Nadiem di denda sebesar Rp1 miliar dan dikenai pidana tambahan yaitu pembayaran uang pengganti senilai Rp809,59 miliar dan Rp4,87 triliun subsider 9 tahun penjara.

#nadiemmakarim #korupsi #chromebook #jaksapenuntutumum #penjara",Wed May 13 12:12:27 +0000 2026,https://pbs.twimg.com/profile_images/2022523565892071424/x-uCJu3L_normal.jpg,0,1,3,0,619
2.05E+18,https://x.com/deliknewsX/status/2054528328682619261,"ð¨ Nadiem Makarim Dituntut 18 Tahun Penjara Kasus Korupsi Chromebook 

Jaksa Penuntut Umum Kejaksaan Agung menuntut mantan Mendikbudristek Nadiem Makarim pidana penjara selama 18 tahun dalam sidang tuntutan di Pengadilan Tipikor Jakarta, Rabu (13/5/2026). 

 Jaksa nilai Nadiem terbukti merugikan keuangan negara dalam pengadaan laptop Chromebook + Chrome Device Management (CDM) tahun 2020-2022.  

Tuntutan tambahan:

>Uang pengganti Rp5,6 triliun
>Denda Rp1 miliar
>Jika tidak bayar â harta dirampas + tambahan kurungan hingga 9 tahun

Jaksa sebut perbuatan ini menghambat pemerataan pendidikan di Indonesia.  

Baca lengkap: 

https://t.co/tUMrBTfW2C

Pertanyaan: 

Apakah tuntutan ini sudah proporsional, atau masih ada yang lebih besar di balik kasus ini?  Kirim opini atau data terkait ke reply. 

Kita bedah bareng.  #deliknewsX #FaktaTanpaKompromi #NadiemMakarim #KorupsiChromebook #BedahAliranDana",Wed May 13 11:44:59 +0000 2026,https://pbs.twimg.com/profile_images/2038921018207834112/cd4Z-lx4_normal.jpg,0,0,0,0,87
2.05E+18,https://x.com/aan_media/status/2054526995464433680,"Nadiem Anwar Makarim, dituntut pidana 18 tahun penjara serta denda Rp1 miliar subsider 190 hari kurungan dalam perkara dugaan korupsi pengadaan laptop Chromebook dan Chrome Device Management (CDM) di Kemendikbudristek.",Wed May 13 11:39:41 +0000 2026,https://pbs.twimg.com/profile_images/1963970150698545152/gZcRukiT_normal.jpg,0,0,0,0,86
2.05E+18,https://x.com/haluandotco/status/2054525144840675621,"Mantan Menteri Pendidikan, Kebudayaan, Riset, dan Teknologi Nadiem Makarim dituntut hukuman 18 tahun penjara dalam kasus dugaan korupsi pengadaan laptop Chromebook dan Chrome Device Management (CDM).

Tuntutan tersebut dibacakan jaksa penuntut umum dalam sidang di Pengadilan Tipikor Jakarta Pusat, Rabu (13/5/2026). Jaksa menyatakan Nadiem terbukti secara sah dan meyakinkan melakukan tindak pidana korupsi secara bersama-sama dalam proyek pengadaan perangkat pendidikan tersebut.",Wed May 13 11:32:20 +0000 2026,https://pbs.twimg.com/profile_images/2022544064365944834/SeegEatH_normal.jpg,0,1,0,0,211
2.05E+18,https://x.com/kunyah_ajaa/status/2054524604014551308,"Nadiem Makarim, sosok yang banyak menginspirasi, kini menghadapi tuntutan 18 tahun penjara dalam kasus Chromebook. Kita semua tentunya merasakan berbagai emosi saat mendengar berita ini. Mari kita dukung proses hukum dengan bijak dan tetap berharap untuk keadilan yang seimbang.",Wed May 13 11:30:11 +0000 2026,https://pbs.twimg.com/profile_images/2006585531447304192/tkXKpuQ1_normal.jpg,0,1,0,0,63
2.05E+18,https://x.com/NarasiNewsroom/status/2054524119954395477,"Jaksa Penuntut Umum (JPU) menuntut Nadiem Makarim, terdakwa kasus dugaan korupsi Chromebook, dengan pidana 18 tahun penjara. Tuntutan itu disampaikan jaksa dalam persidangan di Pengadilan Tipikor pada PN Jakarta Pusat, Rabu (13/5/2026).

Selain pidana penjara, eks Mendikbudristek itu juga dituntut membayar denda Rp1 miliar, subsider kurungan 190 hari. Jaksa juga menuntut pidana tambahan berupa pembayaran uang pengganti senilai Rp809.596.125.000 dan Rp4.871.469.603.758.",Wed May 13 11:28:16 +0000 2026,https://pbs.twimg.com/profile_images/1592421400073363458/vicpTrSZ_normal.jpg,114,28,399,25,17650
2.05E+18,https://x.com/Melihat_Indo/status/2054524078103650555,"Jaksa Nilai Chromebook Gagal Dimanfaatkan, Nadiem Dituntut 18 Tahun Penjara

Sidang kasus dugaan korupsi program digitalisasi pendidikan di Kemendikbudristek memasuki agenda pembacaan tuntutan. 

Dalam perkara tersebut, jaksa penuntut umum menuntut mantan Menteri Pendidikan dan Kebudayaan Nadiem Anwar Makarim dengan hukuman 18 tahun penjara terkait pengadaan laptop Chromebook dan Chrome Device Management (CDM) tahun 2020-2022.

Tuntutan itu dibacakan dalam sidang di Pengadilan Tindak Pidana Korupsi (Tipikor) Jakarta Pusat, Rabu (13/5). Selain pidana penjara, Nadiem juga dituntut membayar denda Rp1 miliar subsider 190 hari kurungan.

""Menjatuhkan pidana terhadap terdakwa Nadiem Anwar Nakarim oleh karena itu dengan pidana selama 18 tahun,"" ujar Jaksa Roy Riady saat membacakan amar tuntutan pidana di Pengadilan Tindak Pidana Korupsi (Tipikor) pada Pengadilan Negeri (PN) Jakarta Pusat, Rabu (13/5).

Jaksa juga menuntut pidana tambahan berupa pembayaran uang pengganti sebesar Rp809,5 miliar dan Rp4,8 triliun. Jika tidak dibayarkan, maka diganti dengan pidana 9 tahun penjara.

Dalam persidangan, jaksa menyebut Nadiem bersama Jurist Tan yang kini buron dan Ibrahim Arief alias Ibam mengarahkan tim teknis untuk memilih Chromebook dalam program digitalisasi pendidikan. Pengadaan itu dinilai tidak sesuai kebutuhan pendidikan di Indonesia.

""Sehingga mengalami kegagalan pemanfaatan khususnya di daerah 3T (Tertinggal, Terdepan, Terluar) merupakan perbuatan melawan hukum dan pengkhianatan terhadap konstitusi,"" ucap jaksa.

Jaksa menilai perbuatan tersebut menghambat kualitas pendidikan dan menyebabkan kerugian negara sangat besar. Nadiem juga disebut berbelit-belit saat memberikan keterangan di persidangan.

""Hal-hal meringankan terdakwa belum pernah dihukum,"" ucap jaksa.
Kasus ini disebut merugikan negara hingga Rp2,18 triliun, yang terdiri dari Rp1,56 triliun dalam program digitalisasi pendidikan dan sekitar Rp621,39 miliar akibat pengadaan CDM yang dinilai tidak diperlukan.

Sementara itu, terdakwa lain dalam perkara ini seperti Ibrahim Arief, Mulyatsyah, dan Sri Wahyuningsih telah lebih dulu divonis bersalah oleh Pengadilan Tipikor Jakarta.",Wed May 13 11:28:06 +0000 2026,https://pbs.twimg.com/profile_images/1672038671456022528/2rsFJQ3n_normal.jpg,0,0,0,0,137
2.05E+18,https://x.com/madrid_jkt58/status/2054521608161874310,"@frans070707 @To_Evermore Kenapa uang kopi, karena kubu Nadiem serakah.
30% dikekep sendiri.
30% cocok sama harga wajar Chromebook 4jt yg jadi 6,3 jt
Masih aja dibelain tuh koruptor.
Awokawok 
https://t.co/Wq1WdVAA5S",Wed May 13 11:18:17 +0000 2026,https://pbs.twimg.com/profile_images/1880050774077763585/bQKohlEg_normal.jpg,0,1,1,0,198
2.05E+18,https://x.com/AktualisX/status/2054519877453701459,"Vonis ""Mark-Up"" Chromebook Rp5,2 Triliun dan Bayang-Bayang Tuntutan Nadiem Makarim - Dalam amar tuntutannya, JPU meminta Majelis Hakim untuk menyatakan Nadiem Makarim bersalah secara sa... https://t.co/yTBUg5fKw6",Wed May 13 11:11:24 +0000 2026,https://pbs.twimg.com/profile_images/2025917864625278976/JMFvcZiT_normal.jpg,0,0,0,0,92
2.05E+18,https://x.com/neVerAl0nely___/status/2054516505753288984,"Masih percaya dengan penegakkan hukum di Indonesia

Jakarta - Mantan Mendikbudristek Nadiem Makarim dituntut hukuman 18 tahun penjara. Jaksa menyakini Nadiem bersalah dalam kasus korupsi pengadaan laptop Chromebook dan Chrome Device Management (CDM).
""Menuntut supaya majelis hakim menyatakan terdakwa Nadiem Anwar Makarim telah terbukti secara sah dan meyakinkan bersalah melakukan tindak pidana korupsi yang dilakukan secara bersama-sama,"" ujar jaksa Roy Riady saat membacakan amar tuntutan di Pengadilan Tipikor Jakarta Pusat, Rabu (13/5/2026).

""Menjatuhkan pidana terhadap terdakwa Nadiem Anwar Makarim oleh karena itu dengan pidana penjara selama 18 tahun,"" imbuh jaksa.",Wed May 13 10:58:00 +0000 2026,https://pbs.twimg.com/profile_images/1859487903271034880/dVbXbMJ__normal.jpg,5,4,25,0,14871
2.05E+18,https://x.com/glennmars/status/2054493055139672464,"ð´ LIVE | Nadiem Makarim Hadapi Sidang Tuntutan Kasus Korupsi Chromebook https://t.co/PJsx1icNZb 

Apa cuma aku yang kalo dengerin tuntutan dan putusan tuh khusuk banget.
Semua harus diem dan dengerin juga.",Wed May 13 09:24:49 +0000 2026,https://pbs.twimg.com/profile_images/2001433282404286464/n2Ff2Hdx_normal.jpg,0,1,1,0,456
2.05E+18,https://x.com/frans070707/status/2054490230527521076,"@madrid_jkt58 @To_Evermore expert nya vendor app windows ya?ð
Chromebook jadi backbone digitalisasi sekolah di Malaysia &amp; Thailand

85% dari 1.4juta Chromebook yg dibeli Nadiem, masih terpakai di 2025
saat Assemen Nasional berbasis komputer(ANBK) 2024 hampir 1jt pakai Chromebook 
73%ð²ð¨ tercover 4G https://t.co/hK4XHZddUE",Wed May 13 09:13:36 +0000 2026,https://pbs.twimg.com/profile_images/1862456090715107328/oS9HUVgO_normal.jpg,0,2,0,0,79
2.05E+18,https://x.com/kompascom/status/2054458303166685223,"Mantan Menteri Pendidikan, Kebudayaan, Riset, dan Teknologi (Mendikbudristek), Nadiem Makarim menghadiri sidang pembacaan tuntutan dalam kasus dugaan korupsi pengadaan Chromebook di Pengadilan Tindak Pidana Korupsi (Tipikor) Jakarta Pusat, Rabu (13/5/2025).

Ia tampak mengenakan gelang detektor elektronik untuk memantau pergerakannya selama masa persidangan.

Nadiem mengungkapkan rasa syukurnya karena telah diizinkan menjalani perawatan medis di rumah (tahanan rumah) sejak Selasa, 12 Mei 2025.

Nadiem juga merasa sedih dan prihatin atas hukuman empat tahun penjara yang dijatuhkan kepada eks konsultan teknologi Kemendkbudristek, Ibrahim Arief.

Menurut Nadiem, Ibrahim semestinya dapat divonis bebas oleh hakim.

ð¥ : https://t.co/vjpdEjXeyT Laela Malhikmah

Penulis:  Siti Laela Malhikmah, Nicholas Ryan Aditya
Kreatif: Jessica Meisya Kurnia
Produser: Elizabeth Ayudya Ratna

~J #NadiemMakarim #Sidang #Cut",Wed May 13 07:06:44 +0000 2026,https://pbs.twimg.com/profile_images/1577144849437888514/d9x3nKN8_normal.jpg,18,7,63,2,6039
2.05E+18,https://x.com/kompascom/status/2054458164654059530,"Pemandangan berbeda terlihat di Pengadilan Tipikor Jakarta Pusat, Rabu (13/5/2026), saat mantan Menteri Pendidikan, Kebudayaan, Riset, dan Teknologi (Mendikbudristek) Nadiem Makarim hadir untuk menjalani sidang pembacaan tuntutan dalam kasus dugaan korupsi pengadaan Chromebook.

~RS",Wed May 13 07:06:11 +0000 2026,https://pbs.twimg.com/profile_images/1577144849437888514/d9x3nKN8_normal.jpg,24,2,113,4,4897
2.05E+18,https://x.com/pikiran_rakyat/status/2054446697418530925,"Nadiem Makarim Siap Hadapi Sidang Tuntutan

Mantan Menteri Pendidikan, Kebudayaan, Riset, dan Teknologi (Mendikbudristek) Nadiem Anwar Makarim menyatakan siap menjalani sidang pembacaan tuntutan dalam kasus dugaan korupsi pengadaan laptop Chromebook dan Chrome Device Management (CDM) di Pengadilan Tipikor Jakarta Pusat, Rabu 13 Mei 2026.

Asep Bidin Rosidin/PRMN

#nadiemmakarim #sidang #viral",Wed May 13 06:20:37 +0000 2026,https://pbs.twimg.com/profile_images/2043978729442197504/4h5cyO1e_normal.jpg,0,0,1,0,336
2.05E+18,https://x.com/egaskalit/status/2054425030113755522,"@rayestu Mohon info argumen team hukum Nadiem dan Ibam di persidangan terkait:
1. Kenapa masih pengadaan chromebook padahal di Malaysia sudah pernah gagal. 
2. Kenapa chromebook tetap dibeli untuk daerah Tertinggal?",Wed May 13 04:54:31 +0000 2026,https://pbs.twimg.com/profile_images/983525604262690816/nCl1GleK_normal.jpg,0,2,2,1,3502
2.05E+18,https://x.com/ndd_apm/status/2054423985971167686,@NayDonuts Ibam dipilih langsung oleh Nadiem &amp; digaji oleh yayasan yg lagi jualan Chromebook ð,Wed May 13 04:50:22 +0000 2026,https://pbs.twimg.com/profile_images/1992415661180801024/U3T3al8B_normal.jpg,0,0,2,0,159
2.05E+18,https://x.com/repvblicy/status/2054421655162851365,"@NayDonuts Konsultan netral itu label palsu. Mulai dari cara dia dipilih (Nadiem), sumber gajinya (Yayasan), sampe tujuan akhirnya (Chromebook) ð¤­",Wed May 13 04:41:06 +0000 2026,https://pbs.twimg.com/profile_images/1157728704941789184/-zIXiRxZ_normal.jpg,0,0,2,0,103
2.05E+18,https://x.com/pikiran_rakyat/status/2054417497315549302,"Pengunjung Padati Ruang Sidang Jelang Tuntutan Nadiem Makarim

Mantan Menteri Pendidikan, Kebudayaan, Riset, dan Teknologi (Mendikbudristek) Nadiem Anwar Makarim dijadwalkan menjalani sidang pembacaan tuntutan dalam kasus dugaan korupsi pengadaan laptop Chromebook dan Chrome Device Management (CDM) di Pengadilan Tipikor Jakarta Pusat, Rabu 13 Mei 2026.

Asep Bidin Rosidin/PRMN

#nadiemmakarim #sidang #viral",Wed May 13 04:24:35 +0000 2026,https://pbs.twimg.com/profile_images/2043978729442197504/4h5cyO1e_normal.jpg,0,0,1,0,302
2.05E+18,https://x.com/PngAdilnR4kyt/status/2054412175335444713,"TANGKAP DAN ADILI JOKOWI BIANG KEROK KORUPSI YANG TERJADI DI INDONESIA...

ADA KARAT POLITIK...
ROCKY GERUNG PELUK NADIEM MAKARIM DI SIDANG KORUPSI CHROMEBOOK 2,1 TRILIUN....â¼ï¸

#2026JokowiHarusDiadili
#2026JokowiHarusDiadili
ðð https://t.co/fU1lapobVp",Wed May 13 04:03:26 +0000 2026,https://pbs.twimg.com/profile_images/1631783329547837440/TNmqVRFR_normal.jpg,784,130,2448,18,43726
2.05E+18,https://x.com/biangproject_/status/2054405950266851800,"Mantan konsultan Kemendikbudristek era Nadiem Makarim, Ibrahim Arief alias Ibam, divonis 4 tahun penjara. Hakim menyatakan Ibam bersalah dalam kasus dugaan korupsi pengadaan Chromebook dan Chrome Device Management (CDM).

""Menyatakan Terdakwa Ibrahim Arief alias Ibam terbukti secara sah dan meyakinkan bersalah melakukan tindak pidana korupsi secara bersama-sama sebagaimana dalam dakwaan subsider,"" kata ketua majelis hakim Purwanto S Abdullah saat membacakan amar putusan di Pengadilan Tipikor Jakarta Pusat, Selasa (12/5/2026).

""Menjatuhkan pidana kepada Terdakwa Ibrahim Arief alias Ibam oleh karena itu dengan pidana penjara selama 4 tahun,"" imbuh hakim.

#BiangProject #Hukum #Korupsi #IbrahimArief #NadiemMakarim",Wed May 13 03:38:42 +0000 2026,https://pbs.twimg.com/profile_images/1947503933385281539/4YE47lPk_normal.jpg,0,0,0,0,56
2.05E+18,https://x.com/RakyatBerbisik/status/2054380034883014697,"ðNADIEM TIDAK MELANGGAR HUKUM.

Mantan Ketua BPK Bpk.Agung Firman Sampurna  menegaskan di sidang kasus chromebook bahwa audit sebelumnya tidak menemukan kecurangan maupun pelanggaran hukum dalam pengadaan Chromebook era  Nadiem ,Jadi dasar apa yang dipakai untuk mendakwa Nadiemâï¸âï¸",Wed May 13 01:55:43 +0000 2026,https://pbs.twimg.com/profile_images/1696530576864587776/h64No43z_normal.jpg,14,6,25,0,10640
2.05E+18,https://x.com/egaskalit/status/2054373165393211784,"@ghozyulhaq Mohon info, apa argumen team Nadiem di pengadilan bahwa:
1. Tetap pengadaan chromebook padahal sudah gagal di Malaysia. 
2. Pengadaan chromebook juga dilakukan untuk daerah tertinggal?",Wed May 13 01:28:25 +0000 2026,https://pbs.twimg.com/profile_images/983525604262690816/nCl1GleK_normal.jpg,0,0,0,0,519
2.05E+18,https://x.com/koganenohikari/status/2054261914683998346,"@ivokun @vincentrcrd kalo ibam 4 tahun, nadiem 10 tahun, jokowi 20 tahun. ya ga sih?

dulu presidennya bilang, ""tidak ada program menteri, adanya program presiden"" termasuk chromebook?",Tue May 12 18:06:21 +0000 2026,https://pbs.twimg.com/profile_images/1962731161064742913/NeGNP2wv_normal.jpg,0,0,0,0,153
2.05E+18,https://x.com/egaskalit/status/2054213259490955637,"@BudiBukanIntel Mohon info, apa argumen Nadiem dan Ibam di persidangan, kenapa tetap ada pengadaan chromebook dan dikirim ke daerah 3T?",Tue May 12 14:53:01 +0000 2026,https://pbs.twimg.com/profile_images/983525604262690816/nCl1GleK_normal.jpg,0,1,0,0,1091
2.05E+18,https://x.com/selenadaraUtami/status/2054200588146184249,"nadiem pulang, kasus Chromebook jalan fair https://t.co/RWjOyGAsuj",Tue May 12 14:02:40 +0000 2026,https://pbs.twimg.com/profile_images/1737285212143484928/YQvVr1FD_normal.jpg,0,0,0,0,10
2.05E+18,https://x.com/To_Evermore/status/2054191054484815902,"Kenapa Hakim gak percaya Ibam netral?

Ibam itu terpilih jadi Konsultan dipilih Nadiem langsung.

Dia dibayar ""yayasan"" yang ikut sibuk bahas chromebook. 

Bahkan di pengadilan kemarin Nadiem bilang ikut nombok (?)

Gimana mau netral? 

Yang bayar dia mau pakai Chromebook kok.",Tue May 12 13:24:47 +0000 2026,https://pbs.twimg.com/profile_images/2032451236616933376/VKKOH6-g_normal.jpg,7,0,33,0,6988
2.05E+18,https://x.com/oposanvoice/status/2054175801579577350,"MAHFUD MD PERTANYAKAN KEANEHAN KASUS NADIEM DAN IBRAHIM ARIEF: KENAPA DIPAKSAKAN ? SIKAP JAKSA DAN HAKIM JUGA DISOROTI.
Menurut Mahfud, banyak kasus yang dipaksakan, ada yang ditarget, dan kelihatan banyak yang tidak profesional. Salah satunya proses hukum kasus Chromebook. https://t.co/mMFlF4GlO0",Tue May 12 12:24:10 +0000 2026,https://pbs.twimg.com/profile_images/1893694234584027136/LXmOkpvJ_normal.jpg,2,0,0,0,788
2.05E+18,https://x.com/rimapurwasih/status/2054175667345117315,"TOK!! 
Ibam, mantan konsultan Kemendikbudristek era Nadiem Makarim, divonis 4 tahun penjara dalam kasus pengadaan Chromebook dan CDM. Selain itu, ia juga dibebani denda Rp500 juta atau diganti kurungan 120 hari. 
Banyak yang mulai bertanya, apakah Ibam benarÂ²  aktor utama atau cuma jadi pihak yang paling dulu dimintai tanggung jawab alias kambing hitam? ð",Tue May 12 12:23:38 +0000 2026,https://pbs.twimg.com/profile_images/1907120383721177088/QuVK0c5i_normal.jpg,2,0,13,0,1631
2.05E+18,https://x.com/windakusmdw/status/2054167525630611816,semangat Nadiem hadapi kasus Chromebook https://t.co/wUIWbd9yfM,Tue May 12 11:51:17 +0000 2026,https://pbs.twimg.com/profile_images/1737326209338580992/KoBgG_kw_normal.jpg,0,0,0,0,21
2.05E+18,https://x.com/BVD_NEWS/status/2054164949556191498,"Nadiem Makarim Jadi Tahanan Rumah Usai Hakim Kabulkan Pengalihan Penahanan 

Majelis Hakim Pengadilan Tipikor Jakarta mengabulkan pengalihan penahanan Nadiem Makarim menjadi tahanan rumah karena faktor kesehatan dan rencana operasi Kasus dugaan korupsi pengadaan laptop Chromebook masih terus berjalan

#NadiemMakarim #TipikorJakarta #KorupsiChromebook #BeritaIndonesia #BeritaTerkini",Tue May 12 11:41:03 +0000 2026,https://pbs.twimg.com/profile_images/1924747113822617602/vauWUAx3_normal.png,0,0,1,0,190
2.05E+18,https://x.com/Heraloebss/status/2054163142801027193,"#BREAKINGNEWS â Mantan konsultan Kemendikbudristek era Nadiem Makarim, Ibrahim Arief alias Ibam, divonis 4 tahun penjara. Hakim menyatakan Ibam bersalah dalam kasus dugaan korupsi pengadaan Chromebook dan CDM

Dulu disebut fitnah, sekarang dibacakan di ruang sidang & fakta mulai bicara. Kasus Chromebook bukan cuma soal alat belajar, tapi bagaimana penggunaan uang rakyat dipertanggung Jawabkan",Tue May 12 11:33:52 +0000 2026,https://pbs.twimg.com/profile_images/2007656385828532224/QWuNEdAs_normal.jpg,37,14,56,3,65645
2.05E+18,https://x.com/SINDOnews/status/2054101771782615113,"Jaksa Penuntut Umum (JPU) Roy Riady merespons pernyataan Rocky Gerung terkait jalannya persidangan kasus dugaan korupsi chromebook dengan terdakwa mantan Mendikbudristek, Nadiem Makarim. Roy menilai yang bersangkutan hanya menyaksikan jalannya persidangan sesaat, sehingga tidak bisa menganalisis secara keseluruhan proses persidangan.

""Sidang 5 bulan, nonton 1 jam, 2 jam, langsung ber-statement, biasa ya kan, bagaimana dia bisa menganalisis sebuah peristiwa, fakta hukum, dengan alat bukti,"" kata Roy saat ditemui di Pengadilan Tipikor Jakarta, Senin (11/5/2026).

Roy juga menyoroti pernyataan Rocky terkait orang-orang eksternal yang dinilai ahli dalam bidangnya dibawa Nadiem ke Kemendikbudristek. ""Justru orang-orang luar itulah yang menjadikan sarana bagaimana Pak Nadiem ini memaksakan untuk menggunakan Chrome,"" ujarnya.

#NadiemMakarim #RockyGerung #KasusChromebook #Tipikor #KorupsiChromebook",Tue May 12 07:30:00 +0000 2026,https://pbs.twimg.com/profile_images/2019766664884371456/_ewnTQwD_normal.jpg,2,1,1,0,1320
2.05E+18,https://x.com/03__nakula/status/2054090083704443153,"Nadiem Makariem kembali menegaskan jika Ibam, konsultan yang diminta untuk memberi masukan teknis dalam proyek pengadaan Chromebook di eranya merupakan orang jujur, berintegritas dan tidak menerima uang korupsi seperti yang didakwakan JPU.
Nadiem Makariem minta dukungan masyarakat untuk mengawasi proses sidang agar keputusan yang dihasilkan benerÂ² adil.",Tue May 12 06:43:33 +0000 2026,https://pbs.twimg.com/profile_images/1984255823787466752/gCya3iNN_normal.jpg,15,1,27,0,11628
2.05E+18,https://x.com/kafiradikalis/status/2054072576490738055,"...Malah dapat analogi yg pas dengan kasus megakorupsi chromebook.

1. Juri cowo: Nadiem (Tenang)
2. Juri cewe: Jurist Tan (Arogan)
3. MC: Ibam (Trust The Giant aka Nadiem)

Khusus MC, walau mereka gak enak tapi tetap ikut apa kata juri alias trust the giant... (``,)",Tue May 12 05:33:59 +0000 2026,https://pbs.twimg.com/profile_images/1776425429236350976/gNNXofoz_normal.jpg,14,3,44,1,15300
2.05E+18,https://x.com/ariefrasyad/status/2054054491402723358,"Rocky Gerung dateng ke sidang kasus korupsi laptop Chromebook buat lihat langsung apakah prosesnya masuk akal ato gak. Setelah ikut denger, Rocky bilang jaksa sebenernya pinter, cuma kelihatan kewalahan nyusun fakta jadi bukti kuat buat ngejerat mantan Mendikbudristek Nadiem Makarim.",Tue May 12 04:22:07 +0000 2026,https://pbs.twimg.com/profile_images/1259967383000592384/05WR9p_y_normal.jpg,10,0,16,0,10307
2.05E+18,https://x.com/03__nakula/status/2054042163726746096,"Banyak kejanggalan dakwaan Jaksa dalam kasus dugaan korupsi pengadaan Chromebook di Kemendikbudristek era Nadiem Makariem.

Berikut 5 kejanggalan kasus Chromebook.
Ada lagi yang janggal, kenapa Jaksa mengusulkan Windows, dan kenapa Jaksa tidak bisa mencegah Juris Tan kabur?? https://t.co/ipelcgt3lE",Tue May 12 03:33:08 +0000 2026,https://pbs.twimg.com/profile_images/1984255823787466752/gCya3iNN_normal.jpg,14,1,19,0,10946
2.05E+18,https://x.com/_Rizmaya__/status/2054017565362671798,"Dari awal Nadiem Makarim konsisten membantah tuduhan niat jahat (mens rea) dan konspirasi dalam kasus dugaan korupsi Chromebook.

Proses persidangan diwarnai perdebatan sengit mengenai alat bukti, dugaan konspirasi, dan saksi, memicu kejanggalan yang disorot.

Berikut adalah Poin-Poin Krusial terkait Kejanggalan: 
- Kehadiran Pihak Berseragam & Pembungkaman
- â Bukti WA Group Tidak Ada di Dakwaan
- â Saksi dari Penunut Umum Mengaku Terima Gratifikasi
- â Keterangan Saksi yang Sama Persis
- â Kerugian Negara Tidak Terbukti 

Sidang tuntutan mendatang akan menentukan Arah Keadilan, apakah dakwaan JPU akan terbukti atau justru argumen pembelaan Nadiem yang akan diterima majelis hakim.",Tue May 12 01:55:24 +0000 2026,https://pbs.twimg.com/profile_images/1631128253615464453/2PGcGQNI_normal.jpg,21,2,26,1,10865
2.05E+18,https://x.com/programmerpacil/status/2053987379728515227,"@semubelaka_ gw udh sering speak up soal kesejahteraan guru. kalo ga percaya cek riwayat tweet2 gw

gw udh bilang jg chromebook ga urgent, nadiem ga cocok jd menteri, dll.

trs gw harus gmn lg?

apa biar ""validasiin perasaan guru"" caranya kita penjarain org yg ga terbukti melanggar hukum?",Mon May 11 23:55:27 +0000 2026,https://pbs.twimg.com/profile_images/1962701792799858688/LfUeqgTU_normal.jpg,0,1,0,0,38
2.05E+18,https://x.com/SETYAKI22965702/status/2053980907015672107,"GAGAL. . . . . . ???

JPU , ROY RIADY Merespon Pernyataan Aktivis.  
ROCKY GERUNG Terkait Jalannya Persidangan Kasus Dugaan Korupsi Chromebook Dengan Terdakwa Eks.Mendikbudristrk , NADIEM MAKARIM.
.
.
.
5 bln  . ...!?? https://t.co/uTTTTJMOXU",Mon May 11 23:29:44 +0000 2026,https://pbs.twimg.com/profile_images/2035317839452905472/cX1UKWn2_normal.jpg,5,4,10,0,389
2.05E+18,https://x.com/neVerAl0nely___/status/2053973069061058659,"Sidang kasus dugaan korupsi pengadaan chromebook di pengadilan Tipikor Jakarta

Dukungan untuk Nadiem Makarim datang dari driver GO-JEK, mereka berbondong-bondong mendatangi pengadilan Tipikor Jakarta

Nadiem Makarim terlihat terharu dan berkaca-kaca saat disambut hangat oleh puluhan pengemudi ojek online (ojol) Gojek di Pengadilan Tipikor Jakarta Pusat. 

Di sela jalannya persidangan, Rocky Gerung mengaku sengaja hadir untuk mengamati proses hukum dari sisi penalaran hukum atau legal reasoning. Ia mengatakan ingin melihat apakah persidangan berjalan secara objektif atau justru dipengaruhi kepentingan lain di luar hukum.",Mon May 11 22:58:35 +0000 2026,https://pbs.twimg.com/profile_images/1859487903271034880/dVbXbMJ__normal.jpg,8,2,34,1,14323
2.05E+18,https://x.com/triyatni/status/2053858924810645834,Nuansa ayah anak Nono Makarim dan Nadiem Makarim pada kasus Chromebook itu mirip dengan William Soeryadjaja dan Edward Soeryadjaja pada kasus Astra.  Ayah yang melindungi putranya dengan segala cara.,Mon May 11 15:25:01 +0000 2026,https://pbs.twimg.com/profile_images/1459883809873092617/AttPiHZ7_normal.jpg,0,0,0,0,81
2.05E+18,https://x.com/populipos/status/2053839918598852609,APAKAH INI KEJUTAN!? Nadiem blak-blakan sebut nama Jokowi di sidang Chromebook. Ia bersaksi proyek itu adalah visi besar Presiden yang jadi amanahnya. Pengakuan ini uji nyali hakim untuk usut tuntas. Akankah ada aktor lain terseret? https://t.co/rTuAnER7RR,Mon May 11 14:09:29 +0000 2026,https://pbs.twimg.com/profile_images/2048772058063200256/os1mxUYf_normal.jpg,0,0,0,0,61
2.05E+18,https://x.com/jpclotaine/status/2053831224511414733,"This is my thought: IF they manage to convict Nadiem for that chromebook case, &amp; that the main point was that it's an inefficient, poorly implemented program with mismanaged 3rd party vendors, then wouldn't the next government be able to use the same principle to attack MBG?",Mon May 11 13:34:56 +0000 2026,https://pbs.twimg.com/profile_images/1482847054330499075/-Dv02Qq8_normal.jpg,0,1,4,1,475
2.05E+18,https://x.com/oposanvoice/status/2053830048277553214,"Kehadiran Rocky Gerung dalam sidang Nadiem Makarim kasus Chromebook, ternyata untuk mengamati persidangan dari perspektif penalaran hukum atau legal reasoning. Menurut Rocky Gerung, penalaran hukum jaksa dalam kasus ini dinilai gagal. Chat grup WhatsApp menjadi whatâs wrong. https://t.co/425fp1nSnv",Mon May 11 13:30:16 +0000 2026,https://pbs.twimg.com/profile_images/1893694234584027136/LXmOkpvJ_normal.jpg,0,0,0,0,87
2.05E+18,https://x.com/Big83717Dude/status/2053821715206353191,"@vincentrcrd Sampai saat ini saya masih netral, dan beranggapan bahwa Nadiem dan Ibam masih disangkakan mendapatkan keuntungan dalam Chromebook ini, sampai bisa dibuktikan pengadilan sebaliknya.

Ingat kasus e-KTP: tidak ada 1 rupiah pun uang ataupun barang yang mengalir ke Setya Novanto.",Mon May 11 12:57:09 +0000 2026,https://pbs.twimg.com/profile_images/2029516801584062464/Y33GQdmW_normal.png,0,1,1,0,886
2.05E+18,https://x.com/kafiradikalis/status/2053810234834239842,"...2 kasus besar era Jokowi di mana saksi kunci hilang:

1. Harun Masiku, suap Pemilu

Bosnya (Hasto) bebas dpt amnesti

2. Nistra Yohan, suap BTS

Bosnya bebas malah jadi ....(don't google)

100% Nadiem+Ibam akan bebas

Jurist Tan saksi kunci korupsi chromebook jg hilang. (``,)",Mon May 11 12:11:32 +0000 2026,https://pbs.twimg.com/profile_images/1776425429236350976/gNNXofoz_normal.jpg,51,6,121,2,6163
2.05E+18,https://x.com/jawapos/status/2053795150678409612,"Pemerhati politik Rocky Gerung menghadiri sidang kasus dugaan korupsi pengadaan laptop Chromebook, dengan terdakwa mantan Mantan Menteri Pendidikan, Kebudayaan, Riset, dan Teknologi (Mendikbudristek), Nadiem Makarim. 

Persidangan dengan agenda pemeriksaan terdakwa itu digelar di Pengadilan Tindak Pidana Korupsi (Tipikor) pada Pengadilan Negeri Jakarta Pusat, Senin (11/5).

Rocky menjelaskan kehadirannya bukan untuk memberikan dukungan politik kepada Nadiem. Ia mengaku datang untuk mengamati proses hukum dari sudut pandang penalaran hukum atau legal reasoning.

Selama mengikuti jalannya persidangan, Rocky menilai tim jaksa sebenarnya memiliki kemampuan yang baik. Namun, ia melihat ada kesulitan dalam menghubungkan fakta-fakta yang ada menjadi alat bukti yang kuat untuk mendukung dakwaan terhadap Nadiem.

Rocky juga menyoroti isu mengenai keberadaan tim khusus yang disebut dibawa Nadiem ke lingkungan kementerian. Menurutnya, langkah seorang menteri membawa tenaga ahli atau tim pendukung merupakan hal yang wajar dan tidak dapat langsung dikategorikan sebagai tindak pidana.

Sorce: M. Ridwan
Editor: Fadlilah s.m",Mon May 11 11:11:36 +0000 2026,https://pbs.twimg.com/profile_images/2038545118295453696/tZwiLpI7_normal.jpg,0,0,2,0,271
2.05E+18,https://x.com/XiPuting/status/2053793287560208415,"@vincentrcrd @afathngantuk @BudiBukanIntel betul, yg punya wewenang adalah nadiem dan dierjen pendidikan. Tp mereka ga bisa serta mengarahkan pengadaan, krn akan lsg ketahuan. Akhirnya butuh konspirasi dgn Ibam untk mengarahkan PPK agar mau menyetujui chromebook. Dalih konsultan gugur, jika dia tdk netral dan memihak",Mon May 11 11:04:12 +0000 2026,https://pbs.twimg.com/profile_images/1894892248745062400/CCdO6kog_normal.jpg,0,0,4,0,213
2.05E+18,https://x.com/To_Evermore/status/2053786496755511688,"Malah lempar bola ke pejabat pengadaan.

Jelas-jelas para Saksi bilang Staf Nadiem itu powerful.

Sejak awal Nadiem dkk diduga kolusi mau chromebook, padahal review kementerian nyebut itu barang gk layak.

Nadiem cs pushed terus.

Yuk kurangi Bela Tersangka korupsi karena viral.",Mon May 11 10:37:12 +0000 2026,https://pbs.twimg.com/profile_images/2032451236616933376/VKKOH6-g_normal.jpg,1,0,1,0,230
2.05E+18,https://x.com/frans070707/status/2053780251780731173,"@ArieDeLight @RSuntya44707 gue yakin chorme paling murah overall karna
baca artikel-news mayoritas sekolah tk-sma di ðºð¸
pindah ke chromebook 
terutama untuk pembelian new laptop
karena total biaya 5-8 thn murahan chomebook 
https://t.co/enAvtqZtYU

jadi kalo Nadiem pilih Chomebook make sense https://t.co/AZphIzsoPc",Mon May 11 10:12:24 +0000 2026,https://pbs.twimg.com/profile_images/1862456090715107328/oS9HUVgO_normal.jpg,0,1,0,0,52
2.05E+18,https://x.com/yusgijus/status/2053778391170678990,"Di kasus chromebook ini ada missing link, sebab ada pelaku utama yang td dihadirkan di persidangan yi Juris Tan...
Pertanyaannya: mengapa lawyer2 itu, baik Nadiem maupun Ibam tak minta dia dihadirkan dinaidang sebab akan bisa menjelaskan pwran masing2 dalam kasus ini...?",Mon May 11 10:05:00 +0000 2026,https://pbs.twimg.com/profile_images/1518992629643366400/ivHZQGnC_normal.jpg,0,0,0,0,53
2.05E+18,https://x.com/programmerpacil/status/2053774329566187814,"@yosephsamodra @zanatul_91 @AnggaPutraF @timmymalachi ga usah repot2 bikin yakin mas udh capek saya jg. kalo emg niat, tonton aja sidang2 chromebook. di situ udh banyak yg mematahkan narasi2 JPU mulai dr ex-Ketua BPK era nadiem, LKPP, ex-Ketua Tim Perumus UU Tipikor-nya itu sendiri, vendor2 laptop, Google, dll. kalo gamau yaudah",Mon May 11 09:48:52 +0000 2026,https://pbs.twimg.com/profile_images/1962701792799858688/LfUeqgTU_normal.jpg,0,0,0,0,111
2.05E+18,https://x.com/kunyah_ajaa/status/2053769609526837758,"Nadiem mengungkap transparansi terkait grup WhatsApp ""Mas Menteri Core Team"". Ia menegaskan bahwa grup tersebut tidak digunakan untuk membahas Chromebook. Simak penjelasan lengkapnya untuk memahami tujuan dan fungsi grup ini. Baca selengkapnya:",Mon May 11 09:30:06 +0000 2026,https://pbs.twimg.com/profile_images/2006585531447304192/tkXKpuQ1_normal.jpg,0,1,0,0,25
2.05E+18,https://x.com/merdekadotcom/status/2053742092439155158,"Di tengah sidang Chromebook, Nadiem Makarim blak-blakan: siap masuk ruang operasi. Tindakan medis dijadwalkan besok dan lusa karena kondisi kesehatannya memburuk.
Apa kata pengacaranya ke hakim? Simak pernyataannya di sini:
https://t.co/A0t0clFxud",Mon May 11 07:40:46 +0000 2026,https://pbs.twimg.com/profile_images/1876547193542524928/D1RFXLqD_normal.jpg,0,0,0,0,344
2.05E+18,https://x.com/egaskalit/status/2053725766349914153,"@VeritasArdentur Sampai saat ini di persidangan belum ada argumen kuat kenapa pengadaan chromebook dikirimkan ke daerah tertinggal? 
Apakah di persidangan Nadiem punya argumen dia menginstruksikan chromebook hanya boleh dikirimkan ke kota besar?",Mon May 11 06:35:53 +0000 2026,https://pbs.twimg.com/profile_images/983525604262690816/nCl1GleK_normal.jpg,0,0,0,0,158
2.05E+18,https://x.com/dazzallucifer/status/2053661850504749411,Berarti Nadiem tuh beneran pinter ya. Tuh ada aja caranya agar chromebook dapat berguna,Mon May 11 02:21:55 +0000 2026,https://pbs.twimg.com/profile_images/1554185150/daZZallucifer_normal.gif,0,0,0,0,58
2.05E+18,https://x.com/egaskalit/status/2053661235770712247,"Ini salah satu fakta yang menurut saya  kejanggalan terbesar proyek chromebook. Sepemahaman saya di saat pengadaan chromebook, kualitas infrastruktur internet Indonesia masih di bawah Malaysia. Kenapa tetap memilih beli chromebook? 
Apa yah argumen team Nadiem atas fakta tsb?",Mon May 11 02:19:28 +0000 2026,https://pbs.twimg.com/profile_images/983525604262690816/nCl1GleK_normal.jpg,0,0,0,0,57
2.05E+18,https://x.com/denni_sauya/status/2053647247389368815,"ð¸â¼ï¸ Dalam persidangan Nadiem Makarim kasus chromebook, saksi ahli Mantan Ketua BPK RI (2019-2022) Agung Firman Sampurna menilai penggunaan metode ""rekalkulasi"" oleh BPKP dalam kasus Chromebook, cacat prosedur karena metode ini tidak lazim dan bukan standar sah untuk menentukan kerugian negara yang nyata dan pasti. ""Sampai di sini paham ya guys?'",Mon May 11 01:23:53 +0000 2026,https://pbs.twimg.com/profile_images/1649895687881113600/RROHT2fj_normal.jpg,51,5,62,0,11173
2.05E+18,https://x.com/ariefrasyad/status/2053475456956137900,"Eks Ketua BPK lagi rame bahas kasus Chromebook Nadiem Makarim. Katanya, audit dari BPKP itu 'cacat prosedur' dan cuma asumsi doang. Intinya, menurut aturan, yang boleh ngitung kerugian negara itu cuma BPK, bukan BPKP.

âKalo prosedurnya aja udah salah dari awal, gimana mau adil? 

#NadiemMakarim #SidangNadiem #Keadilan",Sun May 10 14:01:15 +0000 2026,https://pbs.twimg.com/profile_images/1259967383000592384/05WR9p_y_normal.jpg,8,0,10,0,10155
2.05E+18,https://x.com/ruhulanakgaul/status/2053468236545732620,"Prof Romli tegas: Audit kerugian negara WAJIB dari BPK, jika tidak, nol kekuatan hukum! ð
âKasus Nadiem ini semrawut. Aksi korporasi 809M yang normal di Gojek dituduh korupsi, ditambah isu Chromebook yang dipaksakan. Tanpa audit BPK & bukti aliran dana, ini murni kriminalisasi kebijakanâmirip pola kasus Tom Lembong. Konyol! ð©",Sun May 10 13:32:33 +0000 2026,https://pbs.twimg.com/profile_images/1962838474429714432/556PSMMS_normal.jpg,0,0,1,0,159
2.05E+18,https://x.com/alfasaur_/status/2053455560281149505,"2020 Nadiem kaget ada wilayah di Indonesia tidak dapat listrik
2021 Chromebook resmi diluncurkan untuk guru",Sun May 10 12:42:11 +0000 2026,https://pbs.twimg.com/profile_images/1738842992423944192/FwAt7BxB_normal.jpg,0,0,0,0,36
2.05E+18,https://x.com/Urrangawak/status/2053380899446653405,"Lagi rame... â¼ï¸ Mantan ketua BPK Indonesiaa bongkar masalah dibalik audit BPKP kasus chromebook cacat prosedur.

Kesaksian ini disampaikan saat ia hadir sebagai saksi ahli meringankan untuk terdakwa mantan Mendikbudristek, Nadiem Makarim, dalam sidang di Pengadilan Tipikor Jakarta pada Mei 2026.",Sun May 10 07:45:31 +0000 2026,https://pbs.twimg.com/profile_images/1577911986335408130/fZa7eWUh_normal.jpg,27,4,35,0,12507
2.05E+18,https://x.com/bayiajaib/status/2053376663740993830,"@programmerpacil @zanatul_91 Mereka udah menyuarakan kasus chromebook dan shadow team bla bla bla jauh sebelum adanya sidang,dgn ngeliat POV pihak terdampak dari hasil kerjaan nadiem dan timnya, publik jadi punya 2 sisi yg faktanya uda km tulis sendiiri.
Trus TUJUANMU apa melarang narasi ibam vs narasi guru?",Sun May 10 07:28:41 +0000 2026,https://pbs.twimg.com/profile_images/1120536028681592833/syp_kKAd_normal.jpg,0,0,5,1,367
2.05E+18,https://x.com/kafiradikalis/status/2053373882841919913,"...Saksi kunci Jurist Tan mungkin saat ini lagi doain uang korupsi Chromebook ala istri Koruptor Timah:

""Terimakasih Tuhan Yesus Kristus atas berkat-Mu yg melimpah""

 Lanjut doanya:

""Untuk kawanku Nadiem+Ibam, tenang saya sudah di sini jaga jatah kalian baikÂ²...muaaach"" (``,) https://t.co/CUINNKRaQv",Sun May 10 07:17:38 +0000 2026,https://pbs.twimg.com/profile_images/1776425429236350976/gNNXofoz_normal.jpg,17,3,44,1,2707
2.05E+18,https://x.com/neVerAl0nely___/status/2053373749592981984,"Mau tau dimana kejanggalan dakwaan kasus dugaan korupsi pengadaan chromebook? 

Dengerin podcast bang Refly Harun yang membahas soal Kasus yang saat ini menjerat Nadiem https://t.co/BohutlgTfK",Sun May 10 07:17:06 +0000 2026,https://pbs.twimg.com/profile_images/1859487903271034880/dVbXbMJ__normal.jpg,7,0,10,0,11663
2.05E+18,https://x.com/programmerpacil/status/2053362830171316231,"@zanatul_91 ini link yang mana saya konsisten memprioritaskan kesejahteraan guru drpd yg lain. andai chromebook ramai di 2024++ saya jg ikut speak up.

https://t.co/R58Eif47nM

ini bbrp cuplikannya + saat saya bilang ga suka Nadiem. jd jelas saya melawan, bukan mendukung.

@zanatul_91 https://t.co/GlsS7zvUwU",Sun May 10 06:33:43 +0000 2026,https://pbs.twimg.com/profile_images/1962701792799858688/LfUeqgTU_normal.jpg,0,2,3,1,1644
2.05E+18,https://x.com/listyantidewi/status/2053355573350154325,"Perbincangan di media sosial dan opini publik kemudian terpolarisasi jadi Tech Bros vs Guru:

Sisi Tech Bros melihat kasus ini sebagai âkriminalisasi inovasiâ. Nadiem dan Ibam dianggap visioner yang membawa mindset Silicon Valley ke birokrasi pendidikan yang lamban. Proyek Chromebook dianggap langkah maju untuk meratakan akses belajar digital, terutama saat pandemi. Pembelaan yang ada di sisi ini sering meromantisasi: âAnak muda kompeten yang rela gaji kecil demi negara malah dihukum berat.â Kritik terhadap guru kadang muncul sebagai âLudditeâ atau âhanya mau naik gaji dan anti-techâ. Argumen utamanya, tanpa inovasi tech, pendidikan Indonesia akan semakin tertinggal.

Sisi Guru tidak selalu anti-Ibam sebagai pribadi, tapi skeptis terhadap prioritas kebijakan era Nadiem. Banyak guru merasa program tech (termasuk Chromebook) tidak menyentuh akar masalah, yaitu gaji rendah, tunjangan yang sering telat/cair, beban administrasi berat, dan infrastruktur internet yang minim di daerah. âGadget bagus, tapi guru kelaparan dan tanpa pelatihan, ya mubazir.â Beberapa melihat pembelaan tech bros sebagai pengabaian perjuangan guru yang sudah puluhan tahun memperjuangkan kesejahteraan.",Sun May 10 06:04:52 +0000 2026,https://pbs.twimg.com/profile_images/2006964957704052736/0ZGZQrnn_normal.jpg,2,2,20,2,2698
2.05E+18,https://x.com/stargazerofwar/status/2053344698518147547,"Shame on you, apa yang ga setuju? Saya ga setuju korupsinya, dari awal pengadaan chromebook ini saya sudah bilang di akun saya yg kena suspen. Ini program Bancakan, suatu saat pasti kena. Dan terbukti, kalau kasus kriminalisasi. Prabowo pasti bantu Nadiem, sesuai permintaan om Nadiem ke Prabowo. Jack Makarim

Tapi tidak ada bantuan, artinya ini kasus murni.",Sun May 10 05:21:40 +0000 2026,https://pbs.twimg.com/profile_images/1988415225759186944/qS1Xt07a_normal.jpg,0,0,0,0,15
2.05E+18,https://x.com/aan_luna/status/2053330880693936636,"Perdebatan korupsi Chromebook, sampai malah ada perbentur2an guru vs techbros itu semua bs selesai andaikata Jurist Tan muncul. Nadiem kan berkawan, mbok sesekali minta via pers, utk Jurist Tan jadi saksi meringankan. Mosok gak disenggol sama sekali sihâ¦ayolah diminta pulang,",Sun May 10 04:26:45 +0000 2026,https://pbs.twimg.com/profile_images/1552221220/cam_normal.jpeg,0,0,0,0,54
2.05E+18,https://x.com/03__nakula/status/2053319891902681357,"Menurut ahli hukum administrasi negara, Prof I Gede Pantja, kasus Chromebook yang didakwakan ke Nadiem Makariem cs salah kaprah dan terlalu dipaksakan. https://t.co/RjnHH586zk",Sun May 10 03:43:05 +0000 2026,https://pbs.twimg.com/profile_images/1984255823787466752/gCya3iNN_normal.jpg,18,2,36,0,10822
2.05E+18,https://x.com/zanatul_91/status/2053306134711419099,"Mas juga secara tidak sadar bersikap diskriminatif, bahwa para guru, ketika  mengungkap persoalan pendidikan, harus pada waktu tertentu saja, sehingga tidak menggangu pihak lain, misal pembela Ibam dan Nadiem. Entah dari mana tiba-tiba muncul aturan tidak tertulis semacam itu. 

Ini makin membenarkan bahwa para guru ini subaltern di pikiran orang-orang seperti masnya. di level kebijakan hingga pikiran. 

Agaknya kita berbeda soal ini. Saya melihat korupsi chromebook sebagai satu kesatuan kebijakan yang mana ada peran aktor-jaringan (latour), yang terkonfirmasi oleh data-data dan fakta lapangan yang sudah saya jelaskan secara rinci dalam podcast. 

Sementara masnya fokus pada 1 dan 2 orang. Secara tidak langsung, masnya mengakui bahwa ada upaya membangun narasi dalam pembelaan untuk dukungan publik. 

Bagi guru-guru yang merasakan situasi saat itu, tentu saja apa yang diklaim Nadiem dan Ibam dalam kampanye bahwa mereka berdampak pada pendidikan dan lain seterusnya, terasa janggal dan harus dikonfrontasi. 

Jadi masnya kudu sadar, siapa disini yang kelewat batas dalam membangun narasi atas kasus korupsi. 

Masnya coba merenung, kenapa sampe kepikiran, untuk menyarankan guru protes setelah vonis agar mengais empatik? Secara gak sadar, masnya mendudukan guru sebagai kelas kedua  karena harus mementingkan pihak lain meskipun itu merugikan para guru.",Sun May 10 02:48:25 +0000 2026,https://pbs.twimg.com/profile_images/1567058561645318146/jieq9bqD_normal.jpg,179,9,517,2,23506
2.05E+18,https://x.com/kafiradikalis/status/2053299066873020915,"...Kepada:

1. SobatÂ² Jurist Tan (baca: bigot Nadiem-Ibam)

2. Awam yg gak paham kasus megakorupsi chromebook

Jika bertanya di mana kiraÂ² letak mens rea Ibam,

maka ini bahasa bayi paling simpel.

Biarlah Ibam sendiri yg jawab di posisi no berapa dia berada... (``,)
â¬ï¸â¬ï¸â¬ï¸â¬ï¸â¬ï¸",Sun May 10 02:20:20 +0000 2026,https://pbs.twimg.com/profile_images/1776425429236350976/gNNXofoz_normal.jpg,22,5,92,1,9662
2.05E+18,https://x.com/kafiradikalis/status/2053284086840713462,"...Dah jelas banget sih mens rea korupsinya. Terlalu jelas telanjang bulat malah.

1. Udah tahu pengadaan chromebook salah SEJAK AWAL

Bukannya keluar eh malah tetap ikut Nadiem sampai selesai, ternyata karena ....

2. Dapat jatah proyek bikin superapp

HAHAHAHAHAHAHA!!! (``,)",Sun May 10 01:20:49 +0000 2026,https://pbs.twimg.com/profile_images/1776425429236350976/gNNXofoz_normal.jpg,48,3,132,0,3626
2.05E+18,https://x.com/RakyatBerbisik/status/2053273984347865551,"""TUDUHAN JAKSA KE NADIEM BERARTI NGAWUR""

Di persidangan kasus chromebook, Prof. Romli Atmasasmita bilang kalau yang punya kewenangan menyatakan ada kerugian negara itu harus dari BPK  bukan cuma audit internal kayak BPKPâ¼ï¸â¼ï¸

Jadi kalau jaksa cuma pakai audit BPKP buat nuduh negara rugi gak ada dasar hukumnya â¼ï¸â¼ï¸

Karena unsur âmerugikan negaraâ itu harus jelas, nyata, dan punya dasar hukum yang kuat, bukan sekadar asumsiâ¼ï¸â¼ï¸",Sun May 10 00:40:40 +0000 2026,https://pbs.twimg.com/profile_images/1696530576864587776/h64No43z_normal.jpg,18,5,39,0,10749
2.05E+18,https://x.com/RyanPMardiko/status/2053142056885997729,"#Intinyadeh rakyat Indonesia jangan belain @ibamarief aka Ibrahim Arief, Nadiem Anwar Makarim dan semua orang di dalam shadow org itu selama mereka gak nunjuk Batang Hidung Jurist Tan sebagai biang keladinya.
Betina itu kabur &amp; buron, klean tersandera kasus chromebook. Rasain.",Sat May 09 15:56:26 +0000 2026,https://pbs.twimg.com/profile_images/1962839696566022144/oF0u4h2n_normal.jpg,1,0,2,0,347
2.05E+18,https://x.com/oxnewbie/status/2053108256692924522,"@aldechan Gaji guru dan korupsi chromebook harusnya beda pembahasan, tapi malah dikait-kaitkan 

Kalo emang Nadiem dan Ibam korup, jaksa dan rekan""guru yang nyudutin mereka apa bisa buktiin aliran dana ke mereka atau ke orang/lembaga terkait dengan mereka ?
pada engga bisa kan wkwkwk",Sat May 09 13:42:07 +0000 2026,https://pbs.twimg.com/profile_images/1918653771334529024/2CFFA4zr_normal.jpg,0,0,0,0,719
2.05E+18,https://x.com/Sullyellow/status/2053082566048313609,"@amandasah__ @zanatul_91 Jika iya, salah lah pasti Nadiem itu.
Bersalah pasti.

Tp jgn lupa, ada variabel lain yg bkin guru lbh mnderita pd saat itu slain kebijakan Nadiem, yaitu covid.

Nah sekarang, tuntutannya itu korupsi Chromebook yg blm tentu jg mreka bersalah, saya bukan pendukung mreka berdua btw",Sat May 09 12:00:02 +0000 2026,https://pbs.twimg.com/profile_images/2037140136404963328/d6hX_TTg_normal.jpg,0,1,0,0,122
2.05E+18,https://x.com/kafiradikalis/status/2053074228963090674,"...Dari ladeni bigotÂ² Nadiem+Ibam malah dpt info di reply ini.

Bahwa Ricky Elson yg pernah dipujaÂ² sbg ""pahlawan nasional"" pada masanya = pelaku pelecehan seksual.

Bahkan diceraikan istrinya karna kelakuan cabul+selingkuh.

From isu cbk (chromebook) to isu cbl (cabul)... (``,)",Sat May 09 11:26:55 +0000 2026,https://pbs.twimg.com/profile_images/1776425429236350976/gNNXofoz_normal.jpg,10,4,33,1,4373
2.05E+18,https://x.com/iamerickdamon/status/2053070915081322641,"@maulana_pcfre oot, gara2 ngomongin Pak TL, aku baru nanya Claude terkait hasil gugatan balik dri pak TL ke hakim2

KY udh rekomendasiin copot hakim2 tsb 6 bln, tpi MA blm eksekusi

Bahkan salah satu hakimnya nyidangin kasus chromebook nadiem skrg ð

^mnurutku ini isu yg perlu dihighlight jg",Sat May 09 11:13:45 +0000 2026,https://pbs.twimg.com/profile_images/1987672416529895424/eZtel9DX_normal.jpg,0,1,4,1,1227
2.05E+18,https://x.com/kafiradikalis/status/2053069420512297273,"...Salah 1 alasan gw terjun ke ""lumpur"" debat chromebook ladeni bigotÂ² Nadiem-Ibam yg ngeroyok @zanatul_91:

Krn 2012-2015 gw rajin solidaritas demo guruÂ² honorer, 2016-2018 masih bbrp kali ikut. Last, 2019.

Gw berbalik nentang Ahok yah karna Ahok menzalimi seorang guru.. (``,)",Sat May 09 11:07:48 +0000 2026,https://pbs.twimg.com/profile_images/1776425429236350976/gNNXofoz_normal.jpg,21,3,154,0,4817
2.05E+18,https://x.com/LilDragon418/status/2053065373336179062,"Ibam dan Nadiem memang betul dikriminalisasi, tapi pengadaan Chromebook (dan banyak kebijakan lain pada masa itu) kurang tepat sasaran dan bukan prioritas.",Sat May 09 10:51:43 +0000 2026,https://pbs.twimg.com/profile_images/2039982964969529344/T_ZFJrod_normal.jpg,0,1,0,0,60
2.05E+18,https://x.com/muhnazih/status/2053046512343773218,"Diskursus Chromebook ini menarik. Bayangin, bisa-bisanya buzzer pemerintah, simpatisan prabowo, aktivis pendidikan, kalangan âkiri mentokâ, SJW, dan para guru berada di satu barisan saling bahu-membahu menyuarakan kezaliman Nadiem dan Ibam. Hebat juga strategi Jaksa ð¤­.",Sat May 09 09:36:46 +0000 2026,https://pbs.twimg.com/profile_images/2046675095977103360/Cdvvj5af_normal.jpg,0,1,1,1,2184
2.05E+18,https://x.com/MurtadhaOne1/status/2053044886132416680,"Eks Ketua BPK RI tahun 2019-2022 Agung Firman Sampurna mengatakan bhw laporan hasil audit kerugian keuangan negara dalam kasus pengadaan Chromebook TIDAK DAPAT dijadikan sebagai alat bukti yang sah

Nadiem bersukur karena keterangan saksi ahli ini MERUNTUHKAN dakwaan adanya kerugian negara",Sat May 09 09:30:19 +0000 2026,https://pbs.twimg.com/profile_images/1300719860146610176/cH_yXEQi_normal.jpg,5,1,20,0,11600
2.05E+18,https://x.com/oposanvoice/status/2053043459616125081,"@ibamarief @tomlembong @akbarfaizal68 Kejanggalan proses hukum Nadiem Makarim dalam kasus  Chromebook, makin terbuka telanjang. Soalnya, hasil audit kerugian keuangan negara BPKP, dinilai tidak sah sebagai alat bukti. Hal ini diungkap 2 saksi ahli  Prof  Romli Atmasasmita dan mantan Ketua BPK Agung Firman Sampurna. https://t.co/THUj08nkLG",Sat May 09 09:24:39 +0000 2026,https://pbs.twimg.com/profile_images/1893694234584027136/LXmOkpvJ_normal.jpg,1,1,3,0,10383
2.05E+18,https://x.com/pajalahah/status/2053041955752607999,"@ibamarief @ardisatriawan Chromebook ga direkomendasikan dari awal, itu hasil kajian Kemendikbud sendiri. Makanya Prof Muhadjir menolak ketika Google mau ketemu. Anehnya ama Nadiem malah dipake dan dibuat grup WA nya sebelum dia diumumkan jadi menteri",Sat May 09 09:18:40 +0000 2026,https://pbs.twimg.com/profile_images/1501519761603428358/1Ssp0yDN_normal.png,0,0,2,0,796
2.05E+18,https://x.com/ruliemaulana/status/2053035418246124023,"Ngga lah.
Yang dukung penggunaan chromebook pun pasti bisa lihat kongkalikong Nadiem itu korupsi.",Sat May 09 08:52:41 +0000 2026,https://pbs.twimg.com/profile_images/1150942865486299136/GNVNOWFV_normal.jpg,3,0,2,0,381
2.05E+18,https://x.com/gibransesunan/status/2053031100994445661,"Nadiem dan timnya mestinya dipenjara bukan krn Chromebook, tapi krn mereka mengacak-acak pendidikan Indonesia yg udah hancur ini.

+ 
Nadiem dulu paling anti ketemu media, semua narasi ke publik selalu disampaikan satu arah. Sekarang berani2nya dia minta simpati publik.",Sat May 09 08:35:32 +0000 2026,https://pbs.twimg.com/profile_images/1968158887393234944/q0lOv3zu_normal.jpg,4,0,11,0,427
2.05E+18,https://x.com/XiPuting/status/2053030326210068535,"@ardi_tama1 @0jenry1 harusnya nadiem paling berat ya, kan dia emang leadernya. Yang lain hrsnya +/- sama, krn ini satu kesatuan persengkongkolan. Pejabat (yg punya wewenang) tentu akan ngeles mereka menandatangani pembelian chromebook, atas advis dr Ibam.",Sat May 09 08:32:27 +0000 2026,https://pbs.twimg.com/profile_images/1894892248745062400/CCdO6kog_normal.jpg,0,1,2,1,180
2.05E+18,https://x.com/alex_lucky02/status/2053019418536595961,"@subnet_nol @kafiradikalis @edebest @EnzMoeAly @zanatul_91 @jilulisme Logicnya simpel bang, ibam dapat benefit2 dari kebijakan chromebook dari pembuatan apps2 pendidikan yg juga malah memberatkan tenaga pendidik, makanya ibam stay sama nadiem walaupun tahu kebijakan chromebook salah",Sat May 09 07:49:07 +0000 2026,https://pbs.twimg.com/profile_images/979022177608515585/DqKHCHlK_normal.jpg,0,0,0,0,37
2.05E+18,https://x.com/Sullyellow/status/2052999810945618344,"Kebijakan Nadiem byk yg ngaco? Iya
Kebijakan Nadiem bikin guru menderita saat pendemi? Iya bgt

Nadiem &amp; Ibam korupsi, bersekongkol buat ngambil untung memperkaya diri dari chromebook? YA BELUM TENTU

Nadiem dan Ibam sngaja bikin AN buat mengaburkan korupnya? YA BELUM TENTU JUGA",Sat May 09 06:31:12 +0000 2026,https://pbs.twimg.com/profile_images/2037140136404963328/d6hX_TTg_normal.jpg,0,1,0,0,45
2.05E+18,https://x.com/elputu__bulan/status/2052992116905886121,"Kasus Chromebook yang menyeret nama Nadiem Makarim makin terlihat janggal jika melihat awal proyeknya.
 Pengadaan ini terkesan dipaksakan sejak awal, seolah semua daerah dianggap siap memakai Chromebook, padahal banyak sekolah di pelosok bahkan masih kesulitan akses internet dan listrik memadai. 
Yang lebih mengundang tanda tanya, 
nilai pengadaannya dinilai terlalu tinggi dan tidak sebanding dengan kondisi nyata di lapangan.",Sat May 09 06:00:38 +0000 2026,https://pbs.twimg.com/profile_images/2034093273032331264/duRkLcdn_normal.jpg,9,5,15,1,2050
2.05E+18,https://x.com/subnet_nol/status/2052990038812786776,"Kalau buat Nadiem iya dia bisa maen plausible deniability (pura2 ga tau) itu pengadaan chromebook perintah Nadiem or Inisiatif Jurist Tan. 

Lah Ibam bentukannya udah berupa hasil kajian. Tinggal diperiksa hasil kajiannya itu sama saksi ahli objektif apa beneran ngarahin. Udah ga ngurus Jurist Tan lagi. 

Udahlah bro lu kalau benci kebijakan Nadiem dan bela guru sok aja sy dukung. Tapi kl khusus Ibam ini lu di barisan yang salah. Tom Lembong, Mahfud MD, Ferry Irwandy, etc ada di barisan Ibam.",Sat May 09 05:52:22 +0000 2026,https://pbs.twimg.com/profile_images/2033737539463614467/d0_-ov4t_normal.jpg,0,1,0,0,156
2.05E+18,https://x.com/programmerpacil/status/2052980976989700164,"@kirimpingkirin @zanatul_91 stance lu adalah ""tidak berpihak ibam"" dan ""jurist tan ditangkap"". thus, meyakini bahwa ada kasus korupsi di chromebook yg pdhl udh dibantah sama
ex-Ketua BPK periode Nadiem, ex-Ketua LKPP periode Nadiem, ex-Ketua Tim Pemhuat UU Tipikornya sendiri, vendor2, Google, Bukalapak, dll",Sat May 09 05:16:22 +0000 2026,https://pbs.twimg.com/profile_images/1962701792799858688/LfUeqgTU_normal.jpg,0,1,0,0,273
2.05E+18,https://x.com/VeritasFacti/status/2052976624447127988,"Walaupun msh malu2, pendukungnya Nadiem udah mulai menerima bahwa doi inkompetenð

Pdhal narasi sblmnya chromebook itu bagus dan menghemat anggaran dll. Sblm itu lg narasinya adlNadiem gak milih chromebook. 

Beda2 nih narasinya ð",Sat May 09 04:59:04 +0000 2026,https://pbs.twimg.com/profile_images/2016314435401613313/jQPwjW3r_normal.jpg,18,6,99,0,5393
2.05E+18,https://x.com/magneticmoonic/status/2052974319769440507,"@vittolewerissa @ardisatriawan Masing2 kasus yg anda sebut itu beda2 loh. Kasus Ibam dan Nadiem aja beda dgn Tom Lembong, nyatanya emg timnya Nadiem minta fee dari pembelian chromebook, hingga akhirnya ada yg buron sampai saat ini.",Sat May 09 04:49:54 +0000 2026,https://pbs.twimg.com/profile_images/1765369587040964608/tV2F3cVe_normal.jpg,2,1,10,0,732
2.05E+18,https://x.com/frans070707/status/2052974319538725277,"@m22yrqb @nurwahyuwijaya Tim audit BPKP:
melakukan Sampling 6 dari 16 vendor untuk membuat harga laptop versi BPKP 
yg jadi acuan dalam menghitung kerugian negara
&amp;
mengabaikan survey tim teknis harga pasar 2020 (40 toko)

mengabaikan data
di era sebelum Nadiem, Chromebook di beli dgn harga 5jt/ https://t.co/EUWI1zImZV",Sat May 09 04:49:54 +0000 2026,https://pbs.twimg.com/profile_images/1862456090715107328/oS9HUVgO_normal.jpg,0,0,0,0,52
2.05E+18,https://x.com/dep4twit/status/2052957270049501313,"@iamerickdamon @F2aldi @ardisatriawan @myassirullah As a konsultan untuk pengadaan chromebook, legalnya pegawai ""yayasan"", entah yayasan apa. Sebagai vendor dibawah telkom untuk posisi di govtech. As a nadiem ""shadow team"". Posisinya memang abu2 buat dikriminalisasi.  Susah",Sat May 09 03:42:09 +0000 2026,https://pbs.twimg.com/profile_images/1678757555181617155/R-64Vqu3_normal.jpg,0,2,0,0,351
2.05E+18,https://x.com/programmerpacil/status/2052946516944515327,"@elisa_jkt 3. ex-Ketua Tim Pembuat UU Tipikor
4. ex-Menko Polhukam-nya Nadiem
5. Google &amp; Gojek
6. Founder Bukalapak
7. Vendor2 Chromebook
8. Tom Lembong &amp; Ira Puspadewi ASDP
9. dll: Rhenald Kasali (ekonom), Dino Patti Djalal (HI), Ahok (politik),..

SEMUA membantah Kejagung &amp; supporter2nya",Sat May 09 02:59:26 +0000 2026,https://pbs.twimg.com/profile_images/1962701792799858688/LfUeqgTU_normal.jpg,0,1,3,1,938
2.05E+18,https://x.com/ghozyulhaq/status/2052935543986769980,"btw ini fokus ke kasus tuduhan korupsi Chromebook ya

buat kebijakan digitalisasi Nadiem ya saya sepakat kalau itu ga well executed, aplikasi A-B-C dll harusnya sebagai support saja, utamanya tetap ke Guru dan siswa",Sat May 09 02:15:50 +0000 2026,https://pbs.twimg.com/profile_images/1962831258012266496/2uHe3aWH_normal.jpg,8,1,50,0,2457
2.05E+18,https://x.com/JulianArchieZ/status/2052933149664149684,Masalah ibam and nadiem ini sebenarnya simple jika saja jurist tan mau menyerahkan diri dan menjelaskan alasan memilih chromebook... selama jurist tan kabur yaaa mereka berdua akan mjd korban .....,Sat May 09 02:06:19 +0000 2026,https://pbs.twimg.com/profile_images/1968215407816486912/5vS9FaFg_normal.jpg,0,0,0,0,20
2.05E+18,https://x.com/pilili_kegul2/status/2052929730446598422,"@ardisatriawan Buatku pribadi sederhana. Kasus ini kriminalisasi kok. Nadiem dan Ibam emang dipaksa biar kena kasus korupsi padahal engga. 

Disisi lain, masalah chromebook dkk juga yang diprotes kenapa Chromebook itu sebenernya sama aja mau pake Chrome os or Microsoft.",Sat May 09 01:52:43 +0000 2026,https://pbs.twimg.com/profile_images/1522765817997266944/NBb_yyDz_normal.jpg,0,1,2,0,166
2.05E+18,https://x.com/kafiradikalis/status/2052922724729934127,"@subnet_nol @edebest @EnzMoeAly @zanatul_91 @jilulisme ...Lah, convo thread tentang kebusukan pengadaan chromebook.

Lu bela Nadiem dan Ibam.

Kalo mens rea Nadiem jelas, nah gw liatin mens rea Ibam juga jelas... (``,)",Sat May 09 01:24:53 +0000 2026,https://pbs.twimg.com/profile_images/1776425429236350976/gNNXofoz_normal.jpg,0,1,0,0,350
2.05E+18,https://x.com/haimanusiabumi/status/2052921351200206984,"1. Kebijakan digitalisasi Nadiem
2. Pengadaan dan Korupsi Chromebook kemendikbud
3. Solidaritas profesi ( guru atau techbros )

Masing2 ada areanya, dan saat dimasukan dalam 1 bahasan emang jadi seru sih.",Sat May 09 01:19:26 +0000 2026,https://pbs.twimg.com/profile_images/2000366269669998592/weTTQgqA_normal.jpg,0,0,0,0,28
2.05E+18,https://x.com/koganenohikari/status/2052919129288696007,"berarti simplifiednya Kasus Chromebook Nadiem ini dipelihara karena adanya kepentingan elit utk memecah becah opini publik dan membuat publik menjadi lupa masalah utama di Indonesia skrg ya MBG dan Program2 gak penting lainnya, gitu kah?",Sat May 09 01:10:36 +0000 2026,https://pbs.twimg.com/profile_images/1962731161064742913/NeGNP2wv_normal.jpg,1,3,2,0,256
2.05E+18,https://x.com/about_ftp/status/2052911305699516469,"Ibam dan nadiem dituduh korupsi itu ga semata karena ada aliran dana, tapi karena ada perbuatan melanggar hukum dengan pengarahan pengadaan ke chromebook

Sementara narasi ibam dan nadim tidak konsisten 

Ngaku tidak mengarahkan, tapi sekaligus merasa berjasa karena mengarahkan",Sat May 09 00:39:31 +0000 2026,https://pbs.twimg.com/profile_images/1958307444784021504/eu3XcmSg_normal.jpg,1,1,3,0,328
2.05E+18,https://x.com/MireinaRiviere/status/2052900296641421652,"""Jadi lu setuju dengan Nadiem dan pengadaan Chromebook?""

Jelas nggak.
Aing lebih suka institusi sekolah dibubarkan. https://t.co/4BrY6McZFd",Fri May 08 23:55:46 +0000 2026,https://pbs.twimg.com/profile_images/2020453067066617856/z-WQaETe_normal.jpg,0,1,1,0,139
2.05E+18,https://x.com/PSGINTING/status/2052898113229328499,"@damarbowo Nadiem gak napak tanah.
Tapi hubungannya sama kasus korupsi chromebook apa?
Utasnya dari kemarin gw perhatiin panjang lebar tapi gak ada hubungannya sama kasus dugaan korupsinya.",Fri May 08 23:47:05 +0000 2026,https://pbs.twimg.com/profile_images/1424032693893812228/S6YhIeIg_normal.jpg,0,1,2,0,863
2.05E+18,https://x.com/F2aldi/status/2052897574521372845,"Ini bukan hitam Dan putih.
Chromebook itu memang bermasalah. Ada korupsi disitu.

Ibam dikriminalisasi, kaga terima duit, konsultan etc. Bsa check Malaka Project.

Ini harus dipisahkan.
Marah ke Nadiem Dan skrng. Malah better hrus marah juga ke MBG

Rezim skrng. Duitnya bukan sejahterakan guru Dan dosen.",Fri May 08 23:44:57 +0000 2026,https://pbs.twimg.com/profile_images/1985647981824229376/IdH_Hu6w_normal.jpg,9,4,84,2,5127
2.05E+18,https://x.com/catanthr/status/2052892261319655489,"Sekali lagi, mengkritisi kinerja jaksa di kasus chromebook â  membela nadiem &amp; gerombolannya. Kalian gak keberatan dengan kualitas jaksa selama persidangan?

Kaget gue liat para aktivis pendidikan ini menjadikan pengadilan sebagai tempat balas dendam",Fri May 08 23:23:50 +0000 2026,https://pbs.twimg.com/profile_images/1629698590510841857/Rfg0yPEo_normal.jpg,3,0,7,0,547
2.05E+18,https://x.com/NurcahyadiNurc1/status/2052891489504760254,"@IdSentra @ghozyulhaq Chromebook bantuan era Nadiem untuk login harus konek internet dulu, buka google officenya juga harus ada internet dulu, gak ada internet ya gak bisa diapa-apain.",Fri May 08 23:20:46 +0000 2026,https://pbs.twimg.com/profile_images/1582234400108187648/daG0FjCM_normal.png,0,1,0,0,63
2.05E+18,https://x.com/hakam1/status/2052891319719309686,"Logika hakim/jaksa itu melihat chromebook sebagai vendor, bukan ekosistem program. Jadi kalau menyalahkan Nadiem ya harus menyalahkan yang mengendorse chromebook juga. Kalau Ibam dianggap gak salah ya harusnya jangan menjerat Nadiem juga, karena toh Chromebook ada kajian teknisnya bukan karena conflict of interest dengan google",Fri May 08 23:20:06 +0000 2026,https://pbs.twimg.com/profile_images/1771315909497622528/7vC6IA03_normal.jpg,0,0,1,0,397
2.05E+18,https://x.com/catanthr/status/2052887001670844453,"Ntah cemana lagi caranya menjelaskan ke orang2 ini mengkritisi kinerja jaksa di kasus chromebook â  membela koruptor atau nadiem dkk

Kasus laras faizati &amp; amsal sitepu belum cukup membuat kalian sadar ada yang salah dengan kejaksaan kita? Atau harus kena dulu baru bisa sadar?",Fri May 08 23:02:56 +0000 2026,https://pbs.twimg.com/profile_images/1629698590510841857/Rfg0yPEo_normal.jpg,0,1,1,0,113
2.05E+18,https://x.com/fahmifan_id/status/2052878003085156754,"@iqbal_farabi @rdmakbar Terlepas dari Chromebook, gw waktu itu apresiasi Nadiem mau raise isu ini masukin ke sisdiknas, dan proposalnya menarik buat diperjuangin pak Abdul Muti",Fri May 08 22:27:11 +0000 2026,https://pbs.twimg.com/profile_images/1583048057037651968/5i3chekb_normal.jpg,0,0,0,0,16
2.05E+18,https://x.com/vittolewerissa/status/2052817589169176959,"Kalo kebijakannya miss, memang salah Nadiem, tapi bukan berarti dia pelaku korupsi Chromebook-nya. Sama halnya kayak Ibam.

Jelas-jelas kejanggalannya kasus ini juga banyak, dan udh jelas mereka dijadiin tumbal sama âkelompokâ tersebut.

Pelaku koruptor tentu jangan dibela, sama halnya kayak gaada yg belain Gibran eFishery atau KoinWorks dkk, tapi klo lo sampe menjarain orang yg ternyata gak bersalah (apalagi sekaliber Nadiem), bumerangnya juga ke kita sendiri, i.e investor asing akan semakin hesitant masuk ke Indo.

Memenjarakan yang beneran terbukti dengan jelas korupsi: akan diapresiasi semua org (termasuk foreign investors). Memenjarakan yang ternyata tidak korupsi: makin mampus ekonomi kita.

Poin dia: banyak yang gak suka Nadiem karena kebijakan dia menyusahkan alias sakit hati. Tapi itu seharusnya bukan dijadikan landasan untuk memidanakan Nadiem.",Fri May 08 18:27:07 +0000 2026,https://pbs.twimg.com/profile_images/1965291326351835141/bBd0Gr_U_normal.jpg,13,7,37,2,5113
2.05E+18,https://x.com/parungkil/status/2052810254111711673,"@Anak__Ogi @prabowo @Gerindra Tim pengadaan dari Kejaksaan merekomendasikan Windows...dan Kementerian sebelumnya juga sudah menetapkan Windows sebagai OS nya laptop utk TIK, tapi Nadiem menetapkan lain iyaitu Chromebook.",Fri May 08 17:57:58 +0000 2026,https://pbs.twimg.com/profile_images/1787535536049332227/q3aKZww-_normal.jpg,0,0,0,0,113
2.05E+18,https://x.com/listyantidewi/status/2052806781823504426,"Saya paham maksudnya rekanÂ², bahwa fokus saja ke dugaan korupsi pengadaan chromebook ini, terlepas dari kualitas kebijakan digitalisasi era nadiem seperti apa. Tapi ya bisa kali disampaikan dengan lebih sensitive terhadap pihak yang banyak dirugikan (guru dan murid). Para stakeholders yang mempertanyakan dan mendiskusikan kebijakannya juga sah-sah aja, toh pengadaan itu juga bagian operasional dari adanya kebijakan digitalisai. Perbincangan ini semua dengan tujuan supaya tidak ada lagi kebijakan yang memungkinkan terjadinya kejahatan.",Fri May 08 17:44:10 +0000 2026,https://pbs.twimg.com/profile_images/2006964957704052736/0ZGZQrnn_normal.jpg,0,1,0,0,92
2.05E+18,https://x.com/massalahuddin/status/2052795919469613214,"@muhammad_husnil Dari semua menteri pendidikan sebelum Nadiem, cuma dia yang berani angkat P3K besar-besaran, permudah proses sertifikasi guru, saya sebagai guru merasakan itu. Kalau kacamata prioritas karena uangnya gak ada, MBG lebih ngawor sih daripada Chromebook.",Fri May 08 17:01:00 +0000 2026,https://pbs.twimg.com/profile_images/3511304930/5074b8634e839e428cce2117dffc288f_normal.jpeg,0,1,0,0,144
2.05E+18,https://x.com/massalahuddin/status/2052789411356819947,"@kafiradikalis @zanatul_91 Kalau mas @zanatul_91 dari awal Nadiem bikin Kurmer udah kontra, jd pendapatnya agak tdk berimbang. Klw saya sendiri merasakan manfaatnya banyak kebijakan Nadiem, sekolah saya gak dapat Chromebook. Nadiem ingin percepatan transformasi, ya secara online adalah keniscayaan",Fri May 08 16:35:09 +0000 2026,https://pbs.twimg.com/profile_images/3511304930/5074b8634e839e428cce2117dffc288f_normal.jpeg,0,0,1,0,221
2.05E+18,https://x.com/AvelinoGuido28/status/2052785005177577650,"Sekarang lagi pada ribut soal Chromebook dan Nadiem.
Gw ngerti, gw juga ikuti kasusnya. Tapi kali ini gw mau ngajak kalian flashback ke masa lalu bentar, ada satu nama yang jarang disebut kalau lagi bahas dunia pendidikan Indonesia, padahal tangannya menyentuh hampir semua aspek pendidikan yang kita jalani hari ini.

Namanya Daoed Joesoef. Menteri Pendidikan 1978 sampai 1983. Cuma lima tahun menjabat, tapi dampaknya masih lo rasakan sampai sekarang. 
Gw jelasin satu per satu.",Fri May 08 16:17:38 +0000 2026,https://pbs.twimg.com/profile_images/2009564909680672768/gr1Sf03h_normal.jpg,7,2,9,0,536
2.05E+18,https://x.com/forest_rai53375/status/2052781671704117321,"@subnet_nol @madaarya Ya di jakarta dan Jawa emang outdated? Anak ente jelas lahir dalam keadaan privilese. Daerah 3T ga begitu. Ada sekolahan aja udah untung 

Nadiem dan ibam mana mikir soal daerah 3T. Mereka melakukan pengadaan Chromebook buat daerah 3T sedangkan listrik internet aja susah.",Fri May 08 16:04:24 +0000 2026,https://pbs.twimg.com/profile_images/1820036104550051840/4zEYaiEE_normal.jpg,0,0,3,0,76
2.05E+18,https://x.com/kokamugithu/status/2052777423943692750,"@RagnarYOLOson @michhhhhhh2611 @zanatul_91 buat apa ahok belain nadiem, krn nadiem kyk jomok? Pls.

Ributin chromebook sampe kutip2. And then you.",Fri May 08 15:47:31 +0000 2026,https://pbs.twimg.com/profile_images/1567398123810746369/EgssOcaT_normal.jpg,0,1,0,0,32
2.05E+18,https://x.com/callmetsuga/status/2052773300800294934,"@damarbowo Gak tau berita ini bener atau gak. Saking bingung dan gk bs bedain lagi mana org baik sm jahat. 

Nadiem dan Jurist Tan Buat Grup WA Sebelum Jadi Menteri, Bahas Chromebook? https://t.co/BbDXIhfMpN",Fri May 08 15:31:08 +0000 2026,https://pbs.twimg.com/profile_images/2023277646067724288/3fAenEQ5_normal.jpg,0,0,2,0,338
2.05E+18,https://x.com/callmetsuga/status/2052765867814138228,"@ghozyulhaq Ganti Chromebook jd Laptop Windows, sy yakin debatnya tetap ada. Karena akar masalahnya bukan di device. Kalau di era Nadiem guru lebih sejahtera, pelatihan matang, dan infrastruktur internet nya siap, mungkin orang juga gak akan terlalu ribut soal laptop chromebook ð",Fri May 08 15:01:36 +0000 2026,https://pbs.twimg.com/profile_images/2023277646067724288/3fAenEQ5_normal.jpg,0,1,27,0,1623
2.05E+18,https://x.com/nurilham0071/status/2052763636947685753,"@rdmakbar @catabuabu seebnarnya harga chromebook di pasaran brp sih di tahun saat nadiem menjabat? mau laptop chromebook atau non chromebook klo gak ada mark up harga mungkin itu gk jd temuan kasus, kebanyakan harga di e catalogue kan lebih mahal drpd harga di ecommerce biasa",Fri May 08 14:52:44 +0000 2026,https://pbs.twimg.com/profile_images/1646255309109993472/ou0o_rUw_normal.jpg,0,1,0,0,112
2.05E+18,https://x.com/nurilham0071/status/2052762601445327351,@rdmakbar @catabuabu chromebook ini pengadaan barang lewat e catalogue spt pengadaan barang2 pem lainnya kan? siapa yg menentukan harganya di e catalogue? apakah harganya sesuai pasar atau lebih mahal? apakah nadiem dan co tau harga di e-catalogue lebih mahal?,Fri May 08 14:48:37 +0000 2026,https://pbs.twimg.com/profile_images/1646255309109993472/ou0o_rUw_normal.jpg,0,1,0,0,140
2.05E+18,https://x.com/nurilham0071/status/2052761644145782970,"@rdmakbar @catabuabu yg pro : nadiem dan konsultannya punya misi mulia ingin memajukan pendidikan lewat digitalisasi pendidikan

yg kontra : chromebook gak mendukung krn hrs online dan terhubung internet, daerah yg fasilitas internetnya blm proper gak bs makai chromebook",Fri May 08 14:44:49 +0000 2026,https://pbs.twimg.com/profile_images/1646255309109993472/ou0o_rUw_normal.jpg,0,1,0,0,134
2.05E+18,https://x.com/s_rokurouta/status/2052760100335706494,"Terserah deh pada mau debatin.
Intinya:
- Nadiem korupsi chromebook
- Nadiem MERUSAK kurikulum dan pendidikan siswa sekolah dasar.
Alasan? Banyak.
- Zonasi
- Hapus UN
- ANBK
- Hapus sistem tinggal kelas
- Mapel IPAS 
- Lanjutin k13 dan buat Kumer
- Shadow team
- Siplah",Fri May 08 14:38:41 +0000 2026,https://pbs.twimg.com/profile_images/2022673431544893442/31HJti42_normal.jpg,1,0,0,0,81
2.05E+18,https://x.com/s_rokurouta/status/2052759980848329108,"@rdmakbar Terserah deh pada mau debatin.
Intinya:
- Nadiem korupsi chromebook
- Nadiem MERUSAK kurikulum dan pendidikan siswa sekolah dasar.
Alasan? Banyak.
- Zonasi
- Hapus UN
- ANBK
- Hapus sistem tinggal kelas
- Mapel IPAS 
- Lanjutin k13 dan buat Kumer
- Shadow team
- Siplah",Fri May 08 14:38:12 +0000 2026,https://pbs.twimg.com/profile_images/2022673431544893442/31HJti42_normal.jpg,0,0,2,0,158
2.05E+18,https://x.com/ruhulanakgaul/status/2052752390630367534,"Aksi korporasi Gojek 809 M dituduh korupsi? Nggak masuk akal! Polanya sama kayak kasus Tom Lembong: konsep diputar balik demi narasi. Gak ada aliran dana ke Nadiem, tapi digoreng bareng isu Chromebook. Semrawut &amp; konyol banget cara mainnya! ð© https://t.co/7FXsV8vprg",Fri May 08 14:08:02 +0000 2026,https://pbs.twimg.com/profile_images/1962838474429714432/556PSMMS_normal.jpg,1,1,2,0,170
2.05E+18,https://x.com/aanwar_sanusi/status/2052750338374222214,"Saya dan mas @zanatul_91 sama2 guru dan sama2 dari Pandeglang. Saya sepakat dengannya terkait kesejahteraan guru. Namun terkait korupsi Chromebook saya tidak sepakat. FYI, mas Iman memang terkenal sebagai pengkritisi Nadiem Makarim sejak diangkat jadi menteri.",Fri May 08 13:59:53 +0000 2026,https://pbs.twimg.com/profile_images/1240808155920994305/ulE0WBJ7_normal.jpg,1,1,0,0,308
2.05E+18,https://x.com/frans070707/status/2052744005390401698,"@komentator_bola @rdmakbar imho Nadiem sudah berusaha melaksanakan program digitalisasi 
dengan profesional 

Nadiem minta di audit BPKP &amp; dikawal Jaksa proses Chromebook

kayak begini niat korupsi?",Fri May 08 13:34:43 +0000 2026,https://pbs.twimg.com/profile_images/1862456090715107328/oS9HUVgO_normal.jpg,0,1,1,0,89
2.05E+18,https://x.com/rodrygoazzar/status/2052741893373743391,"@Noiir_098 @itsurboihyl Terus lu ngikutin kasusnya ngga sih sebenernya? Bahkan jaksa juga dakwaannya bukan masalah 3T ini lagi lho, karena emang faktanya chromebook era nadiem bukan buat 3T, karena secara kajian belum memadai, tapi visi akhirnya tentu seluruh indonesia, tapi programnya harus jalan dulu",Fri May 08 13:26:20 +0000 2026,https://pbs.twimg.com/profile_images/1439953024697262081/dX-kyGMo_normal.jpg,0,1,0,0,60
2.05E+18,https://x.com/ariefrasyad/status/2052741878265901430,"Kesaksian Prof. Romli bikin JPU skakmat! Beliau tegas bilang konflik kepentingan bukan pidana, bahkan pengunjung tertawa pas beliau nanya kenapa korporasi nggak didakwa. Prof. Romli juga ngingetin kalo audit BPKP nggak sah tanpa deklarasi BPK. Terkait Nadiem, pelepasan jabatan justru bukti integritas dan niat baik. Intinya, menteri nggak harus nanggung kesalahan dirjen, apalagi semua langkah udah transparan dan minta pendampingan hukum.
#NadiemMakarim #SidangNadiem #Keadilan #Chromebook",Fri May 08 13:26:16 +0000 2026,https://pbs.twimg.com/profile_images/1259967383000592384/05WR9p_y_normal.jpg,7,0,8,0,10146
2.05E+18,https://x.com/huftbosan/status/2052741131675562192,"Infrastruktur belum memadai -&gt; kajian kebijakan jelas bilang chromebook ga guna -&gt; nadiem tetep maksa chromebook -&gt; yang jualan sepupunya sendiri -&gt; â¨korupsiâ¨

Tapi ya mau dijelasin gimana juga KawanNadiem mana pahamð",Fri May 08 13:23:18 +0000 2026,https://pbs.twimg.com/profile_images/1962811919955623936/7NzEhTLx_normal.jpg,5,0,8,0,491
2.05E+18,https://x.com/sikasep45/status/2052731372951998792,"@rdmakbar Bang kaga malu lu nge twit bego kek gini? Jadi menurut lu, gaji guru rendah tak apa2, yg penting ada inovasi pendidikan gitu? Terus duit chromebook triliunan itu jadi apa sekarang? Kurikulum inovasi Nadiem bikin murid2 tambah pinter atau tambah bego?",Fri May 08 12:44:31 +0000 2026,https://pbs.twimg.com/profile_images/2015697050801725440/qmg8pcIp_normal.jpg,1,4,2,0,974
2.05E+18,https://x.com/rodrygoazzar/status/2052698820975509930,"@_moroboshidai @itsurboihyl Ketahuan ga ngikutin persidangannya tapi asal komen ajað. Tujuan akhirnya emang digitalisasi menyasar semua, tapi khusus chromebook zaman nadiem cuma menyasar kawasan yg udah ada listrik internet memadai. Ada kok di internet juklak pengadaannya cari aja.",Fri May 08 10:35:10 +0000 2026,https://pbs.twimg.com/profile_images/1439953024697262081/dX-kyGMo_normal.jpg,0,1,0,0,137
2.05E+18,https://x.com/doelpaten/status/2052681574144221214,"@NenkMonica Sy semakin yakin  terjadi korupsi di pengadaan Chromebook, dgn bermunculannya akun2 yg bikin opini berjemaah membela Nadiem di medsos2...",Fri May 08 09:26:38 +0000 2026,https://pbs.twimg.com/profile_images/1734501177587572736/5kVTt28s_normal.jpg,0,0,0,0,153
2.05E+18,https://x.com/WalterWisnu/status/2052663735840628965,"@arisaja @rayestu Isi podcastnya emang kygt, korupsi susah dibuktiin karna ga ada aliran ke nadiem, blgny memperkaya google karna lock spec ke chromebook. Tp logika yang sama kalo lock spec windows berarti memperkaya microsoft.",Fri May 08 08:15:45 +0000 2026,https://pbs.twimg.com/profile_images/2021843887510466560/7--aNtcS_normal.jpg,0,1,0,0,500
2.05E+18,https://x.com/narkosun/status/2052659105287049225,"Sidang kasus Chromebook Nadiem Makarim menghadirkan Prof. Romli Atmasasmita sebagai saksi ahli. 

JPU bertanya dengan asumsi ada kickback google ke gojek berupa investasi. 

Prof. Romli bertanya balik kenapa gojek sebagai korporasi gak didakwa? Jaksa kena mental dan pengunjung pun tertawa. ð",Fri May 08 07:57:21 +0000 2026,https://pbs.twimg.com/profile_images/1362221852047761414/Sf0hAG6i_normal.jpg,19,2,55,0,6562
2.05E+18,https://x.com/kafiradikalis/status/2052655830898729077,"...BREAKING NEWS!

Bukti bahwa debat di X bisa bikin lawan debat jd paham.

Pembela Nadiem+Ibam yg debat gw kasus chromebook sejak semalam akhirnya sadar

Dan ini bukan karna gw arahin convo.

Juatru dia sendiri yg menemukan mens rea-nya Ibam di mana.

Hahahahahahahahahaha (``,)",Fri May 08 07:44:21 +0000 2026,https://pbs.twimg.com/profile_images/1776425429236350976/gNNXofoz_normal.jpg,10,4,45,2,7646
2.05E+18,https://x.com/PartimeBztrd/status/2052644501253230905,"@zanatul_91 @jaksapedia serius nanya, kalo concernnya dari miss nya di pengadaan ini ketika covid, tp kegiatan belajar mengajar saat itu online.

Ya memang yg di daerah terugikan terkait internet.

Jadi sebenernya salah ambil kebijakan atau memang chromebook ""dipaksakan jd projek"" kesalahan Nadiem ini?",Fri May 08 06:59:20 +0000 2026,https://pbs.twimg.com/profile_images/2042549380541222912/X6LuuG8M_normal.jpg,0,0,0,0,428
2.05E+18,https://x.com/taufiqR80/status/2052642624029577570,"@kafiradikalis @ghozyulhaq @zanatul_91 Ya lebih milih Laptop sih, gak usah banyak argumen. 
Chromebook yg dibagi zaman Nadiem itu spek nya gak ok, lemot. 
Saya gak tau apakah ada manipulasi Spek atau tidak, yg jelas barangnya gak bagus. Justru zaman Prabowo ini dikasih bantuan IFP lebih berguna dan bermanfaat",Fri May 08 06:51:52 +0000 2026,https://pbs.twimg.com/profile_images/1416257176058793986/r1zq40RZ_normal.jpg,0,1,1,0,241
2.05E+18,https://x.com/yamazakura81/status/2052641688200597941,"otw nonton ini karena butuh sudut pandang yg beda dri kasus korupsi chromebook

timelineku banyakan isinya ngebela mas ibam dan nadiem, aku butuh pndpt counter selain akun jaksa supaya gk bias kalo liatÂ² literatur yang bahas kasus ini

please give me more akunÂ² counter kyk gini, X!",Fri May 08 06:48:09 +0000 2026,https://pbs.twimg.com/profile_images/1867967624522706944/Hoizr_Dy_normal.jpg,0,0,0,0,18
2.05E+18,https://x.com/ekowboy2/status/2052637036474138977,"Guru ini bongkar kebusukan Nadiem & Ibam..

Kajian resmi tidak merekomendasikan Chromebook hanya menyebut Windows, Linux dll

Demi menangkan tender Chromebook, pengadaan diperbanyak kabel LAN, router, switch dst hingga nilainya membengkak jadi Rp10jt/unit

Ngeri uang negara jadi bancakan proyek!!",Fri May 08 06:29:40 +0000 2026,https://pbs.twimg.com/profile_images/1006842064942690304/yUDorb4G_normal.jpg,52,36,116,6,34999
2.05E+18,https://x.com/NyaiiBubu/status/2052634518130163860,"Analogi Harun Masiku ini tepat banget dan gak ngerti kenapa Tom Lembong masih bisa bela Nadiem dengan pede.

Jurist Tan dibilang saksi mahkota. Orang yang paling tau alur korupsi Chromebook dari dalam. Dan dia... gak ada. Kabur. Hilang. Kayak Harun Masiku. 

Selama Jurist Tan gak muncul, Nadiem bebas bangun narasi apapun mulai dizalimi, dikriminalisasi, whatever. Gak ada yang bisa langsung counter dari dalam. Persis Hasto free style karena Harun Masiku gak pernah tampil.

Mnrtku ini bukan soal asumsi. Logika sederhananya, saksi mahkota absen, bikin untung tersangka. Kl ga prrcaya coba tanya aja Hasto.. ðµâð«",Fri May 08 06:19:39 +0000 2026,https://pbs.twimg.com/profile_images/2041847597934243840/kzquStsr_normal.jpg,15,7,29,0,5560
2.05E+18,https://x.com/inspire_man48/status/2052625813191979201,"@zanatul_91 menurut keyakina saya, chromebook ini sprindik untuk menyingkirkan Nadiem aja yg bawaan jkw. Klo ada yg belain dan minim argumen ya apes aja, lingkaran setan malah dimasukin",Fri May 08 05:45:04 +0000 2026,https://pbs.twimg.com/profile_images/2045841228915527680/317dSdju_normal.jpg,0,2,0,0,9305
2.05E+18,https://x.com/rayqusa/status/2052624903443243186,"@ghozyulhaq nadiem memang pantes d penjara krn shadow team. kerjannya menyisir anggaran kementrian yang bisa di gunakan.

tp shadow team g isa d perkarakan. di perkarakannya lewat chromebook ini",Fri May 08 05:41:27 +0000 2026,https://pbs.twimg.com/profile_images/1908109631978958848/DpaouLZo_normal.jpg,0,0,5,0,825
2.05E+18,https://x.com/penempaan/status/2052623183883411560,"@rayestu @adepedia Lebih ke..Nadiem udah tau ada studi ga feasible tetep diterusin chromebook.. 

Konsultan jadi akal-akalan buat bemper yang punya proyek. Yang punya proyek tentu bukan ibam sih",Fri May 08 05:34:37 +0000 2026,https://pbs.twimg.com/profile_images/1679743154012946432/QvzE3Pfy_normal.jpg,4,1,121,0,15803
2.05E+18,https://x.com/kafiradikalis/status/2052607002904584518,"@ghozyulhaq @Gendoet3G @zanatul_91 ...Padahal dah saya tulis di atas. Hadeuh.

LHI mengarahkan tender dengan sangat halus via japri chat WA, ini fakta persidangan.

Kasus chromebook, chat di grup WA Nadiem mengarahkan itu.

Lalu fakta ucapan ""trust the giant""

Ibam dah tahu itu salah tp kok masih di dalam? (``,)",Fri May 08 04:30:19 +0000 2026,https://pbs.twimg.com/profile_images/1776425429236350976/gNNXofoz_normal.jpg,0,0,0,0,157
2.05E+18,https://x.com/kafiradikalis/status/2052599696125005834,"@Gendoet3G @ghozyulhaq @zanatul_91 ...Gak ribet kok.

Simpel.

Jangan pernah simpati dengan tersangka korupsi yg saksi kuncinya aja ""hilang"" alias gak bisa dihadirkan

""Harun Masiku"" dalam kasus chromebook adalah Jurist Tan.

""Hilang""-nya Jurist Tan sangat menguntungkan Nadiem+Ibam sekaligus... (``,)",Fri May 08 04:01:17 +0000 2026,https://pbs.twimg.com/profile_images/1776425429236350976/gNNXofoz_normal.jpg,0,3,11,0,532
2.05E+18,https://x.com/Pir_ppt/status/2052597772692668655,@ruliemaulana Biar apa yaa ngambil footage Nadiem pas lagi sedih sama istrinya kalau diliat nilai korupsi chromebook ya bikin kecewa masyarakat juga,Fri May 08 03:53:39 +0000 2026,https://pbs.twimg.com/profile_images/1430428639133200386/L8KDsAjr_normal.jpg,0,1,0,0,101
2.05E+18,https://x.com/ghozyulhaq/status/2052596027715363193,"ganti Chromebook dengan Laptop Windows, saya yakin masalahnya akan tetap sama

atau pada masa Nadiem, ada kebijakan yg bikin guru sejahtera, pasti gak ada yg akan ngotot memperkarakan Chromebook

dari sini paham kan sebenarnya yg salah itu apa ð",Fri May 08 03:46:43 +0000 2026,https://pbs.twimg.com/profile_images/1962831258012266496/2uHe3aWH_normal.jpg,18,29,127,3,28667
2.05E+18,https://x.com/RaniKancana/status/2052595589070909466,"Pak Iman Zainatul Haeri selaku Kepala Bidang Advokasi Pendidikan dan Guru mengungkapkan:

Pada awal tahun 2020 sebelum bulan Mei, di Kementrian yang dibawahi Menristek Nadiem Makarim saat itu, diadakan kajian tekhnis pengadaan TIK yg dibutuhkan untuk daerah 3T. Di sana ditulis apa saja yg dibutuhkan dan tidak ada yg menyebutkan kebutuhan akan Chromebook waktu itu. 

Namun ujug-ujug beli Chromebook dan perintilannya. 

Pak Nadiem gak mungkin gak sadar juga akan hal ini, tiba-tiba ada belanja barang di luar kebutuhan yg sudah direncanakan. 

Ada apa gerangan?",Fri May 08 03:44:58 +0000 2026,https://pbs.twimg.com/profile_images/2055629834760675328/pWsOCs0__normal.jpg,28,17,58,1,4829
2.05E+18,https://x.com/Nziaalhaq/status/2052593827467411878,"@NayDonuts Fokus ke Chromebook, bukan ke CV Nadiem yg mentereng!",Fri May 08 03:37:58 +0000 2026,https://pbs.twimg.com/profile_images/2052389915162546176/wr0IdL5j_normal.jpg,0,0,1,0,20
2.05E+18,https://x.com/kafiradikalis/status/2052587178526699786,"@KangSemproel ...Gak ada.

Mereka cuma pake keterangan versi lawyernya Ibam atau Nadiem.

Pas dikonfrontasi pake faktaÂ² persidangan yg ditemukan jaksa yah mingkem/ngeles.

Pada faktanya dah ada pelaku yg divonis bersalah dalam kasus chromebook ini kan...Tinggal tunggu vonis Nadiem/Ibam. (``,)",Fri May 08 03:11:33 +0000 2026,https://pbs.twimg.com/profile_images/1776425429236350976/gNNXofoz_normal.jpg,2,1,8,1,798
2.05E+18,https://x.com/FirzaHusain/status/2052586986020770141,"Awal mula kejanggalan kasus korupsi Chromebook yg menjerat mantan Mendikbudristek Nadiem Makarim berawal dari sini, seperti yg diceritakan mas guru @zanatul_91 sebenarnya seperti dipaksakan, karena tdk semua wilayah di Indonesia siap infrastrukturnya &amp; juga harganya tidak wajar. https://t.co/6vYoDSUOuM",Fri May 08 03:10:47 +0000 2026,https://pbs.twimg.com/profile_images/1418746550411415553/NEYxzUMR_normal.jpg,14,6,28,3,8842
2.05E+18,https://x.com/kafiradikalis/status/2052583169216684439,"...Pembela Nadiem nyamain dgn kasus Tom Lembong.

Padahal kasus TL gak ada ""Harun Masiku"".

Di kasus megakorupsi chromebook?

""Harun Masiku"" = Jurist Tan, teman dekat sekaligus staf Nadiem.

Bodoh banget simpati ma tersangka korupsi yg bahkan saksi kuncinya aja ""hilang""... (``,)",Fri May 08 02:55:37 +0000 2026,https://pbs.twimg.com/profile_images/1776425429236350976/gNNXofoz_normal.jpg,78,21,202,3,8074
2.05E+18,https://x.com/kafiradikalis/status/2052564023309390123,"@Gerry007bro @zanatul_91 ...Gw buzzer fakta bhw kasus megakorupsi chromebook ini = kasus Hasto PDIP.

""Harun Masiku"" kasus chromebook adalah saksi mahkota Jurist Tan.

Dengan ""hilang""-nya saksi mahkota, Nadiem dan Ibam jelas mendapat keuntungan sebagaimana Hasto dengan hilangnya Harun Masiku... (``,)",Fri May 08 01:39:32 +0000 2026,https://pbs.twimg.com/profile_images/1776425429236350976/gNNXofoz_normal.jpg,0,1,0,0,370
2.05E+18,https://x.com/kafiradikalis/status/2052552708704591888,"@ValeValvuela @zanatul_91 ...Lu ketahuan belum nonton video Zanatul, ngoceh terus tapi kopong.

Padahal dah gw urai sedikitnya 18 part alur menitÂ² kebusukan proses pengadaan chromebook.

Ibam jelas tahu itu barang busuk tapi tetap bertahan sampe Nadiem selesai jadi menteri... (``,)",Fri May 08 00:54:34 +0000 2026,https://pbs.twimg.com/profile_images/1776425429236350976/gNNXofoz_normal.jpg,0,0,1,0,190
2.05E+18,https://x.com/arieagung/status/2052514315819983009,"saya sudah nonton dan menurut saya itu penjabaran ulang atas apa yang sudah sering @zanatul_91 sampaikan di berbagai media yaitu kebijakan bermasalah era Nadiem...

Saya 1000% setuju bahwa kebijakan Nadiem itu sangat merusak sistem pendidikan...

Saya juga 1000% setuju kebijakan pengadaan chromebook ini tidak tepat guna...mubazir, kemahalan (pengadaan 1 juta unit lebih masa pakai patokan harga ritel, pake patokan harga distributor juga masih ngawur, jumlah segitu harusnya pake patokan harga pabrik)

Saya juga 1000% setuju keberadaan Juris Tan ini seperti Harus Masiku, kunci utama kasus ini.

Tapi, dengan melihat jalannya persidangan harus saya akui bahwa dakwaannya lemah...

Untuk masalah salah kebijakan, bukti yang dibawa @zanatul_91 itu segunung, mencolok mata sekali. No debat.

Tapi untuk masalah korupsinya, bukti ""beyond reasonable doubt"" nya tipis sekali. Kalau pun memang benar ada korupsinya, jaksa gagal menunjukan itu. Tidak seterang benderang masalah kebijakannya.",Thu May 07 22:22:01 +0000 2026,https://pbs.twimg.com/profile_images/1842093295465615360/ETTk1xdz_normal.jpg,11,2,83,5,8841
2.05E+18,https://x.com/subnet_nol/status/2052422077886726482,"Itu kan hasil liputan istrinya dari sidang. Bukan semata opini. 

Sedangkan si Pak Iman masih subjektif tuh pas nonton. 

""Anda kan ditugaskan Nadiem, harusnya mengarahkan chromebook"" etc2... 

""Tidak merekomendasikan koq 5 tahun msh disitu... "" ð

Korupsi kejahatan serius hrs beneran dibuktikan pakai data dan fakta yg terkait, kl engga kasian yg ga bersalah. ð",Thu May 07 16:15:30 +0000 2026,https://pbs.twimg.com/profile_images/2033737539463614467/d0_-ov4t_normal.jpg,0,2,13,0,4058
2.05E+18,https://x.com/zanatul_91/status/2052418903687729617,"sorry kalau di podcast saya emosi ya. Coba inget2 mas masa2 itu. di kiri kanan saya, guru2 tua komorbid meninggal semua. 

Trus mereka maksa kita ke sekolah menyelenggarakan AN? demi apa? supaya Chromebook jadi bermanfaat? Nadiem bahkan gak ada bela sungkawa saat 1.244 guru wafat karena covid.",Thu May 07 16:02:53 +0000 2026,https://pbs.twimg.com/profile_images/1567058561645318146/jieq9bqD_normal.jpg,3,1,4,0,463
2.05E+18,https://x.com/inilahdotcom/status/2052418731863875907,"Mantan Mendikbudristek Nadiem Anwar Makarim menilai kasus dugaan korupsi pengadaan Chromebook tidak masuk akal. Pernyataan tersebut disampaikan saat jeda persidangan pada Rabu (06/05/2026).

âSaya terus terang sudah tidak mengerti lagi mau membuktikan apa. Sudah satu negara mungkin sudah melihat kasus ini. Kasus yang buat saya tidak masuk akal,â ujar Nadiem.",Thu May 07 16:02:12 +0000 2026,https://pbs.twimg.com/profile_images/1722832886800515072/uj4iptlj_normal.jpg,1,1,2,0,255
2.05E+18,https://x.com/kafiradikalis/status/2052416992465014910,"@iamrunner25 @zanatul_91 ...Kalo gw mah simpel aja liat peta kasus megakorupsi chromebook.

Ada ""Harun Masiku"" di kasus ini namanya Jurist Tan, saksi mahkota-saksi berlian-saksi kunci.

Siapa yg diuntungkan dari ""Hilang""-nya Jurist Tan?

Ya Nadiem dan Ibam salah1nya... (``,)",Thu May 07 15:55:17 +0000 2026,https://pbs.twimg.com/profile_images/1776425429236350976/gNNXofoz_normal.jpg,1,1,17,0,5665
2.05E+18,https://x.com/subnet_nol/status/2052409967366586456,"@kafiradikalis @zanatul_91 Ibam ga sepaket sama Nadiem lah. 

- Saksi dari tim teknis mengakui Ibam tidak ikut pembuatan kajian Chromebook.
- 80% masukan Ibam ditolak dan tidak masuk kajian.
- Pada pengesahan kajian resmi (yang ditugaskan SK), tidak ada tanda tangan Ibam
https://t.co/z7euT5HZYl",Thu May 07 15:27:22 +0000 2026,https://pbs.twimg.com/profile_images/2033737539463614467/d0_-ov4t_normal.jpg,2,5,17,0,11889
2.05E+18,https://x.com/aro_6ansi/status/2052407899998290366,"@kafiradikalis @zanatul_91 hanya di era Nadiem kualitas pendidikan terjun bebas , selain beban akses chromebook , lebih parah lagi kurikulum malah berantakan jadi beban siswa dan pelaksana satuan pendidikan .

ibham dan Nadiem memang pantas di hukum berat.",Thu May 07 15:19:09 +0000 2026,https://pbs.twimg.com/profile_images/1963578775649898496/a2XIQUl0_normal.jpg,2,2,42,0,5636
2.05E+18,https://x.com/Markeso67633508/status/2052397876211495411,@110390hw @Jelli_cent Kamu lihat sidang nadiem.. sampe penjual chromebook mya nyerah.. masa suruh jualan gk boleh ambil untung.. tapi klo untuk negara hrys jual rugi. kasus nya tom lembong mirip kasus nadiem. Konstruksi hukum yg aneh. coba googling kasus amsal sitepu. Mirip jg. kualitas jaksa kita,Thu May 07 14:39:20 +0000 2026,https://pbs.twimg.com/profile_images/1913566261600190464/RtzV-6xa_normal.jpg,0,0,1,0,67
2.05E+18,https://x.com/Heraloebss/status/2052393312326500571,"Jika Chromebook tidak ada unsur korupsi, lalu kenapa ada yang lari?

Saksi kunci dugaan korupsi Chromebook, Jurist Tan, sengaja disuruh kabur, dihilangkan, disembunyikan, atau ""di-Harun Masiku-kan"" oleh Nadiem Makarim? , Pertanyaan ini wajar muncul di ruang publik karena hilangnya sosok penting dalam sebuah perkara besar selalu memunculkan kecurigaan. Jika memang tidak ada yang ditutupi, seharusnya semua pihak hadir, kooperatif, dan membantu membuka fakta seterang-terangnya.

Belakangan ini antek-antek Koruptor  mulai terlihat masif membela junjungannya dalam dugaan mega korupsi pengadaan Chromebook dan Chrome Device Management (CDM). Padahal, jika dicermati secara objektif, ada satu titik krusial yang seharusnya menjadi perhatian utama publik: keberadaan dan peran  sebagai saksi kunci.

Dalam konstruksi perkara besar, sosok saksi mahkota sering menjadi pembuka fakta paling menentukan. Pada kasus ini, posisi Jurist Tan dinilai memiliki peran strategis karena dianggap mengetahui detail proses, komunikasi, hingga pengambilan keputusan yang berkaitan dengan proyek tersebut. Ketidakhadirannya justru menciptakan ruang kosong dalam pembuktian yang secara politik maupun hukum dapat menguntungkan pihak tertentu.
Fenomena ini mengingatkan publik pada pola perkara  yang menyeret . Selama  belum muncul dan memberikan keterangan secara terbuka, ruang narasi akan selalu dipenuhi klaim, pembelaan, bahkan tuduhan politisasi. Situasi serupa terlihat dalam perkara Chromebook. Hilangnya figur yang diyakini memegang banyak informasi penting membuat perdebatan publik menjadi liar dan penuh spekulasi.

Karena itu, penyederhanaan logika kasus sebenarnya tidak terlalu rumit. Jika saksi yang dianggap paling mengetahui duduk persoalan tidak pernah tampil di hadapan publik maupun proses hukum, maka pihak yang berpotensi dirugikan oleh keterangannya tentu berada dalam posisi lebih diuntungkan. Dalam konteks inilah, banyak pihak menilai posisi Jurist Tan terhadap kasus Chromebook memiliki kemiripan pola dengan posisi Harun Masiku dalam perkara yang menyeret Hasto.

Di tengah derasnya opini di media sosial, publik seharusnya tetap menjaga nalar kritis dan tidak terburu-buru membangun kesimpulan hanya berdasarkan narasi simpatik atau pembelaan personal. Dalam perkara korupsi besar, yang paling penting bukan perang opini, melainkan keterbukaan fakta dan keberanian menghadirkan seluruh aktor kunci agar proses hukum berjalan terang-benderang.",Thu May 07 14:21:11 +0000 2026,https://pbs.twimg.com/profile_images/2007656385828532224/QWuNEdAs_normal.jpg,10,6,27,1,7599
2.05E+18,https://x.com/AbahLica/status/2052392866870411748,"@tijabar @zanatul_91 Program Chromebook era Nadiem memang terlihat ambisius sebagai ""inovasi digitalisasi pendidikan"", tapi kenyataannya lebih mirip tragedi kebijakan yang dipaksakan.",Thu May 07 14:19:25 +0000 2026,https://pbs.twimg.com/profile_images/1336213519893577728/LE_fyO6J_normal.jpg,0,1,1,0,35
2.05E+18,https://x.com/NenkMonica/status/2052389460344713414,"@NiniN710_1199 Ibrahim Arief (Ibam) lebih ke teknis/kajian yang ""mengunci"" pilihan Chromebook, sementara Juris Tan lebih ke peran pengarahan dan koordinasi tingkat tinggi. 
Keduanya disebut bersekongkol dengan Nadiem Makarim dan pejabat lain.",Thu May 07 14:05:53 +0000 2026,https://pbs.twimg.com/profile_images/2049811849479409664/2aIKBxI-_normal.jpg,2,2,2,0,1564
2.05E+18,https://x.com/FirzaHusain/status/2052387428019880355,"Jurist Tan adalah saksi mahkota kasus mega korupsi Chromebook yg menjerat mantan Menteri Pendidikan, Kebudayaan, Riset dan Tekhnologi, Nadiem Makarim.
Menghilangnya Jurist Tan sangat menguntungkan Nadiem, maka Jaksa berusaha semaksimal mungkin untuk menghadirkan Jurist Tan agar bukti keterlibatan Nadiem semakin besar.
Jaksa Penuntut Umum mendalami peran dan kewenangan Jurist Tan dalam persidangan kasus dugaan korupsi mantan Mendikbudristek tersebut dengan meminta saksi, Dhany Hamiddan Khoir agar tidak takut menyampaikan keterangan apa adanya terkait figur Jurist Tan yg disebut memiliki pengaruh besar di internal Kemendikbudristek.
Dhany kemudian mengungkapkan bahwa peran Jurist Tan memang terlihat sangat dominan.",Thu May 07 13:57:49 +0000 2026,https://pbs.twimg.com/profile_images/1418746550411415553/NEYxzUMR_normal.jpg,8,4,12,1,4988
2.05E+18,https://x.com/BijaksanaWeb/status/2052374114707673369,"@tijabar @zanatul_91 Menyimak info dari mas guru Iman, semakin jelas Chromebook Era Nadiem adalah tragedi.",Thu May 07 13:04:54 +0000 2026,https://pbs.twimg.com/profile_images/1038101036806754305/pI4ht6VU_normal.jpg,0,0,1,0,48
2.05E+18,https://x.com/tijabar/status/2052372013789106401,"Chromebook Era Nadiem: Inovasi Atau Tragedi?

âï¸Di 2021 mas guru @zanatul_91 sudah warning mengingatkan: ""Guru lebih memerlukan kelayakan gaji bukan Chromebook"".
âï¸ Kebutuhan Teknologi Informasi dan Komunikasi (TIK) saat itu kecil tapi dibuat-buat sehingga menjadi kebutuhan besar.
âï¸ Ekosistem Digital yang dipaksakan

https://t.co/osEvNM2SvP",Thu May 07 12:56:33 +0000 2026,https://pbs.twimg.com/profile_images/1965431151239270400/1bYiKfFx_normal.jpg,15,11,22,0,4941
2.05E+18,https://x.com/PaltiHutabarat/status/2052358096169922817,"Agung Firman Sampurna, Ketua BPK 2019-2022, Ungkap Bahwa Tidak Ada Penyimpangan Dalam Pengadaan Chromebook..

Berarti kasus Nadiem Makarim ini ga seharusnya ada dong.. https://t.co/RQdtSnanmd",Thu May 07 12:01:15 +0000 2026,https://pbs.twimg.com/profile_images/1981981998244659200/TqT6qhjd_normal.jpg,4,0,14,0,611
2.05E+18,https://x.com/NenkMonica/status/2052340048918720788,"HILANGNYA SAKSI MAHKOTA SEKALIGUS TERSANGKA KUNCI DALAM KASUS CHROMEBOOK BUKAN SEKEDAR KEBETULAN.

Di kasus korupsi Chromebook yang rugikan negara Rp2 triliun, Jurist Tan â Stafsus Nadiem yang dijuluki âThe Real Menteriâ â justru hilang menjadi buronan hingga kini.
Saksi-saksi sebut ia yang mengarahkan semuanya : memilih Google, tolak evaluasi, kendalikan anggaran. Tapi Jurist Tan aman di luar negeri, tak pernah hadir di sidang.Hilangnya dia sangat menguntungkan Nadiem. 
Tanpa saksi mahkota sekaligus tersangka kunci itu, rantai bukti ke puncak terputus. Nadiem leluasa bilang saya hanya percaya anak buah, tanpa konfrontasi memalukan. Satu buron yang hilang, satu tameng sempurna bagi Nadiem.
Jurist Tan yang tak tertangkap menjadi âberkahâ tersembunyi bagi Nadiem.
Publik menanti, tapi roda hukum berputar dengan satu kursi kosong yang terlalu nyaman.",Thu May 07 10:49:32 +0000 2026,https://pbs.twimg.com/profile_images/2049811849479409664/2aIKBxI-_normal.jpg,90,22,224,6,61943
2.05E+18,https://x.com/RaniKancana/status/2052336982752383227,"Saksi kunci dalam kasus Chromebook yang menyeret Nadiem Makariem, Jurist Tan ternyata menghilang. Alias DPO. Menurut saksi, peran Jurist Tan ternyata lebih berkuasa dari menteri

Enak di Nadiem nya nih. Saksi kuncinya menghilang, jadi bisa lakukan pembelaan sekenanya. 

Sidang Nadiem, Saksi Ungkap Peran Jurist Tan dalam Kasus Chromebook https://t.co/LSTTPaUKvO",Thu May 07 10:37:21 +0000 2026,https://pbs.twimg.com/profile_images/2055629834760675328/pWsOCs0__normal.jpg,11,14,32,2,2623
2.05E+18,https://x.com/denni_sauya/status/2052281354596036884,"Mantan Ketua BPK Agung Firman jadi Saksi Ahli di sidang Nadiem Makarim kasus Chromebook.

Menurutnya hasil audit kerugian keuangan negara sebesar Rp 1,5 triliun yang dihitung oleh BPKP dinilai tidak memenuhi standar perhitungan kerugian negara.

Kesimpulannya; ""Karena bersifat asumtif, maka laporan hasil audit (LHA) dari Badan Pengawasan Keuangan dan Pembangunan (BPKP) untuk perkara Chromebook tidak bisa menjadi alat bukti yang sah, bahkan dianggap cacat!""",Thu May 07 06:56:19 +0000 2026,https://pbs.twimg.com/profile_images/1649895687881113600/RROHT2fj_normal.jpg,38,3,48,0,10682
2.05E+18,https://x.com/abu_waras/status/2052280492360352123,"Jadi gini,  Mantan Ketua BPK (2019-2022) mengatakan  berdasarkan dokumen yang diterima oleh BPK, diketahui bahwa proses pengadaan Chromebook itu telah dua kali melalui audit kepatuhan dan review oleh BPKP,  yang mana hasil pemeriksaannya tidak menemukan adanya penyimpangan maupun indikasi pelanggaran prosedur.

Yang artinya secara administratif dan tata kelola, pelaksanaan kegiatan dinilai telah berjalan sesuai mekanisme yang berlaku.

Lalu salah Nadiem apa? ð¤ð«£",Thu May 07 06:52:53 +0000 2026,https://pbs.twimg.com/profile_images/1969550649663897602/F46dpGQ__normal.jpg,39,6,112,0,27592
2.05E+18,https://x.com/Jelli_cent/status/2052276463727231292,"Nah loh..
Mantan ketua BPK (2019-2022) pun menilai LHA pengadaan laptop Chromebook itu tidak menunjukkan adanya kerugian negara...

Laporan yg disusun BPKP bahkan cacat prosedur.
Penegakan hukum harusnya berlandasan konstitusi & tidak melanggar hukum..

Semakin jelas, Kasus Nadiem ini dipaksakan.
Apalagi setelah melalui persidangan2, tuduhan thd Nadiem tidak terbukti.

Harus brp lama lg proses ini berjalan smp Nadiem ditetapkan tidak bersalah? ð¤",Thu May 07 06:36:53 +0000 2026,https://pbs.twimg.com/profile_images/1870856558944649216/UueU-GXj_normal.jpg,14,0,24,0,10382
2.05E+18,https://x.com/DS_yantie/status/2052244264114139225,"Di sidang Kasus korupsi chromebook, ada 1 orang yang paling ditunggu yaitu ""Saksi Mahkota"" dia adalah Jurist Tan

Dia yang tau alur duit nya kemana, siapa yang nyuruh, dan semua chat rahasia. 
Makanya kehadirannya penting banget buat buktiin perkara.

Tapi gimana kalau Jurist Tan hilang seperti Harun Masiku? 
Apa kasusnya auto bubar? 
Jawab nya Enggak.
Meskipun kemungkinan besar akan menguntungkan Nadiem Makarim tapi hakim akan menilai dari bukti2 lain.
Dan kali ini keadilan gak boleh kalah sama 1 orang hilang.",Thu May 07 04:28:56 +0000 2026,https://pbs.twimg.com/profile_images/1724972829207363584/Wce8G-x2_normal.jpg,13,4,25,1,2874
2.05E+18,https://x.com/frans070707/status/2052233172717572436,"@from_life5 @kafiradikalis karena tahun 2021 itu memang harganya mahal
semua barang pakai chip karena supply chain terganggu &amp; demand naik 

awal kasus ini  sempat pikir Nadiem dkk korup, chomebook dibeli  mahal,
tapi itu karena I bandingin Waktu beli chromebook di 2024
lupa 2021 barang susah https://t.co/hdU20yANul",Thu May 07 03:44:51 +0000 2026,https://pbs.twimg.com/profile_images/1862456090715107328/oS9HUVgO_normal.jpg,0,0,0,0,33
2.05E+18,https://x.com/neVerAl0nely___/status/2052230702134124643,"Tom lembong soal kasus Nadiem Makarim

Dalam kasus dugaan korupsi pengadaan chromebook, menurut Tom Lembong konsepnya diputar balik. di kasus nadiem: 809 M aksi korporasi normal di grup gojek, tapi dituduh korupsi, padahal tidak terkait nadiem, tidak masuk ke kantong nadiem. terlalu semrawut, konyol.

Heumm..yang pernah ngalamin lebih paham",Thu May 07 03:35:02 +0000 2026,https://pbs.twimg.com/profile_images/1859487903271034880/dVbXbMJ__normal.jpg,8,1,19,1,15752
2.05E+18,https://x.com/_Rizmaya__/status/2052226412611019132,"Mantan Ketua BPK RI (2019-2022), Agung Firman Sampurna, menyatakan Laporan Hasil Audit (LHA) BPKP terkait kasus dugaan korupsi pengadaan Chromebook, cacat dan tidak sah sebagai alat bukti. Audit tersebut dinilai asumtif, tidak menggunakan standar resmi, dan gagal membuktikan kerugian negara yang nyata dalam perkara yang menyeret Nadiem Makarim.",Thu May 07 03:17:59 +0000 2026,https://pbs.twimg.com/profile_images/1631128253615464453/2PGcGQNI_normal.jpg,17,2,21,0,10437
2.05E+18,https://x.com/abu_waras/status/2052225002305700137,"Semua semakin jelas, ketika Nadiem didalam dakwaan dituduh 'memperkaya diri' karena ikut menerima aliran dana dari pengadaan Chromebook, maka hanya PPATK yang berwenang menentukan ada atau tidaknya aliran dana korupsi.

Dan sampai saat ini, tidak ada PPATK menyatakan jika Nadiem menerima Aliran Dana Korupsi ke rekening pribadinya. âï¸âï¸",Thu May 07 03:12:23 +0000 2026,https://pbs.twimg.com/profile_images/1969550649663897602/F46dpGQ__normal.jpg,23,5,35,0,11767
2.05E+18,https://x.com/BVD_NEWS/status/2052155411957178535,"Sidang Korupsi Chromebook Memanas Jaksa dan Pengacara Adu Mulut di Tipikor

Sidang lanjutan kasus dugaan korupsi pengadaan Chromebook dengan terdakwa Nadiem Makarim di Pengadilan Tipikor Jakarta Pusat diwarnai keributan saat jaksa dan tim penasihat hukum berdebat suasana sempat memanas hingga hakim turun tangan menenangkan dan mengingatkan sidang tetap tertib sesuai aturan hukum #sidang #korupsi #chromebook #nadiemmkarim #tipikor #beritaterkini #hukum #viral #indonesia #news",Wed May 06 22:35:52 +0000 2026,https://pbs.twimg.com/profile_images/1924747113822617602/vauWUAx3_normal.png,0,0,0,0,89
2.05E+18,https://x.com/kafiradikalis/status/2052033350895042825,"...Baru selesai nonton Tom Lembong di podcast AF.

Kecewa, TL berat sebelah bela Nadiem Makarim.

Saksi mahkota kasus mega korupsi chromebook adalah Jurist Tan.

Jurist Tan adalah ""Harun Masiku""-nya kasus Chromebook.

Hilangnya Jurist yah jelas menguntungkan Nadiem sebagaimana Harun Masiku pada kasus Hasto.

Terlihat jelas bahwa Tom Lembong gagap fakta. Sudah bias.

Padahal melihat Nadiem Makarim yah sederhana dan gak ruwet yakni seperti melihat kasus Hasto dan Harun Masiku.

Hasto akrobatik bebas bangun narasi dizalimi yah karna Harun Masikunya gak pernah tampil untuk beberin borokÂ²nya Hasto.

Begitulah posisi Jurist Tan pada kasus Nadiem.

Saksi Mahkota yg secara mudah bisa membuktikan Nadiem bersalah malah gak ada, ya maka itu jelas menguntungkan Nadiem... (``,)",Wed May 06 14:30:50 +0000 2026,https://pbs.twimg.com/profile_images/1776425429236350976/gNNXofoz_normal.jpg,49,17,259,6,36108
2.05E+18,https://x.com/Kopipait__78/status/2051937867383845263,"Jaksa Penuntut Umum (JPU) Roy Riyadi menyoroti kehadiran terdakwa kasus dugaan korupsi pengadaan laptop Chromebook, Nadiem Makarim, dalam persidangan dengan kondisi tangan diinfus. Roy mempertanyakan kondisi tersebut karena dinilai tidak sesuai dengan informasi medis yang diterimanya dari pihak rumah sakit.",Wed May 06 08:11:25 +0000 2026,https://pbs.twimg.com/profile_images/2054113414591770624/3ufwQt8W_normal.jpg,6,1,14,0,360
2.05E+18,https://x.com/kunyah_ajaa/status/2051927468961878079,"Dalam sidang Nadiem, mantan Ketua BPK mengungkapkan hasil audit terkait kerugian negara dalam kasus Chromebook cacat. Ini jadi pengingat pentingnya transparansi dan akuntabilitas dalam pengelolaan anggaran. Mari kita dukung upaya perbaikan ke depan. Baca selengkapnya di:",Wed May 06 07:30:06 +0000 2026,https://pbs.twimg.com/profile_images/2006585531447304192/tkXKpuQ1_normal.jpg,0,1,0,0,38
2.05E+18,https://x.com/_Rizmaya__/status/2051894311743344896,"Berdasarkan kesaksian saksi ahli dalam sidang kasus dugaan korupsi pengadaan Chromebook pada Senin, 4 Mei 2026, Prof. Dr. Romli Atmasasmita menegaskan bahwa dakwaan jaksa terhadap terdakwa (dalam hal ini merujuk pada Nadiem Makarim) salah menerapkan pasal dan berpotensi menjadi kriminalisasi.

Prof. Romli menyatakan bahwa jika dakwaan jaksa diragukan (in dubio pro reo), maka terdakwa seharusnya dibebaskan.",Wed May 06 05:18:20 +0000 2026,https://pbs.twimg.com/profile_images/1631128253615464453/2PGcGQNI_normal.jpg,14,1,18,0,10528
2.05E+18,https://x.com/Jelli_cent/status/2051879056963240417,"Saat butuh2nya investor 
Malah penegakan hukum acakadul ð 

Yg tidak ada sangkut pautnya disangkut2kan

Nadiem Makarim, Ibrahim Arif (Ibam) adl orang2 yg visi misi yg besar...

Nadiem di Gojek
Ibam di Bukalapak 
Skrg keduanya mjd terdakwa dlm Kasus Chromebook..

Mestinya Komisi III @DPR_RI sgr memberi perhatian pd kasus ini..

Spt yg disampaikan Pak @tomlembong di podcast @akbarfaizal68 - banyak investor yg berpikir ulang u/ berivenstasi di negri ini krn Kasus Chromebook...

Menakutkan jg ya ð
Blm termasuk orang2 potensial yg akan mikir2 u/ terlibat dlm kemajuan negara.. (takut justru dipidanakan) ð",Wed May 06 04:17:43 +0000 2026,https://pbs.twimg.com/profile_images/1870856558944649216/UueU-GXj_normal.jpg,26,4,50,1,13084
2.05E+18,https://x.com/DS_yantie/status/2051862355827691685,"Drama dalam sidang kasus Chromebook,
Nadiem diduga pura pura sakit ð±

Jaksa Penuntut Umum berhak cek kebenarannya. 
Dengan konfirmasi langsung ke dokter nya Ini sah secara hukum untuk mengetahui alasan yang dibuat-buat.
Kalau perlu, hakim bisa panggil dokter itu ke sidang sebagai saksi. 
Dokter wajib terangkan kondisi Nadiem sebenarnya di bawah sumpah.
Kalau ternyata sehat, Hakim bisa perintahkan ""Nadiem dihadirkan paksa"" pakai bantuan polisi di sidang berikutnya.
   
Intinya, Hak sakit itu dilindungi, tapi pengadilan punya mekanisme untuk memastikan alasannya benar atau tidak. 
Biar proses hukum gak diulur-ulur terus.",Wed May 06 03:11:22 +0000 2026,https://pbs.twimg.com/profile_images/1724972829207363584/Wce8G-x2_normal.jpg,17,6,28,1,2290
2.05E+18,https://x.com/Metro_TV/status/2051650281512038583,"Sidang lanjutan kasus dugaan korupsi pengadaan laptop Chromebook dan Chrome Device Management (CDM) dengan terdakwa Nadiem Makarim terpaksa ditunda. Mantan Menteri Pendidikan, Kebudayaan, Riset, dan Teknologi (Mendikbudristek) tersebut dilaporkan absen karena kondisi kesehatannya yang kembali menurun. Kuasa hukum Nadiem Makarim, Zaid Mushafi, mengonfirmasi bahwa kliennya tidak dapat menghadiri persidangan yang sedianya beragendakan pemeriksaan saksi ahli di Pengadilan Tipikor Jakarta, Selasa (5/5). Zaid menjelaskan bahwa Nadiem saat ini tengah menjalani perawatan intensif di rumah sakit. Zaid menuturkan, Nadiem dilarikan ke Instalasi Gawat Darurat (IGD) sejak Senin malam kemarin. Hingga saat ini, yang bersangkutan masih menjalani perawatan di Rumah Sakit Abdi Waluyo, Jakarta. Akibat kondisi tersebut, majelis hakim memutuskan untuk menjadwalkan ulang persidangan hingga kondisi terdakwa dinyatakan pulih dan layak untuk mengikuti jalannya persidangan.

#SidangChromebook #NadiemMakarim #KasusChromebook #MetroTV",Tue May 05 13:08:39 +0000 2026,https://pbs.twimg.com/profile_images/1600314665216925696/cGfZREZ6_normal.jpg,5,1,3,1,1519
2.05E+18,https://x.com/Anak__Ogi/status/2051601071110504468,"Ini memalukan, dari awal sidang bbrp bulan lalu sampai sidang saat ini semuanya malah meruntuhkan dakwaan jaksa.
Malu aku lihatnya.ð­

Sidang Lanjutan Kasus Dugaan Korupsi Chromebook, Nadiem Sebut Kesaksian Prof Romly Runtuhkan Dakwaan
https://t.co/TMUkZhHt0Y https://t.co/aocJAmDY87",Tue May 05 09:53:06 +0000 2026,https://pbs.twimg.com/profile_images/1490856272547115013/BbFvGiuq_normal.jpg,20,4,34,0,10902
2.05E+18,https://x.com/liputan6dotcom/status/2051593317134356792,"Lagi, Nadiem Makarim Sakit bikin Sidang Kasus Chromebook Ditunda https://t.co/KAR7EosEBy #News",Tue May 05 09:22:18 +0000 2026,https://pbs.twimg.com/profile_images/1912108392551784449/G3vz80ep_normal.jpg,0,0,1,0,232
2.05E+18,https://x.com/_bsutanto/status/2051589031012798496,"@Hidupsebagai62 Proyek lagi.. Proyek Chromebook Nadiem blm tuntas, Guru2 Honorer masih banyak, blm gajinya, blm kualitasnya yg perlu ditingkatkan. Blm MBG banyak yg kontra, kualitas rendah dan keracunan sering terjadi. Defisit APBN. Knp gak pilih jalan mudah n murah?",Tue May 05 09:05:16 +0000 2026,https://pbs.twimg.com/profile_images/491422659465318402/yNLuQALx_normal.jpeg,0,1,0,0,389
2.05E+18,https://x.com/RakyatBerbisik/status/2051573779344835006,"""PRESEDEN BURUK KEADILAN""

Nama Nadiem Makarim memang diseret ke mana-mana dari isu Chromebook sampai tuduhan aliran dana. 

Tapi di sidang, yang dia lakukan bukan ngeles, tapi ngebuka satu per satu.

Chromebook dibilang âdikunciâ?  Itu justru buat efisiensi anggaran negara.
Dituduh ada permainan? Dia tantang: buktikan di pengadilan, bukan di opini.
Isu Google? Dia luruskan: itu program CSR, bukan duit yang ngalir ke kantong pribadi.

Yang paling penting nggak ada bukti uang masuk ke dia.

Kalau korupsi, mana aliran dananya?
Kalau nggak bisa dibuktiin, jangan paksa jadi kesimpulan.",Tue May 05 08:04:40 +0000 2026,https://pbs.twimg.com/profile_images/1696530576864587776/h64No43z_normal.jpg,21,4,35,1,11416
2.05E+18,https://x.com/akuratco/status/2051573109564772595,"Kesaksian saksi ahli Prof. Dr. Romli Atmasasmita dalam sidang lanjutan kasus korupsi pengadaan Chromebook di Pengadilan Negeri Jakarta Pusat, Senin (4/5/2026), benar-benar meruntuhkan dakwaan jaksa terhadap mantan Menteri Pendidikan Nadiem Makarim.

Guru Besar Hukum Pidana Unpad sekaligus Ketua Tim Perumus UU Tipikor itu menegaskan, kerugian negara bukan bukti korupsi. âKalau menurut jaksa ada kerugian. Kalau saya berpendapat, kerugian itu di belakang, akibat, bukan sebab,â ujar Prof. Romli.

Ia menambahkan, jika kerugian belum terbukti, maka dakwaan jaksa diragukan. âHarus bebas. Ada dakwaan yang diragukan, dakwaan jaksa. Yang diragukan in dubio pro reo, harus dibebaskan.â

Prof. Romli juga menekankan prinsip ultimum remedium: hukum pidana adalah jalan terakhir. Kasus kebijakan seperti ini harus diselesaikan dulu secara administratif, bukan langsung dipidana. Ia mencontohkan, jika ada kesalahan prosedur, yang bertanggung jawab adalah Dirjen, bukan Menteriâkecuali Menteri secara eksplisit memerintahkan pelanggaran.

âKalau Menteri tidak mengatakan seperti itu, tanggung jawab masing-masing lah,â tegasnya.

Prof. Romli menambahkan, hanya PPATK yang berwenang menyatakan suatu aliran dana berasal dari kejahatan. Bukan petugas pajak atau pihak lain.

Nadiem Makarim langsung menyambut kesaksian itu sebagai pukulan telak bagi dakwaan jaksa. âProf. Romli menyebut bahwa mens rea itu atau niat jahat harus dibuktikan. Tidak cukup hanya meeting-meeting normal diasumsikan saja niat jahatnya,â kata Nadiem.

Ia juga menyoroti runtuhnya kausalitas dan mufakat jahat. âDi dalam dakwaan, kausalitas itu runtuh. Tidak ada hubungannya pilih operating system gratis dengan kemahalan harga laptop,â ujarnya. Nadiem mengaku bahkan tidak mengenal dua Dirjen bawahannya sebelum sidang ini.

Penasihat hukum Nadiem, Dodi S. Abdulkadir, menyimpulkan: âIni dalam ranah ruang lingkup administrasi pemerintahan, bukan ruang lingkup tindak pidana korupsi.â

Sidang masih berlanjut, tapi kesaksian Prof. Romli hari ini membuat posisi Nadiem jauh lebih kuat di mata publik.",Tue May 05 08:02:00 +0000 2026,https://pbs.twimg.com/profile_images/1669536643290918914/Z2AA_TyY_normal.jpg,0,0,2,0,68
2.05E+18,https://x.com/NyaiiBubu/status/2051555245357216233,"Nadiem ibaranya lagi main di titik injury time. Fisik ambruk pas sidang chromebook masuk babak final.
Injury Time, tumbang total tepat saat nasib lagi ditentukan, karena mau vonis kan?
Kemarin nekat bawa tiang infus, sekarang balik dilarikan ke RS.
Dilema Hakim, kasih tahanan kota dicap ""privilese"", nggak dikasih risikonya nyawa.

Intinya, mau drama medis atau bukan, korupsi Rp2,1 T ini tetap harus ada ujungnya, ada ending nya. Hakim sekarang lagi pegang bola panas yang paling menentukan... ð",Tue May 05 06:51:01 +0000 2026,https://pbs.twimg.com/profile_images/2041847597934243840/kzquStsr_normal.jpg,8,5,19,0,4878
2.05E+18,https://x.com/_Rizmaya__/status/2051547107170086951,"Sorotan internasional terhadap kasus dugaan korupsi Chromebook yang menjerat mantan Mendikbudristek Nadiem Makarim menjadi pertaruhan serius kepastian hukum di Indonesia. Kejanggalan proses hukum, bantahan eks pimpinan Google, serta saksi yang menegaskan tidak ada intervensi menteri dalam pengadaan dan harga Chromebook, kini menuntut transparansi bukti, bukan sekadar opini, agar keadilan benar-benar ditegakkan.

Perhatian dunia kini tertuju pada jalannya sidang, terutama karena dugaan ketimpangan dalam persidangan.",Tue May 05 06:18:40 +0000 2026,https://pbs.twimg.com/profile_images/1631128253615464453/2PGcGQNI_normal.jpg,16,0,20,0,20358
2.05E+18,https://x.com/CakKhum/status/2051543723914461552,"Mas Menteri Nadiem Makarim tunjukkan taji! ð¥

Di persidangan, beliau patahkan tuduhan jaksa soal korupsi pengadaan Chromebook. Bukannya rugi, kebijakan ini justru HEMAT KAS NEGARA Rp 3 T+ dibanding pakai Windows.

Mana aliran dananya? Jaksa PUN GAGAL MENEMUKANNYA! ðª Jangan sampai inovasi justru dihukum.",Tue May 05 06:05:14 +0000 2026,https://pbs.twimg.com/profile_images/1689200361322713088/sl4kOQKv_normal.jpg,11,5,28,0,11000
2.05E+18,https://x.com/Urrangawak/status/2051524560785387871,"Prof. Dr. Romli Atmasasmita, yang dikenal sebagai ahli hukum pidana sekaligus pernah memimpin tim perumus UU Tipikor, menilai jaksa salah menerapkan pasal dalam kasus dugaan korupsi pengadaan Chromebook yang menyeret Nadiem Makarim. Menurut dia, perkara ini mestinya masuk ranah administrasi negara, bukan pidana korupsi, karena tidak ditemukan unsur niat jahat (mens rea) maupun aliran dana.",Tue May 05 04:49:05 +0000 2026,https://pbs.twimg.com/profile_images/1577911986335408130/fZa7eWUh_normal.jpg,23,4,34,0,10684
2.05E+18,https://x.com/parungkil/status/2051351913581699506,"@MurtadhaOne1 Nadiem gak mungkin tidak dapat keuntungan finansial dari kegitan Pengadaan Chromebook yg nilainya pantastis itu... 9 T an. 
Sudahlah balikin kalian lah kerugian Negara yg dituntut Jaksa itu...",Mon May 04 17:23:03 +0000 2026,https://pbs.twimg.com/profile_images/1787535536049332227/q3aKZww-_normal.jpg,0,1,0,0,51
2.05E+18,https://x.com/parungkil/status/2051260332912632039,"@03__nakula Tapi menurut perundangan...pengadaan Chromebook ini termasuk kasus korupsi
Keterlibatan Nadiem n Ibam gak terbantahkan",Mon May 04 11:19:08 +0000 2026,https://pbs.twimg.com/profile_images/1787535536049332227/q3aKZww-_normal.jpg,0,0,0,0,69
2.05E+18,https://x.com/QueenImaIsBack/status/2051254485520101803,"Exactly 

Nadiem saja pernah terang terangan depan wartawan acted so surprised dan shock dikasih tau ada daerah ga ada sinyal listrik 

Lucunya istrinya padahal pernah kerja di Indonesia mengajar 

Lucunya malah bikin kebijakan pakai chromebook",Mon May 04 10:55:54 +0000 2026,https://pbs.twimg.com/profile_images/2053838624865890304/w9j5xg4v_normal.jpg,0,1,2,0,84
2.05E+18,https://x.com/VeritasFacti/status/2051242734506402286,"Bahkan pendukungnya Nadiem, Ibam dkk kaget kalo utilisasi Chromebook sekecil itu....alias gak berguna ð

Sebenernya gak 1%. 

&lt;0,1% malahan aslinya.",Mon May 04 10:09:12 +0000 2026,https://pbs.twimg.com/profile_images/2016314435401613313/jQPwjW3r_normal.jpg,0,1,1,0,210
2.05E+18,https://x.com/suksksk/status/2051237922343719288,"@reynaldi_daud Berkaca dari kasus nadiem, siapin dokumen aja bang, jangan sampe luput 1 pun, takutnya nanti keseret ke meja hijau kayak kasus chromebook kemarin",Mon May 04 09:50:05 +0000 2026,https://pbs.twimg.com/profile_images/1208362878509543424/nZDKuWEQ_normal.jpg,0,0,1,0,86
2.05E+18,https://x.com/pikiran_rakyat/status/2051208610047533488,"Nadiem Makarim Jalani Sidang Kasus Chromebook, Alat Infus Masih Terpasang di Tangan

Mantan Menteri Pendidikan, Kebudayaan, Riset, dan Teknologi (Mendikbudristek) Nadiem Anwar Makarim, kembali menjalani sidang kasus dugaan korupsi pengadaan laptop Chromebook dan Chrome Device Management (CDM) di Pengadilan Tindak Pidana Korupsi Jakarta Pusat, Senin, 4 Mei 2026. 

Saat akan memasuk ruang sidang, 
Nadiem Makarim terlihat masih menggunakan kateter infus di tangan kirinya. Kateter infus terlihat jelas terpasang dan dibalut plester medis serta perban putih, menandakan ia masih dalam perawatan medis.

Berdasarkan pantauan di lokasi, Nadiem tiba sekira pukul 11.40 WIB dengan pengawalan petugas tahanan kejaksaan. Ia mengenakan rompi tahanan berwarna merah muda saat memasuki ruang sidang Hatta Ali.

""Sehat, masih diberikan sehat, Alhamdulilah,"" kata Nadiem.

Asep Bidin Rosidin/PRMN

#nadiem #pendidikan #viral",Mon May 04 07:53:36 +0000 2026,https://pbs.twimg.com/profile_images/2043978729442197504/4h5cyO1e_normal.jpg,0,0,1,0,499
2.05E+18,https://x.com/neVerAl0nely___/status/2051194404208312564,"Sidang lanjutan kasus dugaan korupsi pengadaan Chromebook 

Driver Gojek hadir Memberi pelukan dukungan di persidangan Nadiem Makarim hari ini Senin 03.05.26 sebagai bentuk solidaritas dan harapan akan keadilan 

Seperti kita ketahui bersama bahwasanya para saksi saksi yang dihadirkan oleh pihak JPU pada keterangannya didepan persidangan, justru mematahkan dakwaan dari JPU itu sendiri",Mon May 04 06:57:09 +0000 2026,https://pbs.twimg.com/profile_images/1859487903271034880/dVbXbMJ__normal.jpg,9,1,15,0,2239
2.05E+18,https://x.com/NyaiiBubu/status/2051188052412788776,"Posisi Nadiem sekarang memang lagi berat banget. Ibarat main catur, benteng dan perwiranya sudah tumbang duluan, tinggal sisa rajanya. 
Apalagi menyusul vonis bersalah terhadap anak buahnya dalam kasus korupsi Chromebook, komandonya mendapat sorotan tajam. Saat ini, fokus publik tertuju pada keputusan hakim terkait permohonan pengalihan tahanan menjadi tahanan kota dengan alasan kesehatan. Kalo dikabulin berpotensi memicu kontroversi mengenai keadilan perlakuan hukum ke kalangan elite. 
Bakal dikabulin sama hakim gak ya, palagi kasus ini sudah terlalu lama dan ada di babak akhir.",Mon May 04 06:31:55 +0000 2026,https://pbs.twimg.com/profile_images/2041847597934243840/kzquStsr_normal.jpg,10,5,22,1,5620
2.05E+18,https://x.com/Rf91388/status/2051143481016684805,Ada untungnya juga si nadiem kena masalah chromebook ini,Mon May 04 03:34:48 +0000 2026,https://pbs.twimg.com/profile_images/2048783137564737536/OXwrw-uM_normal.jpg,0,0,0,0,44
2.05E+18,https://x.com/zanatul_91/status/2051129522016464915,Profil Guru yang Menjadi Saksi Nadiem Makarim dalam kasus Chromebook:,Mon May 04 02:39:20 +0000 2026,https://pbs.twimg.com/profile_images/1567058561645318146/jieq9bqD_normal.jpg,32,7,212,3,43491
2.05E+18,https://x.com/zaidmushafi/status/2050961124720533902,Katanya rame BuzzeRp yg nyerang Nadiem di X terkait Kasus Chromebook?ð,Sun May 03 15:30:11 +0000 2026,https://pbs.twimg.com/profile_images/1935589458721566720/aI9gWMjZ_normal.jpg,1,0,0,0,18
2.05E+18,https://x.com/ariefrasyad/status/2050945262160609605,"Gimana ya rasanya jadi Nadiem? Rela lepas jabatan CEO demi pengabdian, eh ujung-ujungnya malah dituntut puluhan tahun penjara gara-gara kebijakan yang dianggap salah, padahal nggak ada duit korupsi yang dia ambil.

âSetuju sama yang Pak Dino bilang, kalo begini terus, wajar aja kalau banyak anak muda pinter lebih milih kerja di luar negeri daripada balik ke sini. Sayang banget kan? ð¥²
#NadiemMakarim #Keadilan #Chromebook",Sun May 03 14:27:09 +0000 2026,https://pbs.twimg.com/profile_images/1259967383000592384/05WR9p_y_normal.jpg,8,0,10,1,10165
2.05E+18,https://x.com/reina_n03lla/status/2050828506486186041,"Sepanjang berjalannya kasus Nadiem tentang Pengadaan Chromebook muncul narasi di publik yang menyebutkan adanya manuver isu dan hoax baik isu adanya pemufakatan jahat, kerugian karena kemahalan harga yang tidak terbukti hingga isi CDM yang katanya tidak bermanfaat yang membuat kasus ini terkesan sangat dipaksakan. Aroma kriminalisasi sangat kuat ketika setelah belasan sidang dan pemeriksaan lebih dari 60 saksi, dakwaan semua itu tidak terbukti dan terbantahkan oleh para saksi. 
Bisa jadi memang sudah ditarget sejak awal, benarkah âï¸",Sun May 03 06:43:13 +0000 2026,https://pbs.twimg.com/profile_images/1968523563159404544/5Do57-EG_normal.jpg,11,1,16,2,10297
2.05E+18,https://x.com/Anak__Ogi/status/2050816631849562452,"Istri Nadiem bicara soal kasus chromebook.

Dengarkan apa yg dia ungkapkan artinya dia sdh mengikuti semua persidangan yg membuktikan Nadiem tdk bersalah dan betapa byk keanehan dikasus Nadiem.

Semoga dlm waktu dekat komisi III segera membahas kasus ini.
@habiburokhman @BennyHarmanID",Sun May 03 05:56:02 +0000 2026,https://pbs.twimg.com/profile_images/1490856272547115013/BbFvGiuq_normal.jpg,31,4,55,0,11398
2.05E+18,https://x.com/_Rizmaya__/status/2050740407454302258,"Tim penasehat hukum Nadiem Makarim menegaskan bahwa 7 dakwaan kasus pengadaan Chromebook, termasuk dugaan kerugian negara dan gratifikasi, tidak terbukti setelah belasan persidangan dan 60+ saksi. Narasi kasus ini disebut sebagai ""kasus gaib"" karena fakta persidangan mematahkan tuduhan jaksa.",Sun May 03 00:53:08 +0000 2026,https://pbs.twimg.com/profile_images/1631128253615464453/2PGcGQNI_normal.jpg,20,2,25,1,20922
2.05E+18,https://x.com/reina_n03lla/status/2050592266142786003,"Obrolan seru Arsil & Danang Widayaka  yang membahas Kasus2 Korupsi yang menurut mereka beberapa janggal juga nampaknya seperti kasus Nadiem soal Pengadaan Chromebook. Dalam kasus ini kejanggalan yang disorot adalah soal pembuktian perbuatan melawan hukum yang dilakukan yang sehingga didakwakan menyebabkan kerugian negara. Perbuatan melawan hukum (actus reus) harus secara nyata terbukti dilakukan hal ini diatur dalam pasal 2 UU Tipikor. So apakah selama ini penegakan Tipikor kita sudah salah dalam menerapkan pasal ini âï¸ apakah ini pasal karet yang menjebakâï¸

Dalam Kasus Nadiem :
Mens rea â tidak ada
Perbuatan melawan hukum â tidak terbukti ada dilakukan, semua sesuai prosedur.",Sat May 02 15:04:29 +0000 2026,https://pbs.twimg.com/profile_images/1968523563159404544/5Do57-EG_normal.jpg,10,0,12,3,10318
2.05E+18,https://x.com/ruhulanakgaul/status/2050575346798583956,"Whuih!! Setiap kata dan kalimat yang diucapkan oleh Dino Patti Djalal ini Tajam! Aku jadi ikut berpikir, apa salah Nadiem terhadap para birokrat ya? Kok sampai sekejam itu mereka memfitnah Nadiem menggunakan kasus Chromebook.. https://t.co/G0Bzp45N5c",Sat May 02 13:57:15 +0000 2026,https://pbs.twimg.com/profile_images/1962838474429714432/556PSMMS_normal.jpg,23,2,42,0,1042
2.05E+18,https://x.com/FirzaHusain/status/2050552890285318259,"Menurut Jaksa, Ibam berperan sebagai konsultan individu yg memberikan masukan terkait teknologi kepada kementerian dan sebagai sosok yg memberikan masukan terkait pengadaan Chromebook, tapi dalam pelaksanaannya ia hanya berperan sebagai kepanjangan tangan Nadiem, padahal seharusnya ia punya peran bebas.
Maka atas keterlibatannya dalam merekayasa pengadaan Chromebook, Jaksa menuntut Ibam dengan hukuman 15 tahun penjara, denda Rp. 1 Miliar, serta uang pengganti sebesar Rp 16.92 miliar dengan ancaman 7 tahun 6 bulan penjara.",Sat May 02 12:28:01 +0000 2026,https://pbs.twimg.com/profile_images/1418746550411415553/NEYxzUMR_normal.jpg,6,0,11,0,1598
2.05E+18,https://x.com/shda_agatha_/status/2050527427835867389,"@grok @negativisme Saat Nadiem jadi menteri, apakah programÂ² seperti digitalisasi sekolah menggunakan chromebook (ekosistem google), selaras dng rekomendasi World Bank, ttg modernisasi pendidikan berbasis teknologi (EdTech) ? @grok",Sat May 02 10:46:50 +0000 2026,https://pbs.twimg.com/profile_images/2040359885976805376/hoWxq3Ci_normal.jpg,0,1,0,0,85
2.05E+18,https://x.com/Netizen_bawel/status/2050517602473300423,"PENGKHIANATAN KONSULTAN

Konsultan tugasnya independen. 
Objektif, Jaga uang negara. 
Tapi fakta sidang, Ibam diduga malah jadi kaki tangan Nadiem buat rekayasa anggaran Chromebook.

Di podcast Ibam ngeles âSaya cuma kasih masukanâ
Tapi di sidang terbongkar, Masukan kok ngunci spesifikasi? 
Masukan kok bikin negara rugi Rp6,3T? 
Masukan kok nguntungin vendor tertentu?

Ini namanya PENGKHIANATAN. 
Dibayar negara sebagai konsultan. 
Tapi kerja buat kepentingan orang. 
Bukan buat rakyat, Bukan buat sekolah. 
Kalau terbukti hukum seberat beratnya, jangan kasih ampun.",Sat May 02 10:07:47 +0000 2026,https://pbs.twimg.com/profile_images/2017551449870503939/CH-BjCnt_normal.jpg,17,7,30,4,3075
2.05E+18,https://x.com/RidhaIntifadha/status/2050190580509290964,"Q: Sebelum beralih ke pembahasan lain, saya mau ke Om Roy lagi, Om. Jadi apa yang ditemukan di persidangan, fakta-fakta yang jaksa punya, itu sebenarnya bisa membantah bahwa klaimnya Ibam dia tidak merekomendasikan Chromebook, dia tidak mengarahkan ke Chromebook, dia juga tidak menerima aliran uang Chromebook. Di fakta persidangan, sebaliknya, begitu?

Jaksa Roy Riady: Itu yang saya sampaikan tadi ya. Saya tuh mengapa saya mau hadir di sini, dek? Undangan untuk podcast seperti ini ya, ya kan. Bagi saya ini sebuah panggilan juga, ya kan. Saya juga enggak rela juga, kalau sebuah fakta yang terungkap di persidangan itu dipelintir, ya kan, menjadi sebuah opini yang liar di masyarakat seperti itu.

Masyarakat ini kan perspektifnya banyak. Di situ juga ada keluarga saya, ada pimpinan saya, ada sahabat saya, ada semuanya ada di situ. Ada guru saya, ada ulama, tempat saya mengaji segala macam. Tentu mereka enggak terima kalau misalnya saya itu berbuat sewenang-wenang, pasti saya dimarahin. ""Copot aja kau jadi jaksa. Ngapain kau jadi jaksa? Kayak gitu, kriminalisasi orang, gini-gini."" Kita diajarkan untuk berbuat baik dan benar, seperti itu. 

Nah, maka saya saya mau datang ke sini. Saya ingin jelaskan, apa yang disampaikan di luar itu tentu berbeda dengan apa yang disampaikan fakta di persidangan. Kami menyajikan alat bukti. Saya menjanjikan alat bukti, keterangan ahli.

Wallahi, keterangan ahli, contoh ahli pidana. Saya tidak pernah mengarahkan ahli itu untuk nanti seperti ini, nanti seperti ini. Sampaikan sesuai dengan keahlian, seperti itu. Begitu juga saksi

Saya katakan manusia bisa berbohong, dek. Tetapi kalau bukti HP-nya, bukti percakapan elektroniknya, videonya, apa yang mau diingkari seperti itu? Saya cuma tegaskan satu, ya kan, Ibam ini perbuatannya begitu aktif, yang sudah saya jelaskan tadi.

Jadi kenapa saya bilang Ibam ini bagi saya ya, dia kalau saya, bukan masalah kita bicara kasihan/tidak kasihan ya, dalam hukum pidana ya. Tapi bagi saya, saya melihat Ibam ini ya, pertama adalah ada tanggung jawab kelayakan moral sosial. Ya kan? Saya melihat Ibam ini dia memiliki pilihan, tapi dia memilih untuk melanjutkan.

IIbam bukan pihak yang terperangkap tanpa pilihan! Tidak. Dia sebagai engineer leader dengan kapasitas intelektual dan teknis yang tinggi. Dia memiliki cukup banyak pengetahuan untuk menolak. Tapi dia melanjutkan. Maka saya katakan, ketika dia tahu ini barang enggak bagus, dia sampaikan ke Pak Nadiem, apa perintah Pak Nadiem? You must trust the giant. Seharusnya dia berhenti, dia menolak, tapi dia lanjutkan, ikut skema korupsi tersebut. 

Yang kedua, keahlian itu adalah tanggung jawab, Dek. Bukan perisai bagi saya. Karena semakin tinggi kompetensi seseorang, semakin tinggi standar kehati-hatiannya seharusnya. Maka yang dibebankan kepada Ibam ini kapasitasnya, sebagai engineer leader ini di bidang teknologi pendidikan, tidak dapat bersembunyi di balik ketidaktahuan dia.

Justru keahliannya itu menjadikan keterlibatan dia lebih berat, secara moral dan secara yuridis. Karena seharusnya tadi menjadi garis pertahanan terakhir, bukan pelaksana dari kebijakan yang cacat. 

Terus yang ketiga, yang ingin saya sampaikan, kerugian yang timbulkan ini bersifat sistemik dan masif. Dampak dari perbuatan, bukan hanya angka kerugian keuangan negara, tapi saya melihat dari sisi kontribusi penguncian ekosistem pendidikan Chromebook ini, pemanfaatannya itu berdampak bagi pendidikan di masyarakat. Sistem pendidikan kita di masyarakat 

Apa? Data Pusdatin itu tidak bisa bohong, dek. Karena itu real time. Kenapa saya bilang real time? Setiap waktu, Prof. bisa diakses ada akunnya. Klik akunnya, klik provinsi, klik kabupaten. Ketahuan aktivasi Chromebook itu berapa dimanfaatkan, begitu rendah, seperti itu.

Itu enggak bisa terbantah itu, walaupun mau hadirkan guru-lah, segala macam, itu enggak bisa terbantah. Yang dibilang itu meningkat itu di tahun 2024-2025, tetapi 2020-2022 tidak terbantah. Persoalannya anak-anak didik kita kan 2020-2022 kan sudah ada. Mereka jadi korban. 

Nah, berikutnya tidak ada profil korban dalam diri Ibam ini. Ibam bukan korban. Dia mendapatkan gaji, fasilitas. Dia satu-satunya tim wartek, konsultan teknologi, ahli yang bisa berhadapan langsung dengan menteri, yang bisa berkomunikasi dengan menteri, yang bisa ikut Zoom untuk mewakili tim wartek yang lain, untuk mempengaruhi tim teknis yang lain. Hanya Ibam dan Ibam-lah yang direkrut sebagai orang kepercayaan.

Maka saya bilang, semakin tinggi harusnya Ibam standar profesi dia, keahlian dia, itu membuat dia semakin berat. Seharusnya kan dia mengatakan, ini barang enggak bagus, saya mundur.",Fri May 01 12:28:19 +0000 2026,https://pbs.twimg.com/profile_images/1926547659688452096/snUMMpps_normal.jpg,1,2,4,0,4837
2.05E+18,https://x.com/RidhaIntifadha/status/2050190511261290736,"Q: Berarti setelah itu, setelah ada arahan dari Nadiem, Ibam melakukan penguatan bahwa tetap dilakukan Chromebook. Walaupun dia mengetahui pada dasarnya ada kelemahan.

Jaksa Roy Riady: Berikutnya adalah intervensi teknis untuk mengunci hasil kebijakan. Nah, kenapa Ibam menerima spesifikasi langsung dari Google? Ini fakta terungkap. 

Nah, Ibam seharusnya dia tidak melakukan eksplorasi kaitan dengan Chromebook tersebut, tapi dia melakukan eksplorasi Chromebook tersebut. Dia mempresentasikan kepada tim teknis pemerintah, mendorong perubahan platform, dari Windows menuju ke Chrome seperti itu, dan mempertahankan Chrome OS.

Padahal tim teknis pada saat itu mengingatkan bahwasanya kebijakan di daerah itu tidak compatible menggunakan Chrome, seperti itu, karena mereka sudah menggunakan Windows, seperti itu. Tapi ini dipaksakan. 

Yang berikutnya adalah terlibat dalam rekayasa kebutuhan anggaran, Ibam ini. Karena apa? Ibam ikut menyusun angka kebutuhan 15 unit per sekolah, skala besar sehingga 140.000 unit. Ini kita tahu dari fakta di persidangan ketika kita eksplorasi bukti BBED (Barang Bukti Elektronik Digital?) percakapan tersebut. Dia dengan Jurist Tan, seperti itu. 

Yang keenam adalah Ibam ini bagian dari skema timbal balik dengan Google. Fakta persidangan menunjukkan adanya pembahasan target. Apa target pengadaan untuk memperoleh 30% revenue dari Google? 

Walaupun kemarin dari saksi dari Google mengatakan, itu bukan CSR, tapi dalam bentuk lain, tetapi kan dia membenarkan. Ada 30% itu akan digunakan oleh pihak Google untuk menjadikan umpan balik apabila menggunakan Chromebook, seperti itu. 

Nah, inilah yang digunakan... Ibam juga menggunakan forum resmi untuk melegitimasi keputusan yang sudah digunakan. Contoh apa forum resmi? Ibam hadir dalam rapat-rapat. 

Jadi JPU (Jaksa Penuntut Umum) ini, kami Prof bisa menghadirkan alat bukti laman-laman gambar video, yang mana di situ Ibam hadir. Semua saksi mengatakan Ibam yang mengatakan untuk menggunakan itu, seperti itu. Lalu mendorong vendor dan bagian dari langkah peristiwa yang terogranisasi. Dan Ibam ini, dia tidak bekerja sendiri, dia tidak bergerak secara spontan yang katanya dia hanya, apa ya, kreator atau... Enggak! dia konsisten.

Konsistennya apa? Dia konsisten sama Jurist Tan, dan konsisten sama Fiona dan Nadiem, untuk mengikuti alur-alur timeline, alur-alur kebijakan untuk menggunakan Chrome ini. Maka, saya bilang Ibam ini adalah bukan pelaku aktor marginal. Bukan! Dia pelaku aktif, seperti itu. Dan keterangan yang saya sampaikan ini, ini adalah keterangan saksi dan bukti elektronik yang kami hadirkan di persidangan.

Gini, Mas, ya. Mohon maaf, ya. Orang bisa berbohong, tetapi orang tidak bisa menganulir fakta ketika bukti elektronik berbicara, seperti itu. Saya ambil contoh seperti ini. Kita hadirkan video terkait dengan pertemuan Zoom Meeting, ya kan. Lalu kita hadirkan chat-chat WA ya kan yang menunjukkan ada keterlibatan aktif di situ. Bahkan di HP Ibam sendiri menyebutkan, dia tahu harga Chromebook itu hanya 2 juta, dia beli buat anaknya, seperti itu. 

Jadi ya saya katakan, maka saya bilang, yang mengatakan bahwasanya dalam proses persidangan, Penuntut Umum menzalimi seperti apa. Maka saya mengajak, marilah kita cerdas, ikutin proses persidangan dengan benar. Jangan datang tidak di persidangan atau hanya datang 5 menit, 10 menit lalu menyampaikan bercerita ke mana-mana seperti itu. 

Nah, ini yang saya bilang. Maka saya merasa terpanggil ketika diminta hadir di sini. Ya saya pikir, saya harus hadir untuk menjelaskan. Bagi saya, tugas jaksa itu bukan hanya penegakan hukum, tapi esensi yang paling penting itu adalah bagaimana dia memberikan pendidikan informasi yang benar di masyarakat.

Jangan sampai masyarakat itu menganggap ""loh, kok orang enggak bersalah, loh kok seperti ini.""",Fri May 01 12:28:03 +0000 2026,https://pbs.twimg.com/profile_images/1926547659688452096/snUMMpps_normal.jpg,0,2,13,0,5826
2.05E+18,https://x.com/arifin34533/status/2050038355187187766,"Perasaan gue gak enak nih.
.
Hakim Sebut Korupsi Chromebook Era Nadiem Berdampak ke Kualitas Pendidikan https://t.co/5AG8gtQq1Z",Fri May 01 02:23:26 +0000 2026,https://pbs.twimg.com/profile_images/1991335272043409408/CGx5axYm_normal.jpg,0,0,1,0,52
2.05E+18,https://x.com/ihza_rosyadi/status/2049990205894242793,"Kasus chromebook yang menyeret nadiem. 
Dan gilakk nya 
Nama Ibrahim arief yang jelas2 hanya konsultan, bukan PNS malah manjadi tersangka
Kalo nadiem sebagai decision maker saya gk terlalu peduli

#kemendikbud
#HariPekerja2026 
#pengabdiantanpalelah
#MBG
#jule
#hardiknas https://t.co/KgRWeUzGAr",Thu Apr 30 23:12:06 +0000 2026,https://pbs.twimg.com/profile_images/1842325792694665216/osHoKG5f_normal.jpg,0,1,0,0,147
2.05E+18,https://x.com/FaGtng/status/2049782952083800290,"Ibam berkali-kali bilang dia di kontak orang kementrian untuk bangun teknologi pendidikan. 

Omongan berbanding terbalik dengan Kenyataan dilapangan yang gak konsisten. 
 Apa dia konsultan Yayasan ..??  
Atau memang dia konsultan nadiem ?? 

Seharusnya Ibam menjaga independen dalam proyek pengadaan Chromebook miliaran rupiah. 
Tapi nyatanya...?? 
Bukan hanya hadir , dia malah mengarahkan dan mempengaruhi dengan cara mempresentasikan spesifikasi mengarah pada produk tertentu sejak awal. 

Ibam di gajih 163 Juta perbulan oleh yayasan PSPK. Yayasan ini yang menjadi konsultan kementrian saat itu. 

Benar-benar Gila...!! 
Yayasan apa bisa mengkaji konsultannya segede itu...?? 

Permainan dirancang sedemikian rupa , dengan pemeran utama berwajah polos berotak culas..!! 

@KejaksaanRI kupas tuntasðª",Thu Apr 30 09:28:33 +0000 2026,https://pbs.twimg.com/profile_images/1777153223645868032/g2ScHJq__normal.jpg,19,14,32,3,7205
2.05E+18,https://x.com/Heraloebss/status/2049684176266506620,"NADIEM & IBAM TAK BISA LEPAS TANGGUNG JAWAB

Kasus pengadaan Chromebook bukan sekadar proyek gagal. Ini perkara serius dengan dugaan kerugian uang rakyat triliunan rupiah.

Fakta persidangan:
A. Nadiem Makarim adalah pengambil kebijakan tertinggi saat program ini berjalan. Semua arah strategis kementerian ada di bawah kendalinya.

B. Ibrahim Arief (Ibam) disebut jaksa sebagai bagian penting yang ikut mendorong penggunaan Chrome OS dalam proyek ini.

Fakta yang tidak bisa dihindari:

1. Ada perubahan arah kebijakan teknologi.
2. Ada dugaan pengkondisian pilihan sistem.
3. Ada potensi kerugian negara dalam jumlah besar

â ï¸Dan semua itu terjadi dalam satu ekosistem kebijakan yang samaâ ï¸

Ibam sudah dituntut berat oleh jaksa karena dianggap berperan aktif dalam proses tersebut.

Lalu bagaimana dengan Nadiem?

Secara hukum, vonis memang ditentukan hakim. Tapi secara tanggung jawab publik, seorang menteri tidak bisa berlindung di balik alasan ""tidak tahu"".

Karena dalam sistem pemerintahan: keputusan strategis tidak mungkin berjalan tanpa persetujuan pimpinan, proyek besar tidak mungkin melenceng tanpa pengawasan atasan

Jadi jika terbukti ada penyimpangan:
1. Yang menjalankan harus bertanggung jawab ( Nadiem)
2. Yang mengarahkan juga tidak bisa cuci tangan (Ibam)

ð¨Bahaya Bayinya :  Kalau proyek ini bermasalah secara hukum, maka tanggung jawab tidak berhenti di level teknis.

Ibam tidak mungkin bekerja di ruang kosong tanpa koordinasi dan konsultasi, Dan Nadiem bukan sekadar penonton yang manggut-manggut saja kek kambing congek",Thu Apr 30 02:56:03 +0000 2026,https://pbs.twimg.com/profile_images/2007656385828532224/QWuNEdAs_normal.jpg,30,42,82,3,23917
2.05E+18,https://x.com/jengkolholic/status/2049673327745388933,"ð» Kasus Chromebook Nadiem (Versi Kilat)

âð Kronologinya Gimana ?

âRencana Besar: Tahun 2021, Kemendikbud punya program bagi-bagi laptop ke sekolah-sekolah di seluruh Indonesia supaya siswa melek teknologi. Total anggarannya nggak main-main: Rp17 Triliun sampai 2024.
âAturan Main: Pemerintah mewajibkan beli produk lokal (TKDN). Akhirnya dipilihlah laptop tipe Chromebook buatan dalam negeri.
âPemicu Ribut: Netizen kaget pas lihat spek laptopnya yang dianggap ""kentang"" tapi harganya dibilang sekitar Rp10 Juta per unit. Orang-orang membandingkan, kalau beli sendiri di toko, spek segitu mungkin cuma Rp4-5 Jutaan.

âð Perkembangan Hari Ini:

Sedang dalam radar pengawasan hukum dan audit (BPK/Kejagung). Fokusnya mencari tahu apakah ada mark-up (korupsi harga) atau murni karena biaya distribusi ke pelosok dan aturan wajib beli produk lokal yang memang lebih mahal.

âð Nadiem Salah Enggak ?

âSecara Hukum : Nadiem Makarim belum terbukti bersalah. 
Pembelaan Kemendikbud : Mereka bilang harga Rp10 juta itu bukan cuma buat unit laptop, tapi sudah termasuk garansi, tas, ongkir ke pelosok, hingga pelatihan guru. Plus, karena harus produk lokal (TKDN), harganya memang jadi lebih mahal dibanding produk impor massal.

âSecara Kebijakan : Dikritik karena dianggap tidak efisien dalam mengelola anggaran besar untuk spek yang minim.
âKesimpulan buat netizen: Proyeknya mulia (digitalisasi), tapi eksekusi harganya bikin curiga. Belum ada tersangka, tapi proses ""bersih-bersih"" masih jalan.",Thu Apr 30 02:12:57 +0000 2026,https://pbs.twimg.com/profile_images/2018577447420407808/P1KfEsIk_normal.jpg,1,0,1,0,193
2.05E+18,https://x.com/Jakartalk/status/2049668075986043200,"Ada yang ikutin sidang kasus chromebook Nadiem ini gak sih? 

Ada kah yang mau berbaik hati menjelaskan dengan bahasa bayi:

Kronologinya gimana?
Perkembangannya sampai hari ini gimana?
Sebenernya Nadiem salah apa engga? https://t.co/vcfmwN7Mdg",Thu Apr 30 01:52:04 +0000 2026,https://pbs.twimg.com/profile_images/1832865904079855616/KGGWmGtb_normal.jpg,6,11,68,2,34356
2.05E+18,https://x.com/programmerpacil/status/2049451971065921965,"@lmalau @GilangHamidy @KejaksaanRI kalo seandainya kasus chromebook ini gak ""maksa"" dan emg kita semua tau ada yg salah, ya pasti gw dukung jg si Nadiem dipenjara. udah gt doang sebenernya.",Wed Apr 29 11:33:21 +0000 2026,https://pbs.twimg.com/profile_images/1962701792799858688/LfUeqgTU_normal.jpg,0,0,0,0,39
2.05E+18,https://x.com/programmerpacil/status/2049451686411047021,"@lmalau @GilangHamidy @KejaksaanRI yg jadi masalah dgn chromebook ini adalah, penegak hukumnya kesannya MAKSA biar nadiem &amp; ibam dipenjara.

apaan2 saham Bukalapak dikira korupsi cuma gara2 kalo udh resign dianggap hangus. Google jg dituduh suap ke GOTO pdhl kgk tersangka dr Google. nalarnya dipake dong lu mas",Wed Apr 29 11:32:13 +0000 2026,https://pbs.twimg.com/profile_images/1962701792799858688/LfUeqgTU_normal.jpg,0,3,0,0,138
2.05E+18,https://x.com/programmerpacil/status/2049447239681249292,"@lmalau @GilangHamidy @KejaksaanRI dan sekali lagi, ini gw ngebacot bukan soal belain nadiem, tp bigger picturenya adalah soal ""hukum yg lg rusak""

mau salah milih GCP kek, mau bayangan arogan kek, ttp aja kalo ga terbukti korupsi di chromebook, ga boleh dia dihukum 22 tahun krn dituduh korupsi chromebook. titik.",Wed Apr 29 11:14:33 +0000 2026,https://pbs.twimg.com/profile_images/1962701792799858688/LfUeqgTU_normal.jpg,0,1,0,0,57
2.05E+18,https://x.com/Kang_ipuung/status/2049415365005107494,Jaksa semestinya fokus saja membuktikan bahwa Chromebook yang dibeli Nadiem saat itu harganya kemahalan. Jgn merembet ke yang lain. Rotasi jabatan itu sangat normal. Pun di lembaga kejaksaan. Pimpinan punya asesmen sndiri mana bawahannya yg memiliki peforma bagus dan tdk bagus.,Wed Apr 29 09:07:53 +0000 2026,https://pbs.twimg.com/profile_images/1475268060768468994/2bvT_uAA_normal.jpg,0,0,0,0,28
2.05E+18,https://x.com/To_Evermore/status/2049373245460377977,"Narasi terbaru belain Tsk Korupsi Chromebook: Jatuhin Ibam.

Padahal 

1. Temen Ibam sendiri yg bawa2 gaji META.
2. Itu memang muncul di pengadilan.
3. Shadow team memang bagian dari kasus.
5. Jurist Tan (buronan) itu kroninya Ibam dan Nadiem di kasus ini.",Wed Apr 29 06:20:31 +0000 2026,https://pbs.twimg.com/profile_images/2032451236616933376/VKKOH6-g_normal.jpg,0,0,4,0,347
2.05E+18,https://x.com/VeritasFacti/status/2049343748979736683,"@aswinsuharsono @ibamarief Nadiem, Jurist, dan Ibam udh prnh ketemu Google sblmnya. Yg awalnya pengadaan Lab TIK tiba2 berubah jd Chromebook setelah mereka ketemu. Wajar gak ?

Mereka2 ini termasuk Google jelas gak mau ngaku dan ngeles2 trs.",Wed Apr 29 04:23:19 +0000 2026,https://pbs.twimg.com/profile_images/2016314435401613313/jQPwjW3r_normal.jpg,0,0,1,0,79
2.05E+18,https://x.com/NenkMonica/status/2049337096268329305,"MENGKHIANATI NALAR SEHAT KASUS CHROMEBOOK INI.

Ada seorang Ibrahim Arief alias Ibam, bukan PNS, bukan pegawai tetap kementerian. Tapi dia digaji bersih  Rp. 163 juta per bulan  sebagai konsultan teknologi.

Tempatnya? Di Yayasan Pusat Studi Pendidikan dan Kebijakan (PSPK) â yayasan yang Ketua Dewan Pembinanya adalah Najelaa Shihab, kakak Najwa Shihab.

163 juta perbulan, bukan gaji Menteri, bukan direktur BUMN. Ini gaji konsultan di yayasan nirlaba riset pendidikan. 

Yang lebih gila lagiâ¦  Yayasan PSPK ini adalah mitra resmi Kementerian Pendidikan era Nadiem Makarim. Pada Desember 2019, Nadiem sendiri yang membentuk tim teknologi khusus (Wartek) dan memasukkan Ibam ke dalamnya. 

Najelaa Shihab bahkan masuk dalam grup WA rahasia Nadiem bernama âMas Menteri Core Teamâ bareng tim inti sebelum Nadiem dilantik. Mereka bahas digitalisasi pendidikan, termasuk pertemuan dengan Google soal Chromebook. 

Jadi alur ceritanya:
Nadiem rekrut Ibam lewat yayasan Najelaa â bayar lewat dana yayasan (bukan APBN langsung) â Rp163 juta per bulan. 
Yayasan Riset Pendidikan sanggup membayar gaji segede ituâ¦
Masuk akal nggak sih buat kalian?",Wed Apr 29 03:56:53 +0000 2026,https://pbs.twimg.com/profile_images/2049811849479409664/2aIKBxI-_normal.jpg,57,57,189,8,68613
2.05E+18,https://x.com/tekarok007/status/2049332335657836700,"Orang sekarang itu suka belain orang kaya raya, apalagi dibalut cerita sedih.

Kalau salah yah salah, benar yah benar. Ngapain minta simpati publik?
Kecuali kamu orang biasa, bahkan bayar pengacara pun tidak bisa. Ini pengacaranya Nadiem mahal-mahal oi, kelas elit.

Aku aja bingung, ngapain sih beli chromebook?
Barang jelek gitu dibuat anak sekolahan. Akhirnya kena kasus kan.",Wed Apr 29 03:37:58 +0000 2026,https://pbs.twimg.com/profile_images/1865483290351964160/Q0n_JbEv_normal.jpg,1,1,3,0,164
2.05E+18,https://x.com/tommiyes/status/2049309333436137977,"@adhirwn @zakkafm Kalau pengadaannya pakai uang pribadibsi Nadiem nggak apa2 nggan mundur. Ini pakai uang rakyat. Ingat, tu kejadiannya pas covid, disaat rakyat sedang tercekik, waktu itu rakyat lebih butuh makan daripada chromebook.",Wed Apr 29 02:06:34 +0000 2026,https://pbs.twimg.com/profile_images/1348901205972447232/JPSNPzsq_normal.jpg,0,0,1,0,58
2.05E+18,https://x.com/casvalgundamred/status/2049222030495822285,@elisa_jkt Soal Chromebook ini gw cuma ngomong dua hal: semoga keadilan ditegakkan dan Nadiem goblok.,Tue Apr 28 20:19:39 +0000 2026,https://pbs.twimg.com/profile_images/2044682110250954752/dVIgthzB_normal.jpg,0,0,0,0,205
2.05E+18,https://x.com/AkunGratisan/status/2049158378359005422,Oke at first pas baca ini pagi2 gw kira ini hanya untuk yg keseret masalah chromebooknya nadiem. Pas baca ulang skrg TERNYATA SEMUANYA??? LIKE LITERALLY SEMUA KEUNTUNGAN PENJUALAN CHROMEBOOK SEINDO??????,Tue Apr 28 16:06:43 +0000 2026,https://pbs.twimg.com/profile_images/2016915890336608256/eLJnfKcv_normal.jpg,0,0,1,0,102
2.05E+18,https://x.com/ph4n_/status/2049096426274324760,"@FansRossoneri @angga_fzn Mertuaku keduanya guru di daerah pd saat nadiem, gak kepake itu chromebook.

Mana kurikulumnya nyusahin peserta didik pula.",Tue Apr 28 12:00:33 +0000 2026,https://pbs.twimg.com/profile_images/1272132351602995200/II9ts9kH_normal.jpg,0,1,0,0,159
2.05E+18,https://x.com/abdurrahmanregi/status/2049083476188528821,"saya hanya ingin memberikan penjelasan terkait 'narrative market', dan bagaimana orang-orang sedang mencoba 'shaping the market'. 

lebih berat untuk memenangkan nadiem & co. dalam kasus chromebook dikarenakan banyak kebijakan tidak tepat, cakupan kementerian, perilaku pribadi, dan bahkan ada yang kabur, dibandingkan degan tom lembong.

saya tidak ada maksud menyalahkan siapapun. saya sebelumnya sudah terangkan untuk kasus pak ibam, saya cenderung beliau tidak bersalah dan dikambinghitamkan. dan jika bersalah, efek kedepannya cukup berbahaya (mungkin); yaitu, banyak konsultan baik dari akademisi/profesional yang dapat disalahkan. plus, ex ante, banyak yang tidak mau membantu atau memberikan goods/services pada pemerintah (good thing in my opinion).",Tue Apr 28 11:09:05 +0000 2026,https://pbs.twimg.com/profile_images/1904930477758144512/5_6BchQK_normal.jpg,0,0,1,0,115
2.05E+18,https://x.com/tommiyes/status/2049071211142078777,"@zakkafm Gue nggak peduli dengan poin2 diatas..
Intinya, kalau ibam punya integritas, sejak chromebook itu di-deal-in si nadiem pastilah dia akan mengundurkan diri dari jabatannya, ini malah sangat menikmati hidangan itu. Pas dicyduk KPK gunakan buzzer buat jual kesedihan.",Tue Apr 28 10:20:21 +0000 2026,https://pbs.twimg.com/profile_images/1348901205972447232/JPSNPzsq_normal.jpg,2,5,17,1,4375
2.05E+18,https://x.com/inminix88/status/2049059479258583337,"@abulmuzaffar10 Kalau JPU punya solid case aliran dana/kolusi Ibam/Nadiem, fokus saja. Ga usah sirkus saham BKLP atau blunder SPT.

Kalau hanya memberikan konsul teknis, tdk layak dikriminalisasi.  Chromebook &amp; google classroom bukan barang baru &amp; sdh lama menjadi standar sebagian K12 di US.",Tue Apr 28 09:33:44 +0000 2026,https://pbs.twimg.com/profile_images/1991491807415558144/C92LU7Ew_normal.jpg,1,1,3,0,504
2.05E+18,https://x.com/raysofflight/status/2049056812901540151,"@yantology @angga_fzn Tapi kan kasusnya beda. Mau tuntut Nadiem Jurist Ibam dll untuk perkara2 dimaksud sah aja, tapi kan perkara ini urusan pengadaan Chromebook.

Jangan kasus ini dijadikan proksi untuk menghukum mereka dong. Bangun kasus yang relevan.",Tue Apr 28 09:23:08 +0000 2026,https://pbs.twimg.com/profile_images/2042467410251259904/d_ObP6hY_normal.jpg,0,0,0,0,81
2.05E+18,https://x.com/NenkMonica/status/2049050821166325927,"KASUS DUGAAN KORUPSI PENGADAAN CHROMEBOOK 

Di tengah persidangan kasus dugaan korupsi pengadaan Chromebook Kemendikbudristek yang nilainya mencapai triliunan rupiah, nama Ibrahim Arief alias Ibam â mantan CTO Bukalapak dan konsultan teknologi Mendikbudristek era Nadiem Makarim â kembali menjadi sorotan tajam. 

Penuntut Umum (JPU) menuntutnya 15 tahun penjara plus uang pengganti Rp16,9 miliar (subsider 7,5 tahun penjara jika tidak dibayar), total ancaman hukuman hingga 22,5 tahun. 

Angka Rp16,9 miliar ini bukan sembarang angka â ini adalah lonjakan kekayaan yang tercatat di SPT pajak Ibam tahun 2021.
Mengapa Penjelasan Ibam Dianggap Tidak Jujur? Ibam sudah resign dari Bukalapak sebelum lonjakan kekayaan itu tercatat penuh. Perusahaan secara resmi menyatakan bahwa saham karyawan akan forfeit (hilang) begitu karyawan resign. 

Timing-nya mencurigakan. Lonjakan kekayaan Rp16,9 miliar terjadi tepat di tahun pengadaan Chromebook massal (2020â2022), proyek digitalisasi pendidikan yang diduga diarahkan ke produk Google Chrome OS dan Chrome Device Management (CDM). 

Ibam sebagai konsultan teknologi dan CTO GovTech Edu berada di pusat pengambilan keputusan teknis.

Sumber alternatif yang diduga: Banyak pihak di persidangan dan analis pajak menduga kekayaan tersebut bukan dari Bukalapak, melainkan dari saham atau aliran dana terkait PT GoTo (perusahaan hasil merger Gojek-Tokopedia milik Nadiem Makarim). Ada dugaan kuat adanya aliran dana investasi Google ke ekosistem GoTo yang nilainya ratusan miliar, dan sebagian diduga âmengalir balikâ sebagai bentuk kompensasi atau kickback atas proyek Chromebook yang menguntungkan Google.

https://t.co/xdNfSGTBpF",Tue Apr 28 08:59:19 +0000 2026,https://pbs.twimg.com/profile_images/2049811849479409664/2aIKBxI-_normal.jpg,19,10,32,1,15502
2.05E+18,https://x.com/Ali_Sopan/status/2049008647980884310,Nadiem memang bukan menteri yg bagus kinerjanya saat menjabat. Tp kasus chromebook sangat aneh dan bikin muak sih..,Tue Apr 28 06:11:45 +0000 2026,https://pbs.twimg.com/profile_images/456705787654455296/CGHmW9cn_normal.jpeg,0,0,0,0,15
2.05E+18,https://x.com/programmerpacil/status/2048989813538513289,"@ruliemaulana dari kasus chromebook tiba2 ke tim bayangan telkom gara2 udh putus asa.

se-desperate itu kah ngejatuhin nadiem &amp; ibam? 

bener2 oon ga ngerti hukum. kalo kasusnya chromebook ya dasar hukum menjarainnya kalo ada kesalahan di chromebook, bukan di tim bayangan atau kasus lain.",Tue Apr 28 04:56:54 +0000 2026,https://pbs.twimg.com/profile_images/1962701792799858688/LfUeqgTU_normal.jpg,0,1,2,0,1120
2.05E+18,https://x.com/syarifhanan/status/2048980771281699199,"lah misalkan ibam pun merekomendasikan Chromebook, tapi kan dia tidak korupsi?!?? sependek yg gw tau pun dia juga bukan yg membuat/mengusulkan program kementrian ini. 

kalo mau nyalahin Nadiem krn kebijakan tolol nya ya silahkan aja, c-",Tue Apr 28 04:20:58 +0000 2026,https://pbs.twimg.com/profile_images/1543556645011087360/wzb6EcHM_normal.jpg,0,1,0,0,53
2.05E+18,https://x.com/arifamri23/status/2048969898731405335,"@ibamarief @pandji Terbuka aja, ""Pejabat"" yang dimaksud itu PNS kementerian atau Menteri? 
Kalo menteri, kenapa mas ibam terkesan melindungi nadiem? Bilang aja menteri yg maksain chromebook
Kalo PNS kementerian, mereka getol ngegolin chromebook atas inisiatif pribadi atau arahan menteri?",Tue Apr 28 03:37:46 +0000 2026,https://pbs.twimg.com/profile_images/378800000260103233/b32b88436ef8a2934753a029f7753e20_normal.jpeg,0,1,9,0,1947
2.05E+18,https://x.com/oxnewbie/status/2048967759363797209,"@75thrift @therealogi @zanatul_91 ya kan di video jelas-jelas dia engga mengharuskan chromebook, dan Pejabat nya sudah jelas mengharuskan chromebook dari vendor tertentu karena dapat uang

Jadi yang korup yang mana ?

Nadiem atau ibam mungkin salah(/tidak) dalam hal pengambilan kebijakan, tapi mereka tidak korup",Tue Apr 28 03:29:16 +0000 2026,https://pbs.twimg.com/profile_images/1918653771334529024/2CFFA4zr_normal.jpg,0,1,0,0,69
2.05E+18,https://x.com/75thrift/status/2048965044059460028,"@therealogi @oxnewbie @zanatul_91 Nadiem butuh masukan untuk pengadaan device, pakai apa?
- Ibam bantu ngasih spek yg rekomen (ada fee nya gak?), tanpa nyebut merk, tp berdasarkan rekaman rapat mengarah ke chromebook
- pejabat pengadaan melakukan tender.
Seiring berjalan waktu, jadilah chromebook.",Tue Apr 28 03:18:29 +0000 2026,https://pbs.twimg.com/profile_images/1588292188739629057/5K3rBzYd_normal.jpg,0,1,0,0,62
2.05E+18,https://x.com/elisa_jkt/status/2048932865409528156,"Tidak tahu soal detil Chromebook, tapi ngikutin soal problematik âshadow organisationâ di era Nadiem, terutama sejak byk yg speak up di 2022 (cth yg di qrt bawah). ð",Tue Apr 28 01:10:37 +0000 2026,https://pbs.twimg.com/profile_images/1695405634420940800/GX1qQNrx_normal.jpg,81,12,335,1,39802
2.05E+18,https://x.com/dhanatini/status/2048929704640717161,"Meskipun tidak suka pada beberapa kebijakan Nadiem sewaktu jadi menteri, saya termasuk yang tidak percaya kalau Nadiem dan Ibrahim Arief melakukan korupsi pada kasus chromebook.
Semoga mereka mendapatkan keadilan. https://t.co/M6hYhdTX9N",Tue Apr 28 00:58:03 +0000 2026,https://pbs.twimg.com/profile_images/1467502782299062276/_tMHKkBP_normal.jpg,0,0,0,0,97
2.05E+18,https://x.com/priyono_fpr/status/2048917875180921303,@frans070707 @shda_agatha_ Sekolah d jakarta? Internet lancar? Pernah k ogan ulu? NTT? Chromebook itu butuh online dan sudah ditolak di zaman menteri sebelumnya. Di era nadiem tiba2 masuk lagi.,Tue Apr 28 00:11:03 +0000 2026,https://pbs.twimg.com/profile_images/449392016284069889/VNs1AfT9_normal.jpeg,0,0,0,0,37
2.05E+18,https://x.com/FirzaHusain/status/2048789972317302833,"Persidangan kasus dugaan korupsi pengadaan laptop Chromebook di Kemendikbudristek mengungkap dugaan pengaturan proyek di balik layar. Bukti digital hasil forensik percakapan dinilai menjadi instrumen kunci untuk membuktikan unsur Willens en Wetens atau kehendak dan kesadaran para terdakwa dalam merugikan negara Rp. 2.1 triliun.
Bukti digital bukan sekedar pelengkap. Itu adalah manifestasi dari mens rea atau niat jahat, jika Ibrahim Arief (Ibam) terbukti berkoordinasi dengan vendor untuk mengunci spesifikasi. Hal itu menunjukkan ia sadar dan menghendaki hasil yg melanggar aturan, ujar pengamat hukum, Fajar Trio, Senin, 20 April 2026.
Fajar menyoroti fakta persidangan mengenai manipulasi harga satuan yg dilakukan tanpa survei pasar sah, termasuk dugaan aliran dana Rp 809 miliar ke perusahaan yg terafiliasi dengan eks. Mendikbudristek Nadiem Makarim.
Menurutnya tindakan mengabaikan prosedur survei bukan sekedar kelalaian teknis, melainkan pintu masuk untuk menguntungkan pihak tertentu sebagaimana diatur dalam UU Tipikor.",Mon Apr 27 15:42:48 +0000 2026,https://pbs.twimg.com/profile_images/1418746550411415553/NEYxzUMR_normal.jpg,4,3,11,0,11889
2.05E+18,https://x.com/ruliemaulana/status/2048785163770044574,"@programmerpacil @ibamarief @CCICPolri Banyak beritanya Nadiem udah bahas chromebook sebelum dilantik. Artinya itu bukan fitnah.

Sementara kamu menuduh sembarangan. Menuduh orang melakukan tindak pidana tanpa bukti itu diancam tiga tahun dan denda 200jt.

Silakan.",Mon Apr 27 15:23:42 +0000 2026,https://pbs.twimg.com/profile_images/1150942865486299136/GNVNOWFV_normal.jpg,0,1,0,0,74
2.05E+18,https://x.com/programmerpacil/status/2048782710647460052,@ruliemaulana fyi tim hukum @ibamarief &amp; nadiem bisa melaporkan akun Rulie Maulana pakai pasal 27A UU ITE ke @CCICPolri atas pencemaran nama baik apalagi kalau Rulie tidak memiliki bukti bahwa nadiem merencanakan merampok sebelum jadi menteri. Di sidang chromebook aja ga ada dituduh yg ini,Mon Apr 27 15:13:57 +0000 2026,https://pbs.twimg.com/profile_images/1962701792799858688/LfUeqgTU_normal.jpg,0,1,1,0,64
2.05E+18,https://x.com/ghozyulhaq/status/2048760898765082966,"Dosa Nadiem itu bukan Chromebook, bukan Shadow Organization 

tapi ini ð",Mon Apr 27 13:47:17 +0000 2026,https://pbs.twimg.com/profile_images/1962831258012266496/2uHe3aWH_normal.jpg,2,2,13,1,1814
2.05E+18,https://x.com/elputu__bulan/status/2048760243371524099,"https://t.co/a8IQqtYnid 

Jejak Digital Ibam dan Nadiem Jadi Manifestasi Mens Rea 

Nah kan jejak digital itu jelas dan nyata... makanya Kejagung ngegas terus kasus Chromebook ð https://t.co/4Y0NVvCckh",Mon Apr 27 13:44:40 +0000 2026,https://pbs.twimg.com/profile_images/2034093273032331264/duRkLcdn_normal.jpg,6,6,11,1,8473
2.05E+18,https://x.com/Sadewa_S3/status/2048749080462197048,@BangPino__ Kasus chromebook nadiem emang ga jelas... Ayo pak Jaksa ungkap lebih terang ke publik,Mon Apr 27 13:00:19 +0000 2026,https://pbs.twimg.com/profile_images/2006617123674845184/4e7-ysNe_normal.jpg,0,0,0,0,65
2.05E+18,https://x.com/amandasah__/status/2048681016244781334,"Nadiem Makarim jelang putusan malah sakit, kejadian yang rasanya bukan sekali dua kali muncul pas momen sidang. Jadi wajar kalau orang mulai mikir: ini apa yg disembunyikan panik sampe sakit? Biasanya kalau posisi mulai terpojok, reaksi kayak gini memang sering muncul.

Tapi jelang putusan, jangan sampai fokus malah kebawa ke drama, entah soal sakit, jasa, atau narasi pengabdian dan buka lapangan kerja. Itu semua bisa dibahas, tapi bukan inti dari perkara yang lagi diuji sekarang.

Balik lagi ke kasus Chromebook. Dari awal udah banyak kejanggalan: kajian yang berubah arah, masuknya IBAM, sampai keputusan yang tetap dipaksakan jalan meski kondisi lapangan belum siap. Ini yang harus dilihat jernih.

Jangan sampai cerita-cerita di luar itu bikin kabur. Karena pada akhirnya sederhana: kalau memang ada yang salah dalam prosesnya, ya harus dipertanggungjawabkan.

Jadi fokusnya tetap satuâbongkar alurnya, lihat siapa yang berperan, dan pastikan yang salah memang kena konsekuensi.

Untuk pejabat atau menteri yg akan dilantik oleh presiden Prabowo ingat, kalau ga mau kaya Nadiem jangan korupsi!",Mon Apr 27 08:29:51 +0000 2026,https://pbs.twimg.com/profile_images/1537494866162200576/4WUtqmqf_normal.jpg,10,6,18,2,3971
2.05E+18,https://x.com/tekarok007/status/2048663901529870682,"Nadiem itu punya 400 orang kerja diam-diam jadi tim bayangan, tapi malah rekomendasikan Chromebook.

Harusnya dengan team sebanyak itu, isu korupsi ini bisa dihindari, 400 kepala buat berpikir loh.
Kok pogram Pendidikan itu sering ada aroma aneh? https://t.co/u8dWjguslQ",Mon Apr 27 07:21:51 +0000 2026,https://pbs.twimg.com/profile_images/1865483290351964160/Q0n_JbEv_normal.jpg,9,9,33,0,1631
2.05E+18,https://x.com/awwarma/status/2048662888089629070,mbg mah ambil stance-nya gampang. coba tanya setuju ga nadiem dipenjara gara2 chromebook wkwkw,Mon Apr 27 07:17:49 +0000 2026,https://pbs.twimg.com/profile_images/1940087623105556481/Et3LqCoL_normal.jpg,0,1,0,0,68
2.05E+18,https://x.com/RyanPMardiko/status/2048661340131389706,"Dari Nadiem masih jd menteri memang bawahannya dah benci betul dgn Jurist Tan kan.
Sekarang kasus chromebook dah ngenain Nadiem &amp; Ibam, rakyat jangan lupa jg sih dgn peran Jurist Tan yg waktu di kementerian sangat mendominasi itu.",Mon Apr 27 07:11:40 +0000 2026,https://pbs.twimg.com/profile_images/1962839696566022144/oF0u4h2n_normal.jpg,0,0,1,0,292
2.05E+18,https://x.com/tommiyes/status/2048660807974822061,@zoeoul HLHKNTL.. Kalau ibam punya integritas sedari awal pas chromebook itu di-deal-in si nadiem pastilah dia langsung mengundurkan diri. Ini malah menikmatinya tanpa dosa. Pas dicyduk menggunakan buzzer  buat jual kesedihan. hukum mati koruptor..,Mon Apr 27 07:09:33 +0000 2026,https://pbs.twimg.com/profile_images/1348901205972447232/JPSNPzsq_normal.jpg,0,1,1,0,270
2.05E+18,https://x.com/AndrewAMS_/status/2048637437669433637,"@Nariza09 @zanatul_91 @hahnsaja @Fol1eadeux @kulimain Nah, bener ini. Gw mau tau juga dong. Sidang keberapa yang Nadiem ngaku kalo dia nyuruh Ibam arahin pake Chromebook (serius mau tau, dengan nada lemah lembut)",Mon Apr 27 05:36:41 +0000 2026,https://pbs.twimg.com/profile_images/918887408724205569/DfVpuuy0_normal.jpg,0,1,1,0,146
2.05E+18,https://x.com/tempodotco/status/2048636669822488912,BREAKING: Nadiem Makarim Tak Hadiri Sidang Chromebook karena Dirawat,Mon Apr 27 05:33:38 +0000 2026,https://pbs.twimg.com/profile_images/1968882591031058432/qH8VMl2G_normal.jpg,25,7,287,2,23530
2.05E+18,https://x.com/RzR0tsch1ld/status/2048606776078287016,"@equalDelight @ibamarief @achmadzaky gw gak bakal bahas jauh soal linux
chromebook itu pada dasar nya jg linux yg di modifikasi
intinya orang pintar lulusan LN gak bakal bikin pendapat abu2 soal chromebook, dan pintar menggali projeknya sendiri
dia bukan orang yg tidak kompeten, dia cuma org jahat sprti nadiem",Mon Apr 27 03:34:51 +0000 2026,https://pbs.twimg.com/profile_images/1924341879673397248/feovRlwL_normal.jpg,0,1,0,0,28
2.05E+18,https://x.com/RzR0tsch1ld/status/2048595813182681413,"@equalDelight @ibamarief @achmadzaky gw anggap posisi gw ibam nih
gw ini sarjana S2 belanda lho..sudah punya job di belanda jg
gw join nadiem nih
gw liat harga chromebook nya markup, 2x lipat harga normalnya
apa yg gw bakal lakukan?",Mon Apr 27 02:51:17 +0000 2026,https://pbs.twimg.com/profile_images/1924341879673397248/feovRlwL_normal.jpg,0,1,0,0,47
2.05E+18,https://x.com/dibicarakandulu/status/2048582333696188494,"Yes.

Kalau Nadiem adalah orang yang disebut Mas Iman membuka kembali kajian tentang Chromebook yang sebelumnnya sudah sempat diputuskan, maka harusnya beliau marah kepada Nadiem.

Saya nilai pun beberapa kebijakan beliau belum matang tapi dipaksakan sehingga berdampak buruk.",Mon Apr 27 01:57:43 +0000 2026,https://pbs.twimg.com/profile_images/1579407551162388480/iz8JTfKv_normal.jpg,0,0,0,0,104
2.05E+18,https://x.com/ruliemaulana/status/2048570490831446429,"@ibamarief Kalimat bisa dibuat seolah-olah netral tapi sama aja kalau syarat itu ujungnya akan memunculkan chromebook yang pernah dinyatakan tidak layak jadi paling ideal sesuai agenda Nadiem.

Lebih baik bantu negara bongkar kebusukan itu daripada jadi tumbal.
https://t.co/u5daqT7ART",Mon Apr 27 01:10:40 +0000 2026,https://pbs.twimg.com/profile_images/1150942865486299136/GNVNOWFV_normal.jpg,5,10,25,2,13873
2.05E+18,https://x.com/hariwibawanto/status/2048569675605483772,"@zoeoul Pembelaan masif teman2 Ibam benar2 bisa membelokkan opini. Bagaimana dengan perubahan kebijakan yang sebelumnya telah diputuskan bahwa chromebook tidak cocok diterapkan di Indonesia, tiba2 berubah karena Ibam direkrut Nadiem jadi konsultan ahli? Emang pejabat Dikti semua pekok?",Mon Apr 27 01:07:25 +0000 2026,https://pbs.twimg.com/profile_images/1256494535934275587/EXvHTcpV_normal.jpg,0,2,4,0,1714
2.05E+18,https://x.com/Kopi_laut/status/2048558960811323816,"Dulu semua orang anti rezim Jokowi bingung mempertanyakan bagaimana bisa rezim bagiÂ² chromebook gratis.

Harusnya yg paling bertangung jawab adalah yg memutuskan, Jokowi dan Nadiem

Kenapa Menteri dan konsultan diseret, tapi Presiden yg memutuskan tidak?
Apa presiden kebal hukum?",Mon Apr 27 00:24:51 +0000 2026,https://pbs.twimg.com/profile_images/1338027622530310144/uAke3INi_normal.jpg,0,0,0,0,186
2.05E+18,https://x.com/havimon/status/2048555174390862327,"Kalau ngga setuju pake chromebook tinggal bilang ke nadiem aja langsung, kan deket?
Ngapain harus panjang2 diskusi soal pengadaan? Kenapa harus diuji dan dites?
Langsung ae bilang ke nadiem kalau ngga cocok dan ngga diperlukan. Beres.",Mon Apr 27 00:09:48 +0000 2026,https://pbs.twimg.com/profile_images/1643464953545003010/57bd-Gkh_normal.jpg,0,1,0,0,61
2.05E+18,https://x.com/programmerpacil/status/2048444953513390113,"@NahelClothing @ruliemaulana di kasus ibam &amp; nadiem, jaksa kebingungan aliran dana. bahkan JPU tolak share audit BPKP ke publik &amp; nadiem (knp tuh)

sedangkan Yaqut semua clear. KPK yakin diduga ada aliran dana &amp; bbrp udh dikembalikan

chromebook oleh kejagung yg pernah kasusin tom lembong
kasus haji oleh KPK",Sun Apr 26 16:51:49 +0000 2026,https://pbs.twimg.com/profile_images/1962701792799858688/LfUeqgTU_normal.jpg,1,1,6,0,1732
2.05E+18,https://x.com/GarengSmg/status/2048383265007165512,@Heraloebss AN berbasis komputer itu pengganti UN berbasis komputer yg dihapus di era nadiem. Benarkah mereka yg tdk ada akses internet dapat chromebook? Saat inipun semua sekolah juga harus online untuk akses dapodik yang harus yg isiannya harus selalu di update.,Sun Apr 26 12:46:42 +0000 2026,https://pbs.twimg.com/profile_images/1522373658475642881/LZ8NiTdO_normal.jpg,0,0,0,0,134
2.05E+18,https://x.com/GtAlgi/status/2048378038795329693,"@zanatul_91 @grok Apart from Chromebook, what other alternatives from other technology providers to fulfill Nadiem and the Ministry of Educationâs mandate back then? Also, what was the biggest lapse in the procurement process of the Chromebook",Sun Apr 26 12:25:56 +0000 2026,https://pbs.twimg.com/profile_images/1597194359148904448/EanMFraf_normal.jpg,0,0,0,0,91
2.05E+18,https://x.com/RaihanAlthafFi1/status/2048372525315613181,"Pak Nadiem tertangkap karena persoalan laptop Chromebook. Begitu juga Tom Lembong yang sempat didakwa soal impor gula, padahal bukti2 belum jelas. Lah, soal mark up peralatan MBG, yakni tablet 17 jt sama molis 50 juta kapan diusutnya???",Sun Apr 26 12:04:01 +0000 2026,https://pbs.twimg.com/profile_images/2019009140908339200/dvye40sw_normal.jpg,0,0,0,0,48
2.05E+18,https://x.com/RohimVngc/status/2048361603943583747,@ghozyulhaq Makanya apasih keuntungan yg didapat oleh Nadiem dan IBAM terkait chromebook ini? Kalo nyatanya ada orang lain yg nerima dana,Sun Apr 26 11:20:37 +0000 2026,https://pbs.twimg.com/profile_images/1844318296063315968/WKn96E4K_normal.jpg,0,1,0,0,4474
2.05E+18,https://x.com/zoeoul/status/2048354720126038514,"Dgn nulis begini bukan berarti saya pro kebijakan Nadiem, apalagi menjadi bagian dr golongan yg Mas @zanatul_91  sebut ""percaya Chromebook itu baik dan berguna bagi pendidikan."" Saya nulis ini semata2 karena merasa akal sehat saya terusik mengikuti kasus @ibamarief.",Sun Apr 26 10:53:16 +0000 2026,https://pbs.twimg.com/profile_images/1653011920650403841/AM2u01_V_normal.jpg,6,0,35,0,3568
2.05E+18,https://x.com/To_Evermore/status/2048353124709191875,"@rprilian @bagaskaraayt @zanatul_91 Kalau beritanya ada. Cari aja berita pejabat kementerian bahas masalah chromebook dari 2019. 

Pas pandemi, Nadiem cs malah kasak-kusuk lagi mau pakai Chromebook. Makanya rapatnya direkam krn pejabat Kemdikbud curiga.",Sun Apr 26 10:46:56 +0000 2026,https://pbs.twimg.com/profile_images/2032451236616933376/VKKOH6-g_normal.jpg,0,1,0,0,193
2.05E+18,https://x.com/zoeoul/status/2048342376859709686,"Kebijakan Nadiem bikin amburadul pendidikan, satu hal. Persidangan Ibam, hal lain lagi. Di persidangan, Ibam ngasih bukti klo dia gak merekomendasikan Chromebook; tanda tangannya dicatut. Klo Mas Iman keukeuh Ibam musti diadili, kesannya malah mendukung sistem peradilan yg zalim.",Sun Apr 26 10:04:13 +0000 2026,https://pbs.twimg.com/profile_images/1653011920650403841/AM2u01_V_normal.jpg,15,2,52,0,3940
2.05E+18,https://x.com/To_Evermore/status/2048326714338705419,"@oxnewbie @zanatul_91 Pejabat yang ngambil keputusan itu Nadiem Makarim. Dia jadi tersangka bareng Ibam dan Jurist Tan.

Dari awal kementerian gak rekomendasi chromebook. Tapi digiring terus. https://t.co/TJJUeUsmeg",Sun Apr 26 09:01:59 +0000 2026,https://pbs.twimg.com/profile_images/2032451236616933376/VKKOH6-g_normal.jpg,0,1,1,0,337
2.05E+18,https://x.com/To_Evermore/status/2048313502922842289,"@zanatul_91 Narasi baru pembela koruptor: Ibam gak rekomendasi chromebook.

Padahal jelas-jelas ada rekaman rapatnya.

Nadiem, Ibam, Jurist Tan dkk itu udah satu paket. 

https://t.co/iqisQg8gLz",Sun Apr 26 08:09:29 +0000 2026,https://pbs.twimg.com/profile_images/2032451236616933376/VKKOH6-g_normal.jpg,33,5,105,10,128790
2.05E+18,https://x.com/zanatul_91/status/2048310550741102931,"beda halaman, ini yang gak ada ttdnya. Perbedaanya, saya gak percaya dia gak tahu, karena dia dikirim nadiem ke tim supaya bisa mengarah ke Chromebook. Cek persidangan, nadiem menyakinkan ibam, ibam tugasnya menyakinkan Tim kementrian. Lah kontradiksi kalau disini ibam malah tidak merekomendasikan Chromebook. Ada orang kementrian yang menolak, akhirnya diganti. Kenapa Ibam tidak menolak? 

Maksud saya, meskipun membantah, tapi keberadaan ibam ""fungsinya"" untuk mengarahkan ke Chromebook. Coba pikir, 5 tahun selanjutnya ibam tetep ada jadi konsultan disana, bahkan mengurusi aplikasi yang ada hubungannya dengan chromebook. Darimana dia gak setuju? 

Menurut saya sudah betul Ibam didakwa. Karena kuncinya disitu.",Sun Apr 26 07:57:45 +0000 2026,https://pbs.twimg.com/profile_images/1567058561645318146/jieq9bqD_normal.jpg,6,10,21,5,21857
2.05E+18,https://x.com/yunizarbsatrio/status/2048298216194797812,"@zanatul_91 Jika bener Ibam dihadirkan utk mendukung kebijakan pengadaan Chromebook maka dilihat dari sisi manfaat buat Ibam apa atau apa yg dijanjikan utk Ibam agar project tsb berjalan? Apakah ada uang masuk, atau portfolio dirinya, atau pertemanan dg nadiem?",Sun Apr 26 07:08:44 +0000 2026,https://pbs.twimg.com/profile_images/1552606381/family-travelling-aeroplane__u24179126_normal.jpg,0,0,2,0,1107
2.05E+18,https://x.com/oxnewbie/status/2048296997724328176,"@zanatul_91 @hrdbacot emang dia maksain?
dia pengambil keputusan?

itu pejabat yang jelas"" korup dan ngaku, malah jadi saksi,, Ibam dan Nadiem ga bisa mereka buktiin sama sekali, masa mereka yang salah 

toh, baik ibam dan nadiem tidak mengharuskan chromebook",Sun Apr 26 07:03:54 +0000 2026,https://pbs.twimg.com/profile_images/1918653771334529024/2CFFA4zr_normal.jpg,2,5,21,0,2898
2.05E+18,https://x.com/zanatul_91/status/2048276022983036979,"Aneh, sekarang orang-orang percaya chromebook itu baik dan berguna untuk pendidikan. Saat pengadaan itu disusun, kajian awal 2020 membuktikan bahwa 46% sekolah tidak punya akses internet. Survei pada kajian awal ini menunjukan hampir tidak ada sekolah yang menggunakan Chromebook. 

Kemudian tiba-tiba, kajian ini dirubah dengan kajian baru. Chromebook yang awalnya tidak direkomendasikan, jadi di rekomendasikan. Pada kajian kedua inilah ada IBAM sebagai Tim SKM (Staf Khusus Menteri). 

Dengan memegang dua dokumen ini saja, tentu mudah bagi kejaksaan untuk melihat peran sentral IBAM. 

Jadi agak aneh kalau IBAM mengaku tidak merekomendasikan Chromebook. Gunanya IBAM dihadirkan menteri ditengah-tengah tim teknis,besar kemungkinan untuk membelokan kajian supaya dukung Chromebook. 

Kalau IBAM tidak merekomendasikan Chromebook, untuk apa kajiannya di rubah? kan sejak awal tidak direkomendasikan? Meski mbantah, patut diduga, fungsinya IBAM adalah kebalikan dari kajian yang tidak merekomendasikan Chromebook. Pembelaan IBAM  kontradiktif. 

Sejak awal Chromebook tidak memiliki fungsi dalam pendidikan kita.  Itulah alasan kenapa Nadiem membuat kebijakan ANBK/AN. Supaya Chromebook seolah-olah bermanfaat. Karena saat itu kita gak butuh AN. Untuk apa mengukur lingkungan belajar di sekolah tapi sekolahnya kan tutup (pandemik/PJJ)? 

 Laptop yang hanya efektif digunakan secara online, kini mendapatkan fungsinya karena semua sekolah menyelenggarakan AN yang mana menurut peraturan GTK ""HARUS TERSAMBUNG INTERNET.""

 Belakangan untuk menutupi ini kementerian membuat panduan menggunakan Chromebook secara offline. Meski ini tidak merubah bahwa Chromebook adalah laptop yang kurang berguna dengan kebutuhan sekolah. 

Saya tetap berpandangan bahwa Chromebook adalah korupsi besar. Bukan hanya Nadiem dan Ibam, dan PKK, tapi orang-orang dibalik ini semua harus diseret. 

Menurut saya kejaksaan harus memanggil lebih banyak orang lagi. Apalagi orang atau yayasan yang mempekerjakan IBAM dan menggajinya. Tim SKM tapi digaji yayasan? juga  Jurist Tan yang masih buron. 

Saat ini maaf, semua orang bicara soal personal Nadiem dan IBAM yang katanya tulus dan sakit-sakitan. Bukan kasus korupsinya. 

Bahwa saya tidak terima, kalau kami guru-guru dipaksa memaklumi kebijakan Chromebook dan ketersambungan internet yang jadi dalih korupsi Chromebook.

 Saya tidak pernah lupa, bagaimana temen-temen guru di NTT melaksanakan AN. Alih-alih melaksanakan asesmen nasional, kita sedang didorong supaya menganggap korupsi pengadaan itu berguna. 

Jangan lupa, baik Nadiem dan IBAM melaksanakan pengadaan Chromebook dan AN ketika pandemik lagi galak-galaknya (2020-2021).

 Mereka tidak punya empati bahwa kebijakan ini akan menyengsarakan guru, karena harus berkumpul (datang ke sekolah) ketika pembatasan jarak (Covid-19) dan diberikan laptop yang tidak biasa mereka pakai.

*Foto Pelaksanaan ANBK di NTT.",Sun Apr 26 05:40:33 +0000 2026,https://pbs.twimg.com/profile_images/1567058561645318146/jieq9bqD_normal.jpg,408,143,979,98,377464
2.05E+18,https://x.com/punyaputtt/status/2048201569875931160,"Pak nadiem yg ""katanya"" korupsi pengadaan chromebook, tp alhamdulillah chromebooknya bisa dimanfaatkan untuk TKA, nonton video buat pembelajaran, cari artikel dan penunjang2 lainnya di google. Kalo yg ini????ð¤·ââï¸",Sun Apr 26 00:44:42 +0000 2026,https://pbs.twimg.com/profile_images/2016354919704674304/syEYJ_ZL_normal.jpg,0,0,0,0,249
2.05E+18,https://x.com/frans070707/status/2047978293018911192,"@GilangHamidy wajar sih Sebelum jadi menteri 
Nadiem ada grup kecil yang membantu beliau
tapi oleh pihak jaksa di kesankan
bahwa grup WA mas menteri
tersebut di buat khusus bahas proyek chromebook
terbukti di tuntutan ngak ada tuh tuntutan dari chat ""halu""
https://t.co/Nho7D348KX",Sat Apr 25 09:57:29 +0000 2026,https://pbs.twimg.com/profile_images/1862456090715107328/oS9HUVgO_normal.jpg,0,1,0,0,1256
2.05E+18,https://x.com/mtq147/status/2047640063329395121,"@LambeSahamjja Nadiem sama Ibam aja sekarang lg sidang utk pengadaan chromebook, nah ini klo sampe ga ada pemeriksaan, bener2 program ajaib",Fri Apr 24 11:33:29 +0000 2026,https://pbs.twimg.com/profile_images/684389024262275072/8MG25sPL_normal.jpg,0,0,0,0,1743
2.05E+18,https://x.com/jannahseeker99/status/2047623801924616435,"@unsghero @gastronusa Alasan gw dukung nadiem dihukum, kesampingkan kasus chromebook jadi menteri pendidikan dia gagal bener bjir!",Fri Apr 24 10:28:52 +0000 2026,https://pbs.twimg.com/profile_images/1950916794446643201/2ClV9sZ-_normal.jpg,0,0,4,0,816
2.05E+18,https://x.com/tianglistrik_id/status/2047611702896971956,@gastronusa kesalahan besar ibam adalah tidak menjerumuskan nadiem di kasus chromebook,Fri Apr 24 09:40:47 +0000 2026,https://pbs.twimg.com/profile_images/1882304366289539072/RVq9HS_8_normal.jpg,0,0,0,0,181
2.05E+18,https://x.com/frans070707/status/2047604021276602572,"@Zac_Pundi Nadiem case is very different
He was accused of corruption for choosing Chromebook for National program
IMHO Nadiem is being targeted since  all accustions to Nadiem in cross exam proven to be lies.
its clearly Deep stateð²ð¨ dont want reform minded outsiders work in Gov",Fri Apr 24 09:10:15 +0000 2026,https://pbs.twimg.com/profile_images/1862456090715107328/oS9HUVgO_normal.jpg,3,2,35,0,2272
2.05E+18,https://x.com/giungbandung/status/2047580176675119524,"Ngikutin kasus chromebook-nya Nadiem, jujur jadi malu sm negara ini. Karena kaya kasus chromebook sampe disangkut pautin sm investasi di GoTo. Kaya???? Makin makin lah susah ni dapat invesment",Fri Apr 24 07:35:30 +0000 2026,https://pbs.twimg.com/profile_images/1941353682983059458/YPcybkm0_normal.jpg,0,0,2,0,160
2.05E+18,https://x.com/kunyah_ajaa/status/2047518472532332717,"Ibrahim Arief tak kuasa menahan tangis saat sidang Chromebook. Merasa dikriminalisasi, ia membuka percakapan dengan Nadiem. Kisah ini mengingatkan kita betapa pentingnya mendengarkan dan memahami setiap sudut pandang. Mari kita dukung keadilan.",Fri Apr 24 03:30:19 +0000 2026,https://pbs.twimg.com/profile_images/2006585531447304192/tkXKpuQ1_normal.jpg,0,1,0,0,81
2.05E+18,https://x.com/priyono_fpr/status/2047464994045059423,"@frans070707 @shda_agatha_ Diuntungkan atau tidak, ketika pengadaan di kunci d satu OS, dmn OS tersebut tidak compatible dengan aplikasi yang dibuat ekosistem sebelumnya dan membuatnya jadi sia2. Maka di situ nadiem sudah salah. Faktany chromebook yg dibeli udah jd bangke sekarang. Gk bisa dipake",Thu Apr 23 23:57:49 +0000 2026,https://pbs.twimg.com/profile_images/449392016284069889/VNs1AfT9_normal.jpeg,0,1,0,0,69
2.05E+18,https://x.com/unsghero/status/2047332475328962805,"@gastronusa Lulusan Covid ini Matematika dasar payah, Baca jam analog gabisa, Tulisan tangan jelek-jelekð¤£

Harusnya Nadiem masuk akal kalau dipenjara gara-gara ini daripada kasus chromebook.",Thu Apr 23 15:11:14 +0000 2026,https://pbs.twimg.com/profile_images/1658533409982124034/1MwdPaxW_normal.jpg,239,28,1900,32,51455
2.05E+18,https://x.com/pasfm/status/2047240432481185873,"PN Jakarta Pusat merespons tindakan tim penasihat hukum terdakwa dugaan korupsi Chromebook, Nadiem Makarim kompak tak hadiri persidangan Rabu kemarin. Salah satu alasan di balik keputusan memandang persidangan yang berlangsung hambat hak konstitusional Nadiem selaku terdakwa.",Thu Apr 23 09:05:29 +0000 2026,https://pbs.twimg.com/profile_images/1836304148175970304/KYbwvvXh_normal.jpg,0,0,0,0,62
2.05E+18,https://x.com/frans070707/status/2047228085582606740,"@nasirdbjpr @shda_agatha_ udah panen data mas 

90% HP di ð²ð¨ pakai google android OS
makanya ngak masuk akal Google Sogok Pak Nadiem supaya Chormebook yg menang:
Chrome os gratis
resiko masuk penjara &amp; denda kalo suap

proyek chromebook di banding Omzet &amp; profit nya google, nilainya kecil sekali",Thu Apr 23 08:16:25 +0000 2026,https://pbs.twimg.com/profile_images/1862456090715107328/oS9HUVgO_normal.jpg,0,0,0,0,71
2.05E+18,https://x.com/NarasiNewsroom/status/2047210698820993273,"Majelis hakim yang mengadili kasus dugaan korupsi pengadaan Chromebook, dilaporkan ke sejumlah lembaga pengawas peradilan. Laporan diajukan oleh tim hukum terdakwa Nadiem Anwar Makarim pada Rabu (22/4/2026).

Apa alasan tim kuasa hukum Nadiem melaporkan para hakim? Dan bagaimana tanggapan pihak terkait? Simak selengkapnya di utas ini.",Thu Apr 23 07:07:20 +0000 2026,https://pbs.twimg.com/profile_images/1592421400073363458/vicpTrSZ_normal.jpg,277,17,955,12,106656
2.05E+18,https://x.com/akuratco/status/2047159778703454684,"Tim advokat Nadiem Anwar Makarim kompak tak menghadiri sidang dugaan korupsi Chromebook, di Pengadilan Tindak Pidana Korupsi Jakarta pada Pengadilan Negeri Jakarta Pusat, Rabu.

Adapun ketidakhadiran para advokat Nadiem tersebut tidak diketahui alasannya.

Saat  sidang dimulai sekitar pukul 15.00 WIB, jaksa penuntut umum (JPU) dari  Kejaksaan Agung (Kejagung) pun tidak menyebutkan keberadaan dan alasan  ketidakhadiran para advokat Nadiem.

""Kami penuntut umum telah hadir, namun penasihat hukum tidak hadir,"" ujar JPU dari Kejagung Roy Riadi dalam persidangan.

Selain  tim advokatnya, Nadiem juga tidak dihadirkan oleh JPU dalam persidangan  karena sedang sakit. Namun, eks Mendikbudristek tersebut telah menunggu  di ruang tahanan pengadilan.",Thu Apr 23 03:45:00 +0000 2026,https://pbs.twimg.com/profile_images/1669536643290918914/Z2AA_TyY_normal.jpg,0,0,0,0,83
2.05E+18,https://x.com/KuroKaitou/status/2047119399346409597,"@BudiBukanIntel Tujuannya memang itu. Cuma rada susah. Di persidangan semua bukti mengarah ke Nadiem ga bersalah. Makanya dia selaku konsultan disuruh ngaku rekomendasiin Chromebook oleh Nadiem, biar ada alasan valid buat sikat Nadiem. Dan dia ga mau. Makanya ikut dikasusin.",Thu Apr 23 01:04:33 +0000 2026,https://pbs.twimg.com/profile_images/2007455391442235392/A8LYxeCd_normal.jpg,0,0,1,0,73
2.05E+18,https://x.com/ruliemaulana/status/2046952726597378316,"Ngga ada hubungannya. Chromebook jadi masalah karena jaman sebelum Nadiem pernah dinyatakan tidak layak.

Sementara Nadiem Makarim udah bicara chromebook dengan Muriel Makarim sebelum dilantik. Dan setelah dilantik jadi layak dengan justifikasi tim teknis yang memasukan nama Ibam.

Semua itu ngga dibantah, Ibam cuma klaim dia aslinya ngga mengarahkan.",Wed Apr 22 14:02:15 +0000 2026,https://pbs.twimg.com/profile_images/1150942865486299136/GNVNOWFV_normal.jpg,1,1,0,0,180
2.05E+18,https://x.com/BosPurwa/status/2046949416360394886,"Kasus Nadiem Kasus gaib, ada cerita tp gak ada fakta? Terdengar berani tapi MENYESATKAN. Berharap publik lupa, yg disebut cerita itu bersumber dari dokumen resmi negara, bkn fiksi hukum acara. Permendikbud No 5 Thn 2021 yg secara GAMBLANG mengarahkan spesifikasi ke OS Chromebook https://t.co/9EsO3chcE2",Wed Apr 22 13:49:05 +0000 2026,https://pbs.twimg.com/profile_images/1982760488380284928/B-iCUVr5_normal.jpg,29,4,99,1,7265
2.05E+18,https://x.com/CahayaLangit165/status/2046942743080174005,@tham878 Nadiem Makarim Menangis seusai Sidang Kasus Dugaan Korupsi Chromebook: Saya Udah Capek https://t.co/Gixg0vL2po,Wed Apr 22 13:22:34 +0000 2026,https://pbs.twimg.com/profile_images/1120077988639338497/pji4kpdW_normal.jpg,0,0,1,0,23
2.05E+18,https://x.com/budiset987/status/2046934544444797403,"pak nadiem aja sampe bingung liat tuntutannya, emang keliatan janggal banget sih ini kasus chromebook,. #KawalIbam https://t.co/l6TWN3bcAL",Wed Apr 22 12:50:00 +0000 2026,https://pbs.twimg.com/profile_images/1927064009800335360/3h1kuLfI_normal.jpg,0,0,0,0,34
2.05E+18,https://x.com/oposanvoice/status/2046910934011277530,"@TomWrightAsia Pengacara Ari Yusuf Amir sebut kasus pengadaan laptop Chromebook yang menyeret Nadiem Makarim, adalah kasus gaib. Banyak narasi-narasi tuduhan, tapi semuanya tidak ada faktanya. Menurut jurnalis Tom Wright, anehnya kasus ini bisa merusak reputasi Indonesia di dunia. https://t.co/BQFDmhVrYC",Wed Apr 22 11:16:11 +0000 2026,https://pbs.twimg.com/profile_images/1893694234584027136/LXmOkpvJ_normal.jpg,2,0,4,0,713
2.05E+18,https://x.com/Giballers/status/2046883087272005950,@zanatul_91 Dimana kalimat Nadiem yg meminta untuk tim percaya Chromebook??,Wed Apr 22 09:25:31 +0000 2026,https://pbs.twimg.com/profile_images/1725464141564186624/Uqei4Cpy_normal.jpg,0,0,0,0,77
2.05E+18,https://x.com/saaamudraa/status/2046872273496543239,"Dari kasus Chromebook Nadiem cs ini tuh kepentingan politiknya apa sih guys? Beneran nanya, karena ga ngikutin dari awal hanya sekilas lihat berita aja",Wed Apr 22 08:42:33 +0000 2026,https://pbs.twimg.com/profile_images/1795489237166694400/LodWsY7C_normal.jpg,0,0,0,0,41
2.05E+18,https://x.com/NyaiiBubu/status/2046838245758308699,"Kalau Ibam mengaku tidak mengarahkan, Nadiem tidak memerintahkan, pejabat hanya mengekor aja...?
Lalu siapa yang memutuskan spesifikasi dikunci ke chromebook?
Rp 1,98 triliun tidak jatuhh sendirian.

Satu hal lagi yang menarik, di satu sisi bilang percaya hukum Indonesia. Di sisi lain minta dukungan publik, bersurat ke presiden, post di Twitter sehari sebelum pleidoi.
Kalau memang percaya hukum, biarkan pleidoi pembelaan yang bicara besok.
Sidang korupsi Chromebook belum selesai. Hakim yang akan memutuskan ntar, bukan konferensi pers atau opini publik. ð",Wed Apr 22 06:27:20 +0000 2026,https://pbs.twimg.com/profile_images/2041847597934243840/kzquStsr_normal.jpg,6,4,10,0,4566
2.05E+18,https://x.com/hope_emak/status/2046821261712707656,"Kasus Chromebook Nadiem Masuk Koran Tetangga, Mantan Bos Google Pasang Badanâ¼ï¸

Lagian kalau Google yang ngomong langsung di pengadilan mah bukan kaleng-kaleng. Masa iya perusahaan segede itu mau main belakang cuma buat urusan pengadaan laptop? Kita pantau terus deh, jangan sampai 'gorengan' politik lebih panas dari fakta hukumnya.

https://t.co/gjpenFwsaQ",Wed Apr 22 05:19:51 +0000 2026,https://pbs.twimg.com/profile_images/1995351607010344960/Nw_leGz9_normal.jpg,19,3,30,3,31796
2.05E+18,https://x.com/VeritasFacti/status/2046801863367151673,"Buktinya 2 tersangka lain (Mulyatsyah dan Sri) gak dibelain tuh sama Netizen. Yg dibela cuma Nadiem dan Ivam. Pdhal klaim netizen kan chromebook bikin hemat anggaran dll...

Kalo emg bener gitu kan belain jg dong Mul dan Sri ini.",Wed Apr 22 04:02:46 +0000 2026,https://pbs.twimg.com/profile_images/2016314435401613313/jQPwjW3r_normal.jpg,0,0,2,0,263
2.05E+18,https://x.com/_Rizmaya__/status/2046787923119645180,"Terharu dengan kesaksian langsung dari para pendidik

Dalam rangka memperingati Hari Kartini, tim hukum perempuan Nadiem Makarim mendapat kesempatan khusus duduk di kursi terdepan dalam persidangan pengadaan Chromebook. Mereka menggali kesaksian dari para guru di berbagai wilayah Indonesia, yang menegaskan dampak positif Chromebook dalam proses belajar mengajar. 

Para guru berbagi cerita mengenai dampak positif Chromebook dalam mempercepat digitalisasi pendidikan.",Wed Apr 22 03:07:23 +0000 2026,https://pbs.twimg.com/profile_images/1631128253615464453/2PGcGQNI_normal.jpg,17,2,18,0,10384
2.05E+18,https://x.com/iniAlex/status/2046785106778759486,"@03__nakula Sekali lagi saya bukan seorg pembenci, kalo Nadiem dihormati sebagai founder startup ya saya setuju, tapi kalo memang dia salah karena meng goalkan Chromebook di masa jabatan dia, ya trus mau gimana? Kacamata kuda dibela terus? Ada duid pajak disana Bosss",Wed Apr 22 02:56:11 +0000 2026,https://pbs.twimg.com/profile_images/532472183772033025/nhcB0h1I_normal.jpeg,0,0,0,0,62
2.05E+18,https://x.com/narkosun/status/2046783767499645175,"Ngeri sekaliâ¼ï¸

Ibam menolak ancaman untuk membuat pernyataan palsu yang âmengarahkan ke atasâ (menuduh Nadiem) demi melindungi diri, karena ia yakin tidak pernah ada arahan dari Nadiem tersebut dan ia hanya memberikan masukan netral sebagai konsultan. 

Dengan penuh kesadaran melalui shalat istikharah, ia memilih berpegang pada integritas dan kejujuran meski tiga minggu kemudian ia justru ditetapkan sebagai tersangka. 

Sepanjang 22 sidang dengan 57 saksi, tidak terbukti ia menerima keuntungan atau mengarahkan pengadaan Chromebook; malah terungkap masukannya dipelintir dan namanya dicatut. 

Meski demikian, Jaksa Penuntut Umum menuntutnya 15 tahun penjara plus denda Rp1 miliar dan uang pengganti Rp16,9 miliar (subsider 7,5 tahun), yang ia anggap sebagai kezaliman dan kriminalisasi yang kentara. 

Karena itu, selain akan membacakan pleidoi besok, Ibam dan istrinya memutuskan bersurat secara terbuka kepada Presiden @prabowo dan Komisi III @DPR_RI untuk memohon perlindungan hukum, sekaligus meminta dukungan masyarakat Indonesia agar tidak ada lagi intimidasi dan pengkambinghitaman terhadap pihak yang tulus ingin membantu negara.",Wed Apr 22 02:50:52 +0000 2026,https://pbs.twimg.com/profile_images/1362221852047761414/Sf0hAG6i_normal.jpg,23,6,57,2,13242
2.05E+18,https://x.com/sambudi_99/status/2046780401663070305,"@ibamarief @senogp Dg profil yg anda gambarkan bahwa anda jujur, berintegritas &amp; sangat islami itu, kenapa ketika nama anda dicatut di SK anda &amp; Nadiem tidak memprotes &amp; menolaknya? Sbg seorang konsultan utama, sewajarnya anda kan harus cari tau alasan pemilihan chromebook termasuk tahu SK nya?",Wed Apr 22 02:37:29 +0000 2026,https://pbs.twimg.com/profile_images/1368964468164546565/UUB3Njqc_normal.jpg,0,2,0,0,3566
2.05E+18,https://x.com/Ajayharrysimon/status/2046777097755181466,"@03__nakula @uzhiefreedom Itu mah opinion buzzer nadiem.. bisa loh orang bayar media buat penggiringan opini

jadi hebatnya gimana? tolong dijabarkan ð¤£

 chromebook aja perlu internet, emang di papua internet merata?

lu liat 2021-sekarang chromebook makin idup apa mati

masa jayanya udah jauh lewat",Wed Apr 22 02:24:22 +0000 2026,https://pbs.twimg.com/profile_images/2029501322748469248/ij3h2Ygk_normal.jpg,0,2,0,0,66
2.05E+18,https://x.com/moonsnim/status/2046767611774738912,"@waytoXD @angga_fzn Poinnya ada di dia ga menyarankan harus chromebook. Dia cuma konsultan buat jenis merek, spek, dll. Perkara butuh apa ga, itu urusan sama Nadiem dan harusnya kamu bahas di sidangnya Nadiem. Seorang konsultan baru masuk ketika perencanaannya ada.",Wed Apr 22 01:46:40 +0000 2026,https://pbs.twimg.com/profile_images/1746493404702519296/gIf03t8h_normal.jpg,0,1,0,0,230
2.05E+18,https://x.com/LambeSahamjja/status/2046766811463774345,"Guys, kasus korupsi Chromebook ini menyimpan satu detail yang menurut gua adalah salah satu hal paling menggelisahkan yang bisa terjadi dalam sistem hukum sebuah negara.

Ibrahim Arief mantan konsultan teknologi Kemendikbudristek dituntut 15 tahun penjara. 
Bukan 6 tahun. 
Bukan 8 tahun. 
Lima belas tahun.

Sementara dua direktur kementerian yang secara eksplisit mengakui menerima aliran uang hasil korupsi Sri Wahyuningsih dan Mulyatsyah masing-masing hanya dituntut 6 tahun.

Berhenti sebentar dan pahami itu.
Orang yang mengakui terima uang korupsi dituntut 6 tahun. 
Orang yang tidak mengakui menerima apapun dan mempertahankan bahwa dirinya tidak korupsi dituntut 15 tahun. 
Selisihnya 9 tahun. 
Dan ini bukan kebetulan angka. 
Ini adalah sinyal yang sangat jelas tentang bagaimana sistem ini bekerja.

Mulyatsyah sendiri didakwa menerima 120.000 dolar Singapura dan 150.000 dolar Amerika Serikat dan sebagian uang itu dibagikan ke beberapa pejabat kementerian lain. 
Dia terima uang,
dia akui
dia tuntutannya 6 tahun.

Ibam? 
Uang pengganti Rp16,9 miliar yang dituntutkan kepada dia pun dia bantah ada kaitannya dengan pengadaan Chromebook. 
Dia bilang itu semua uangnya sendiri dari pekerjaan lamanya di Bukalapak bukan dari korupsi. 
Tidak ada kaitan dengan Kemendikbud, tidak ada kaitan dengan Nadiem, tidak ada kaitan dengan Chromebook.

Dan di luar soal tuntutan ada pengakuan lain yang jauh lebih mengejutkan yang Ibam sampaikan sehari sebelumnya di konferensi pers.

Dia mengaku sebelum ditetapkan sebagai tersangka, ada seseorang yang menghubunginya melalui penghubung dengan pesan yang sangat jelas buat pernyataan yang mengarah ke atas. 
Kalau tidak bisa, perkara ini akan diperluas.

Ibam menolak. 
Alasannya sederhana dan sangat manusiawi kalau dia mengarang pernyataan yang tidak ada faktanya, 
itu dosa yang harus dia tanggung di akhirat.
Dia tidak mau.

Jawaban dari pihak yang mengirim pesan itu? 
Sangat pendek dan sangat dingin. 
Oke, akan kami proses.
Tiga minggu kemudian Ibrahim Arief resmi jadi tersangka.

Dan sekarang dia dituntut 15 tahun.
Coba gua tanya satu pertanyaan sederhana.

Kalau seseorang dituntut jauh lebih berat dari orang yang mengakui terima uang korupsi apa logika hukumnya? 

Biasanya dalam sistem hukum yang berfungsi, orang yang kooperatif dan mengakui mendapat keringanan. Orang yang tidak kooperatif mendapat hukuman lebih berat. 

Tapi yang kooperatif dalam konteks ini bukan kooperatif dalam arti mengaku bersalah melainkan kooperatif dalam arti menunjuk orang lain ke atas.

Dan Ibam menolak menunjuk siapapun karena katanya memang tidak ada fakta yang mengarah ke sana.

Hasilnya? Tuntutan 15 tahun.
Di sisi lain kita tahu bahwa audit BPKP terhadap harga Chromebook tidak menemukan masalah. 
Yang menjadi catatan adalah distribusinya, bukan harganya. 

Ini artinya tuduhan kerugian negara Rp2,1 triliun itu sendiri masih sangat bisa diperdebatkan tapi tuntutan sudah keluar dengan angka yang sangat besar.

Ibam sendiri bilang dia menolak tawaran gaji berkali lipat untuk bekerja di Kemendikbud karena ingin membantu negara. 
SPT pajak-nya dibongkar di muka umum. 
Gajinya dibongkar. 
Dan ternyata semuanya menunjukkan dia hidup sederhana dan bersih. 
Tapi tetap dituntut 15 tahun.

Sementara di sisi lain kita melihat apa yang terjadi di tempat lain. 
Kepala BGN santai bicara soal semir sepatu Rp1,25 miliar dan motor listrik Rp1,2 triliun untuk program makan siang anak-anak. 

Proyek IT Rp1,2 triliun yang klarifikasinya hanya berupa narasi tanpa data yang bisa diverifikasi publik. Pejabat-pejabat yang terang-terangan melakukan hal di luar protokol tanpa ada yang menjadi tersangka.

Tapi seorang konsultan yang menolak berbohong dan menolak menunjuk orang yang menurutnya tidak bersalah dituntut 15 tahun.

Gua tidak sedang bilang Ibam pasti tidak bersalah. Proses hukum harus tetap dihormati dan pengadilan yang menentukan. 

Tapi ada dua hal yang sangat perlu dijawab secara terbuka oleh pihak kejaksaan.

Pertama â apa justifikasi hukum yang membuat seorang konsultan yang tidak mengakui menerima uang apapun dituntut lebih berat dari direktur kementerian yang mengakui menerima ratusan ribu dolar?

Kedua â apakah ada penyelidikan terhadap pengakuan Ibam bahwa dia diancam dan diminta membuat pernyataan yang mengarah ke atas sebelum dijadikan tersangka?

Karena kalau dua pertanyaan itu tidak dijawab dengan serius dan transparan maka apa yang kita saksikan bukan penegakan hukum. 

Itu adalah pelajaran yang sangat mahal tentang apa yang terjadi kepada orang yang memilih jujur di negara ini. 

Dan Pancasila sila kelima yang berbunyi keadilan sosial bagi seluruh rakyat Indonesia 
mungkin untuk tidak semua rakyat
hanya rakyat yang terpilih 
kan kita tidak tau siapa yang memilih itu",Wed Apr 22 01:43:29 +0000 2026,https://pbs.twimg.com/profile_images/2021511056879972352/VHoBlZ1n_normal.jpg,525,47,1007,7,41526
2.05E+18,https://x.com/denni_sauya/status/2046761809806577795,"ð·ð¸â¼ï¸Keluarga Nadiem Makarim datangi DPR, meminta audiensi terkait kasus Chromebook Nadiem Makarim dan juga Ibrahim Arief... 

Pihak keluarga berharap wakil rakyat dapat merespons positif permohonan ini untuk meninjau kembali fakta-fakta yang telah terbuka di persidangan. https://t.co/hbcynOgYTS",Wed Apr 22 01:23:37 +0000 2026,https://pbs.twimg.com/profile_images/1649895687881113600/RROHT2fj_normal.jpg,46,7,76,1,11682
2.05E+18,https://x.com/Hendra_L10/status/2046760527456845920,@Sandika_Noor Nadiem buat kebijakan pengadaan Chromebook untuk fasilitas pendidikan aj dijerat hukum klo ini bagaimana?,Wed Apr 22 01:18:31 +0000 2026,https://pbs.twimg.com/profile_images/2035272231597768704/BuAq-2EH_normal.jpg,0,0,1,0,12
2.05E+18,https://x.com/AndaniPutr95573/status/2046718706919850492,"Belajar dari kasus chromebook.. persidangan kasus Nadiem Makarim memperlihatkan bahwa kasus chromebook seperti dipaksakan. Dokumen dan keterangan saksi hampir semua membantah tuduhan. Jika dilihat pola korupsi di Indonesia, ada beberapa model, 1) barang diadakan dg berbagai alasan, tapi pemanfaatan tdk jelas 2) barang diadakan, tapi dibawah bermain dalam proses pengadaan, 3) barang diadakan tapi atas - bawah bermain. Pada kasus ini, yang mungkin terjadi adalah kemungkinan kedua (angka ini diduga sangat tinggi di Indonesia), tuntutan  atas IBAM, makin membuktikan ada yang salah.. Menurut saya, IBAM adalah sosok anak muda yang berintegritas, cerdas, dan posisinya sebagai konsultan eksternal dituntut sebesar itu adalah anomali terbesar yang merusak keadilan.. jika ini menjadi vonis.. pertanyaan besar adalah kepada siapa kita harus mengadu di negara ini..?, saya berharap pak presiden dapat mengawal dan melihat tontonan âketidakadilanâ ini..",Tue Apr 21 22:32:20 +0000 2026,https://pbs.twimg.com/profile_images/1770853045787631616/XruVOAtU_normal.png,0,0,0,0,70
2.05E+18,https://x.com/ruhulanakgaul/status/2046584717517127774,"Nadiem dan Ibam bernasib sama. Sama-sama dikriminalisasi! Pejabat kementerian yang jelas-jelas menerima duit haram justru melenggang bebas. Justru Nadiem dan Ibam yang tak menerima sepeserpun dari Chromebook malah dipenjara.

Aku sudah bosan mempertanyakan ""kok bisa penegakan hukum di negeri ini sekacau ini?"". Aku sudah sampai di level ""Emang rezim ini udah nggak bisa diharapkan lagi!"".",Tue Apr 21 13:39:55 +0000 2026,https://pbs.twimg.com/profile_images/1962838474429714432/556PSMMS_normal.jpg,50,5,78,0,1369
2.05E+18,https://x.com/Urrangawak/status/2046517913226739728,"Tiga petinggi Google akhirnya bersaksi meski sempat ditolak jaksa. Sidang bahkan diskors 30 menit sebelum hakim memutuskan kesaksian tetap didengar.

Hasilnya ? Mereka kompak membantah tuduhan utama. Dalam dua pertemuan dengan Nadiem, ditegaskan tidak pernah ada kesepakatan soal penggunaan Chrome atau Chromebook langsung menggugurkan narasi konflik kepentingan yang dibangun jaksa.",Tue Apr 21 09:14:27 +0000 2026,https://pbs.twimg.com/profile_images/1577911986335408130/fZa7eWUh_normal.jpg,98,14,296,2,35966
2.05E+18,https://x.com/03__nakula/status/2046469300853395627,@iniAlex Proyek pengadaan Chromebook dari 2019 akhir. Nah 2020 pas Pandemi presiden Jokowi malah minta Nadiem menambah anggaran untuk pengadaan laptop Chromebook untuk mensukseskan digitalisasi pendidikan. https://t.co/zYLvLk9QPa,Tue Apr 21 06:01:17 +0000 2026,https://pbs.twimg.com/profile_images/1984255823787466752/gCya3iNN_normal.jpg,0,1,3,0,653
2.05E+18,https://x.com/iniAlex/status/2046468122010620041,"@03__nakula Dakwaan jaksa kalo memang kacau ya udah, tapi nyatanya ada kerugian negara yg timbul yg bisa kita ketahui dari info bahwa ada uang dari transaksi Chromebook yg dikembalikan oleh vendor, itu aja dasarnya, masalah nyangkut di Nadiem dengan ada dakwaan lain ya terserah",Tue Apr 21 05:56:36 +0000 2026,https://pbs.twimg.com/profile_images/532472183772033025/nhcB0h1I_normal.jpeg,0,0,0,0,44
2.05E+18,https://x.com/awesomeousme/status/2046467371955834999,"@arifraku @angga_fzn afaik dimulai dari Nadiem, as in Kejagung ""membongkar"" dugaan mega-korupsi  pengadaan Chromebook di kemendikbudristek jaman Nadiem. 
Ibam awalnya salah satu yg diperiksa. Terus entah kenapa dia justru jadi tersangka.",Tue Apr 21 05:53:37 +0000 2026,https://pbs.twimg.com/profile_images/1963077809280319491/QUySffIW_normal.jpg,0,0,1,0,1740
2.05E+18,https://x.com/deliknewsX/status/2046448320755933451,"ðŸ“¢ Video penting dari sidang kasus Chromebook.

Nadiem Makarim membela Ibam Arief (mantan CTO Bukalapak & konsultan tech Kemendikbudristek):

""Ibam adalah talenta terbaik yang rela menolak tawaran Facebook London demi mengabdi ke negara. Dia idealis, kritis, dan tak pernah terima satu rupiah pun dari proyek ini.""

Tapi kenyataannya?
Ibam (hanya konsultan tanpa kewenangan) dituntut **15 tahun penjara** + denda Rp1 miliar + uang pengganti Rp16,9 miliar (subsider +7,5 tahun penjara).

Padahal:
â€¢ Tidak ada bukti aliran dana ke Ibam
â€¢ Dia bukan pejabat negara
â€¢ Rekomendasinya untuk uji coba Chromebook justru ditolak pejabat

Sidang pembelaan 23 April 2026. Putusan tinggal hitungan hari.

Apakah ini keadilan? Atau kriminalisasi talenta muda yang mau bantu negara?

#BebaskanIbamArief #Chromebook #Keadilan",Tue Apr 21 04:37:55 +0000 2026,https://pbs.twimg.com/profile_images/2038921018207834112/cd4Z-lx4_normal.jpg,0,0,0,0,113
2.05E+18,https://x.com/denni_sauya/status/2046433761496354958,"ðŸ“·ðŸ“¸â€¼ï¸ Kisah Ibrahim Arief alias IBAM menjadi potret buram hukum negeri ini...ðŸ¥ºðŸ¥º
Dia bukan ASN dan juga bukan pejabat bersama Nadiem Makarim dikriminalisasi dalam kasus yang sama kasus chromebook. 

""Ini bukan lagi soal hukum, bukan lagi soal pemberantasan korupsi!""
""Ini soal siapa yang dikorbankan, Ini jelas kriminalisasi...!""",Tue Apr 21 03:40:04 +0000 2026,https://pbs.twimg.com/profile_images/1649895687881113600/RROHT2fj_normal.jpg,62,8,79,0,10961
2.05E+18,https://x.com/AntoniusCDN/status/2046419718337355973,"Ini konsepnya gimana sih...â“â“
JPU mengaitkan kasvs @nadiemmakarim dg @Google , eh ketika Nadiem menghadirkan para saksi dari Google malah ditolak JPU...
takut ya...â“â“
#nadiemmakarim 
#google 
#chromebook https://t.co/Vn6gxKOH1W",Tue Apr 21 02:44:16 +0000 2026,https://pbs.twimg.com/profile_images/2053034277676388352/2yjvjc5C_normal.jpg,41,17,61,2,24069
2.05E+18,https://x.com/yanghuihong/status/2046411569693872589,@Jelli_cent mas nadiem &amp; ibam ini abis nyolek siapa sih dengan program chromebook nya ini... apakah ada program dengan budget APBN yg gedee banget yg batal gara2 chromebook ini ?,Tue Apr 21 02:11:53 +0000 2026,https://pbs.twimg.com/profile_images/1121214557731430406/a9Vg-hoj_normal.jpg,0,0,1,0,170
2.05E+18,https://x.com/akuratco/status/2046408580300198038,"Tajamnya sorotan terhadap tata kelola Pengadaan Barang dan Jasa (PBJ) di lingkungan pemerintah menemukan muara konkret pada kasus korupsi pengadaan Chromebook di Kemendikbudristek.

Kasus yang merugikan negara hingga Rp2,1 triliun ini menjadi etalase sempurna bagi teori ""penggiringan opini teknis"" yang sering diperingatkan oleh para pengamat kebijakan publik.

Dalam fakta persidangan yang digelar di Pengadilan Tipikor Jakarta, sosok @ibamarief alias Ibam, yang menjabat konsultan teknologi sekaligus CTO GovTech Edu, disebut-sebut arsitek di balik terpilihnya produk Google sebagai satu-satunya sistem operasi dalam proyek digitalisasi pendidikan nasional.

Jaksa Penuntut Umum (JPU), Roy Riady, mengatakan bahwa jauh sebelum proyek dimulai secara resmi tahun 2020, Ibam diduga telah menjalin komunikasi intensif dengan pihak vendor.

Bahkan, pada April 2020, Ibam diketahui melakukan presentasi penggunaan Chromebook dalam rapat koordinasi teknis. Yang kemudian diperkuat dengan pertemuan bersama Nadiem Makarim serta perwakilan Google.

Yanuar Wijanarko, pengamat kebijakan publik, menilai pola ini adalah bentuk nyata dari penguncian spesifikasi yang menggugurkan prinsip independensi.

""Jika seorang tenaga ahli sudah disuapi spesifikasi oleh vendor sebelum kajian resmi, maka fungsi kepakarannya telah mati. Dia bukan lagi memberikan saran objektif, melainkan menjadi tenaga pemasaran terselubung,"" jelasnya, kepada wartawan di Jakarta, Senin (20/4/2026).

Selengkapnya: https://t.co/7Im53wjsFq",Tue Apr 21 02:00:00 +0000 2026,https://pbs.twimg.com/profile_images/1669536643290918914/Z2AA_TyY_normal.jpg,0,0,0,0,125
2.05E+18,https://x.com/mediaindonesia/status/2046245000841675101,"KUBU eks Mendikbudristek Nadiem Makarim menghadirkan tiga petinggi Google sebagai saksi meringankan dalam sidang dugaan korupsi pengadaan laptop berbasis Chromebook di Pengadilan Tipikor Jakarta, Senin (20/4).
https://t.co/hLIeKrBF3Y",Mon Apr 20 15:10:00 +0000 2026,https://pbs.twimg.com/profile_images/2013862868442054656/PHgXw1vG_normal.jpg,0,0,0,0,346
2.05E+18,https://x.com/oxnewbie/status/2046243820455801162,"@bingchillin489 @kucinghilang_ @lucaxyzz Google invest di gojek sebelum Nadiem jadi menteri, lalu apa  Nadiem tau bakal kepilih jadi menteri saat itu biar bisa ngasi proyek chromebook ?",Mon Apr 20 15:05:18 +0000 2026,https://pbs.twimg.com/profile_images/1918653771334529024/2CFFA4zr_normal.jpg,0,1,0,0,113
2.05E+18,https://x.com/ariefrasyad/status/2046233077098455070,"Ternyata cara BPKP ngitung kerugian negara bukan pake perbandingan harga pasar, tapi pake formula sendiri. Padahal Nadiem punya bukti kalau harga Chromebook nya lebih murah dari pasaran. Lucunya lagi, angka kerugian versi Jaksa sama BPKP nggak sinkron karena di dakwaan Jaksa ada biaya CDM yang dihitung dua kali (double).
#NadiemMakarim #SidangNadiem #Keadilan",Mon Apr 20 14:22:37 +0000 2026,https://pbs.twimg.com/profile_images/1259967383000592384/05WR9p_y_normal.jpg,8,1,9,0,10054
2.05E+18,https://x.com/Adtarie/status/2046198089132745177,Jangan lengah jg. Selain Ibam. Nadiem jg kena hukum atas perkara Chromebook ini - yg baru2 ini saksi ahli dr pihak Google ditolak JPU. Aneh,Mon Apr 20 12:03:35 +0000 2026,https://pbs.twimg.com/profile_images/2053264158536130566/weHLHGSU_normal.jpg,0,0,7,0,309
2.05E+18,https://x.com/reina_n03lla/status/2046177863225733449,"Kepanikan Jaksaâ‰ï¸
Senin Siang ini kembali digelar persidangan Kasus Chromebook Nadiem, makin aneh saja tingkah Jaksa mungkin karena panik akan terbongkar semua kebenaran dan dugaan rekayasa dalam dakwaan. Jaksa menolak 3 Saksi dari Google yang dihadirkan pihak Nadiem pada sidang hari ini, padahal saksi-saksi petingi-petinggi @Google ini ada disebut dalam dakwaan dan sekaligus saksi kunci yang bisa membuktikan bahwa tidak ada konflik kepentingan, tidak ada kolusi dan tidak ada korupsi. 
Semoga Majelis hakim tetap manggil saksi dari Google ini memberikan kesaksiannya di sidang ðŸ™",Mon Apr 20 10:43:13 +0000 2026,https://pbs.twimg.com/profile_images/1968523563159404544/5Do57-EG_normal.jpg,8,3,7,0,10258
2.05E+18,https://x.com/abu_waras/status/2046135878389784633,"Buku adalah jendela untuk memandang atas sebuah peristiwa yang sebenarnya  terjadi, dan ""Buku Dosa Besar Nadiem Makarim"" memberikan perspektif mengenai tantangan dan perlawanan yang dihadapi oleh seorang Nadiem Makarim dalam mengubah paradigma pendidikan di Indonesia, sekaligus memberikan analisis terhadap kebijakan serta berbagai tuduhan-tuduhan yang diarahkan kepada Nadiem Makarim di akhir masa jabatannya.

Buku tersebut juga membahas mengenai dugaan kriminalisasi terhadap Nadiem Makarim terkait kasus Chromebook, yang mungkin mengganggu kepentingan pihak tertentu.Â 

Semoga buku tersebut membukakan mata semua orang  bahwa kebenaran dan keadilan itu tidak akan pernah bisa dipenjarakan oleh segala tuduhan. âœï¸âš–ï¸",Mon Apr 20 07:56:23 +0000 2026,https://pbs.twimg.com/profile_images/1969550649663897602/F46dpGQ__normal.jpg,7,2,19,0,11053
2.05E+18,https://x.com/suaradotcom/status/2046133392056709599,"Jaksa menolak tiga petinggi Google sebagai saksi meringankan terdakwa Nadiem Makarim di Pengadilan Tipikor Jakarta, Senin (20/4/2026). Apa alasannya?

Baca selengkapnya: https://t.co/hzlhXC1Rza

#Nadiemmakarim #chromebook #saksi #korupsi DR",Mon Apr 20 07:46:30 +0000 2026,https://pbs.twimg.com/profile_images/1961293920660512768/q_7H04u9_normal.jpg,0,0,0,0,104
2.05E+18,https://x.com/suaradotcom/status/2046131502770246029,"Tiga petinggi Google bersaksi secara daring dari Singapura dalam sidang kasus korupsi pengadaan Chromebook mantan Mendikbudristek Nadiem Makarim

Baca selengkapnya: https://t.co/q7V7OnuYvA

#Nadiemmakarim #chromebook #saksi #korupsi DR",Mon Apr 20 07:39:00 +0000 2026,https://pbs.twimg.com/profile_images/1961293920660512768/q_7H04u9_normal.jpg,0,1,0,0,112
2.05E+18,https://x.com/David_Wijaya03/status/2046130569373954374,Nadiem Makarim Skak Mat ke Dedi Nurmawan Susilo (Auditor Muda BPKP) terkait: Perbandingan harga. Nadiem membuktikan harga beli chromebook di bawah harga pasar. BPKP menolak memakai perbandingan harga pasar. Perbedaan kerugian keuangan negara versi dakwan JPU dan versi audit BPKP https://t.co/B0jklzw9t6,Mon Apr 20 07:35:17 +0000 2026,https://pbs.twimg.com/profile_images/1293097928861470721/zzBQlUYJ_normal.jpg,8,0,9,0,10134
2.05E+18,https://x.com/kompascom/status/2046128974846415116,"Kubu Eks Mendikbudristek Nadiem Makarim menghadirkan tiga petinggi Google sebagai saksi meringankan mereka dalam kasus dugaan korupsi pengadaan laptop berbasis Chromebook.

Baca Selengkapnya di: https://t.co/XxqDlcz2F2

~AC #Nadiem #Chromebook https://t.co/y2wmLZeXP2",Mon Apr 20 07:28:57 +0000 2026,https://pbs.twimg.com/profile_images/1577144849437888514/d9x3nKN8_normal.jpg,0,0,2,0,745
2.05E+18,https://x.com/reina_n03lla/status/2046102067056628214,"Sidang Senin hari ini,  Ina Liem seorang Penulis buku dan Konsultan Pendidikan & Karir menyerahkan sebuah buku ke Pak Nadiem sebelum sidang dimulai sebagai bentuk dukungan. Buku berjudul ""Dosa Besar Nadiem Makarim"" Mengungkap kontroversi hukum serius berawal dari dugaan pengadaan Chromebook oleh Nadiem.   
Di Awali dari keresahan pergulatan batin para pemain lama yang terganggu dengan adanya digitalisasi dunia pendidikan, dengan hadirnya Nadiem dan ide digitalisasi yang bisa merubah ke tata kelola pendidikan bahkan sistem digitalisasi akan mampu menutup kebocoran anggaran pendidikan yang selama ini menjadi akar masalah pendidikan kita. 
Sangat anomali seseorang yang ingin menutup kebocoran anggaran agar tidak bisa dikorupsi malah di sidangkan dalam persidangan korupsi,  demi siapa â‰ï¸â‰ï¸",Mon Apr 20 05:42:02 +0000 2026,https://pbs.twimg.com/profile_images/1968523563159404544/5Do57-EG_normal.jpg,12,3,14,2,10336
2.05E+18,https://x.com/bingchillin489/status/2045931806839431624,"@kucinghilang_ @lucaxyzz northstar itu primary vc nya gojek
gojek development sama infra nya semua pakai google
google invest gede di gojek di 2018 
cara bayar nadiem lewat chromebook
terus gojek IPO northstar dump holding mereka terus port ke SG
kalaw nadiem gak usa didebatkan kali uda faktap kali https://t.co/wH7ELcLeWR",Sun Apr 19 18:25:28 +0000 2026,https://pbs.twimg.com/profile_images/2045675243415404544/uME4aZ8f_normal.jpg,0,4,5,1,4609
2.05E+18,https://x.com/ariefrasyad/status/2045916462347600162,"Kok bisa beda? Angka kerugian negara versi JPU dan audit BPKP ternyata selisih 600 M. Anehnya lagi, pihak Nadiem seolah 'dibuat buta' karena JPU menolak memberikan data dasar perhitungan audit tersebut. Alasannya? Tunggu saja nanti di berkas tuntutan. Transparansinya di mana?
#NadiemMakarim #Keadilan #Chromebook",Sun Apr 19 17:24:30 +0000 2026,https://pbs.twimg.com/profile_images/1259967383000592384/05WR9p_y_normal.jpg,8,0,9,0,10152
2.05E+18,https://x.com/tianglistrik_id/status/2045908917205803377,"@abulmuzaffar10 kalo nadiem ga bisa dipenjara karena merusak generasi muda lewat kurikulum, dia deserve dipenjara karena kasus korupsi chromebook

bodo amat ""dia ga bersalah"", gua mau dia dihukum",Sun Apr 19 16:54:31 +0000 2026,https://pbs.twimg.com/profile_images/1882304366289539072/RVq9HS_8_normal.jpg,0,1,1,0,257
2.05E+18,https://x.com/oposanvoice/status/2045901359220936789,"Hasil audit BPKP soal kerugian negara kasus pengadaan laptop Chromebook, aneh.  Jaksa tak mau memberikan data-data hasil pemeriksaan BPKP kepada Nadiem Makarim. Lebih aneh lagi, saksi ahli dari BPKP, juga tak membandingkan harga laptop di pasaran. Akibatnya, hakim panen protes. https://t.co/avEaLfg1aB",Sun Apr 19 16:24:29 +0000 2026,https://pbs.twimg.com/profile_images/1893694234584027136/LXmOkpvJ_normal.jpg,0,0,0,0,70
2.05E+18,https://x.com/ruhulanakgaul/status/2045855529755611203,"Bayangin lo beli Paket Kombo McD (Ayam + Nasi), terus pas ditagih, ayamnya dihitung lagi harganya secara terpisah. Ngaco!!!

Itu yang terjadi di kasus Chromebook Nadiem. Lisensi CDM dihitung 2x biar angka ""kerugiannya"" kelihatan gede.

Plot twist macam apa ini? https://t.co/jIC4ur19rW",Sun Apr 19 13:22:23 +0000 2026,https://pbs.twimg.com/profile_images/1962838474429714432/556PSMMS_normal.jpg,14,0,64,0,1342
2.05E+18,https://x.com/David_Wijaya03/status/2045803717056995638,"Ketika Nadiem Makarim Skak Mat Auditor Muda BPKP Dedi Nurmawan Susilo! Biar publik menilai bahwa auditor muda BPKP ini gelagapan dan lebih banyak diam! Salah cara prosedur audit ya?!!
#justicefornadiem 
#nadiemmakarim 
#chromebook 
#BPKP 
@neVerAl0nely___ 
@_Rizmaya__ 
@narkosun https://t.co/8pwkHQyI3Q",Sun Apr 19 09:56:29 +0000 2026,https://pbs.twimg.com/profile_images/1293097928861470721/zzBQlUYJ_normal.jpg,12,1,13,0,10266
2.05E+18,https://x.com/ekowboy2/status/2048750681247662242,"Stop menangisi & mengasihani Ibam!!

Ibrahim Arief bukan korban tapi terdakwa korupsi & Kejaksaan Agung sudah menyajikan bukti kuat. Tuntutan 15 tahun penjara + denda Rp1 M + ganti rugi Rp16,9 M sudah proporsional tidak kejam sama sekali

Fakta singkat:
Ibam masuk tim Wartek Nadiem dengan gaji Rp163 juta/bulan pakai uang negara bukan â€œpekerja sukarelaâ€

Terlibat mengarahkan proyek Chromebook yang merugikan negara Rp2,1 triliun

Tuntutan ganti rugi Rp16,9 M nyaris sama dengan nilai saham Bukalapak miliknya

Ada Jurist Tan (staf khusus Nadiem) yang minta 30% fee dan masih buron

Ibam bukan koruptor biasa dia dalang teknis yang mempengaruhi keputusan negara untuk keuntungan pribadi. Kejaksaan benar menjeratnya dengan Pasal 603 KUHP!!",Mon Apr 27 13:06:41 +0000 2026,https://pbs.twimg.com/profile_images/1006842064942690304/yUDorb4G_normal.jpg,17,15,35,3,33366
2.05E+18,https://x.com/panca66/status/2048714705125167259,"Sudut pandang lain tentang kasus Ibam.

MENGAPA KITA TAK PERLU MENANGIS UNTUK IBRAHIM ARIEF

Apakah Ibrahim Arief (Ibam) layak dikasihani? Jawaban saya: tidak!

Ia sama saja seperti terdakwa korupsi pada umumnya. Membela diri adalah haknya. Toh, ia dipegang deretan pengacara ""papan atas"" Jakarta â€” suatu kemewahan yang tak semua warga negara bisa nikmati.

Influencer berpengikut banyak sampai profesor ekonomi (yang pernah malang melintang jadi komisaris bertantiem puluhan miliar di berbagai BUMN) pun membela Ibam. Disebutnya Ibam adalah talenta digital langka yang diperlakukan tidak adil, padahal ia rela meninggalkan karier cemerlang di Facebook demi mengabdi pada negara.

Momentum narasi #kawalibam pas sebab menjelang vonis. Diharapkan masyarakat bersimpati, hakim luluh hati, dan menjatuhkan vonis ringan. Tuntutan jaksa lumayan berat: 15 tahun penjara, denda Rp1 miliar, ganti kerugian negara Rp16,9 miliar subsider 7,5 tahun penjara.

Tapi saya tak pernah peduli jumlah pengikut orang, deretan gelar dan ijazah yang dipegang, pangkat seseorang, dan sejenisnya. Tak perlu juga kita mendikte hakim. Kita hanya perlu saksama melihat isi dan konteks pendengung narasi #kawalibam.

Begini:

1. Tak seperti perkataannya di sebuah podcast â€” sambil tersedu-sedu â€” bahwa ia tidak menerima gaji di Kemendikbud dan murni bekerja demi bangsa, Ibam memang bukan PNS/ASN sehingga memang tidak digaji langsung oleh negara. Tapi pada 2 Desember 2019, Mendikbudristek Nadiem Makarim membentuk tim teknologi (Wartek) yang di dalamnya terdapat Ibam sebagai tenaga konsultan di bawah Yayasan Pusat Studi Pendidikan dan Kebijakan (PSPK) â€” Ketua Dewan Pembinanya adalah Najelaa Shihab, kakak Najwa Shihab â€” dengan gaji Rp163 juta per bulan!

2. Nadiem juga mengangkat Jurist Tan sebagai Staf Khusus Menteri (SKM) yang diberi kekuasaan atas anggaran. Dalam persidangan terungkap, Nadiem pernah berkata kepada eselon 1 dan 2 Kemendikbud bahwa kata-kata Jurist Tan sama dengan kata-katanya. Jurist Tan terungkap meminta bagian 30% dari penjualan CDM (Chrome Device Management) ke Google. Tiga puluh persen dari Rp621,3 miliar (anggaran CDM) adalah Rp186,4 miliar. Uang itulah yang diduga digunakan untuk membayar gaji tim Wartek. Satu hal lagi yang terpenting: sampai saat ini Jurist Tan buron tanpa sedikit pun sinyal niat baik menyerahkan diri. Silakan Anda nilai sendiri kelakuan macam ini.

3. Tak usah membanding-bandingkan dengan terdakwa lain yang merupakan pejabat Kemendikbud. Tidak ada kasus yang identik. Ibam dituntut berdasarkan Pasal 603 KUHP baru yang merupakan delicta communis â€” dapat dilakukan oleh siapa saja, tidak harus pejabat. Inti deliknya: memperkaya diri sendiri, orang lain, atau korporasi (di samping unsur melawan hukum dan merugikan keuangan negara atau perekonomian negara). 

Artinya, hasil korupsi tidak harus dinikmati sendiri oleh terdakwa. Ibam diyakini jaksa membuat kajian teknis yang mengacu pada produk tertentu yaitu Chromebook serta mempengaruhi para pejabat kementerian (melalui Wartek) untuk memilih Chromebook. Kerugian negara menurut BPKP Rp2,1 triliun. Apakah itu terbukti atau tidak, kita lihat saja nanti putusan hakim. Yang jelas, jangan menganggap hanya karena Ibam adalah konsultan swasta maka ia tidak mungkin melakukan korupsi yang tuntutannya lebih tinggi dari pejabat teknis.

4. Ibam dituntut membayar ganti kerugian negara Rp16,9 miliar yang dianggap jaksa merupakan hasil korupsi Chromebook. Ibam berkelit bahwa uang itu adalah hasil kepemilikan saham pendiri Bukalapak (BUKA), yang ia buktikan dengan pembayaran founders tax sebesar Rp84 juta (0,5%). Dari sini bisa dihitung: jika 0,5% = Rp84 juta, maka 100% atau nilai total saham Ibam di Bukalapak adalah sekitar Rp16,8 miliar â€” nyaris persis angka yang dituntut jaksa. Pembayaran ganti kerugian adalah pidana tambahan; dihukum tidak membayarnya bukan berarti seseorang tidak terbukti bersalah. Lagi-lagi, kita lihat saja nanti putusan hakim soal itu.",Mon Apr 27 10:43:43 +0000 2026,https://pbs.twimg.com/profile_images/1883491843905822721/lSJeoyev_normal.jpg,56,67,174,19,222752
2.05E+18,https://x.com/neVerAl0nely___/status/2045786272145551516,"Dakwaan JPU vs keterangan saksi di sidang dugaan Korupsi Chromebook 

Dakwaan JPU terhadap mantan Mendikbudristek Nadiem Makarim justru terpatahkan oleh keterangan saksi saksi dari pihak JPU itu sendiri https://t.co/Uf0z48sRaE",Sun Apr 19 08:47:10 +0000 2026,https://pbs.twimg.com/profile_images/1859487903271034880/dVbXbMJ__normal.jpg,8,0,11,1,13755
2.05E+18,https://x.com/RakyatBerbisik/status/2045322984458723415,"KRONOLOGINYA JELAS: ada perintah Presiden untuk digitalisasi pendidikanðŸ“ŒðŸ“Œ

Nadiem Makarim tidak hanya bertemu Google, tapi juga Apple dan Microsoftâ€¼ï¸â€¼ï¸

Pilihan Chromebook diambil karena lebih efisien, lebih sederhana, dan sesuai kebutuhan. Prosesnya diawasi, prosedurnya jalan, SOP dipatuhiâ€¼ï¸â€¼ï¸

Tapi sekarang justru dipelintir jadi korupsiâ€¼ï¸â€¼ï¸

Kalau semua sudah sesuai aturan dan transparan, lalu letak penyalahgunaannya di manaâ‰ï¸â‰ï¸ 

Jangan sampai kebijakan publik yang dijalankan dengan benar malah dikriminalisasiâ€¼ï¸â€¼ï¸",Sat Apr 18 02:06:14 +0000 2026,https://pbs.twimg.com/profile_images/1696530576864587776/h64No43z_normal.jpg,23,13,34,0,21093
2.05E+18,https://x.com/FaktawartaCs/status/2045198616462278792,"@ASpooner85 Curhat Nadiem Eks Mendiknas Jokowi Diduga Korupsi Pengadaan Laptop Chromebook Rugikan Negara 2,1 T Hanya Merasa Salah Dalam Komunikasi Politik dan Budaya Birokrasi
https://t.co/XpGka0rRkP",Fri Apr 17 17:52:02 +0000 2026,https://pbs.twimg.com/profile_images/1867099235700838402/a9Q3M10p_normal.jpg,0,0,0,0,6
2.05E+18,https://x.com/ahmad_bellamy/status/2045087490227458511,PH Nadiem Zahid Mushafi mengatakan Pemilihan chromebook dan kemahalan harga tidak berkorelasi. Tidak bisa kemudian karena dikatakan harga Chromebook maka Nadiem dipersalahkan karena memilih Chromebook. Penentuan harga ada pada tingkat pelaksanaan teknis Pengadaan yg didalamnya Nadiem tidak bisa intervensi. Justru selama proses pengadaan termasuk ketika mendealkan pembelian selain LKPP didampingi kejaksaan. Gak masuk akal jika mau korupsi tapi mengajak jaksa mengawasi. â€¼ï¸,Fri Apr 17 10:30:28 +0000 2026,https://pbs.twimg.com/profile_images/1827591992945340417/5NWvcGKa_normal.jpg,8,1,9,0,10312
2.04E+18,https://x.com/aswinsuharsono/status/2044977122872340618,"Kalau Nadiem masih abu-abu, tapi kalau Ibam, ini jelas jaksanya zalim.

 - Rekomendasi Ibam tidak hanya Chromebook tapi Windows juga.
- Peningkatan kekayaan didapat karena eksekusi MESOP saham Bukalapak.

Jaksanya tetep ngeyel Ibam maksa Chromebook &amp; kekayaannya dari korupsi.",Fri Apr 17 03:11:54 +0000 2026,https://pbs.twimg.com/profile_images/1963203908660273152/kxvk_mpn_normal.jpg,0,0,1,0,206
2.04E+18,https://x.com/sugarcroffle/status/2044942079542153655,"Lagi rame dibahas di forum luar nih guys soal Ibam, tentang pengadaan chromebook yang dianggap korupsi. yang bikin Indonesia jelek di mata Investor tech global

menurut beliau

jadi si Ibam engineer top Indonesia yang pernah kerja di tech unicorn.
Dia rela potong gaji 50% demi bantu pemerintah tingkatkan pendidikan lewat teknologi. 

Sekarang dia ditahan pake gelang elektronik, menghadapi tuduhan korupsi yang banyak orang anggap sangat **politis**.

Kasusnya: Saat jadi konsultan di Kemendikbud era Nadiem Makarim, dia terlibat proyek pembelian Google Chromebook untuk sekolah.

 Jaksa tuduh ini quid pro quo supaya Google investasi $60 juta ke GoJek.

 Tapi bukti timeline nggak cocok, motifnya lemah, dan Google sendiri malah bantah keras tuduhan itu. 

Kasus ini bikin citra Indonesia jelek di mata investor tech global. Ibam yang punya masalah jantung cuma boleh city arrest di Jakarta. 

Apakah ini penegakan hukum, atau politik hukum?",Fri Apr 17 00:52:39 +0000 2026,https://pbs.twimg.com/profile_images/1968279845114429440/7pwU8WK0_normal.jpg,1,0,1,0,223
2.04E+18,https://x.com/kompascom/status/2044906583046652001,"""Memang hal yang mengagetkan, terutama tuntutan yang diberikan ke saya adalah 15 tahun. Ini bahkan lebih tinggi dibandingkan direktur-direktur pejabat yang mengakui ada aliran dana,â€ ujar Ibrahim.

Baca selengkapnya: https://t.co/AzWkUI8gFS

~SN #korupsi #chromebook #nadiem https://t.co/qGZn4cjkWi",Thu Apr 16 22:31:36 +0000 2026,https://pbs.twimg.com/profile_images/1577144849437888514/d9x3nKN8_normal.jpg,7,1,13,0,2042
2.04E+18,https://x.com/reina_n03lla/status/2044719695732129965,"Pemilihan chromebook dan kemahalan harga tidak berkorelasi. Proses pengadaan didampingi kejaksaan. Gak masuk akal jika mau korupsi tapi mengajak jaksa mengawasi, sepenggal pernyataan dari Zahid Mushafi ini memang membuat kita berfikir keras dalam kasus ini. 
Kerugian negara yang timbul dari kemahalan harga, ada pada tingkatan teknis pengadaan. Dimana sesuai prosedur yang melakukan adalah tim panitia pengadaannya, dan disitu juga ada sebagai pengawas tim dari kejaksaan Agung  juga LKPP ketika dilakukan deal penetapan harga. Terus sekarang Jaksa koar-koar bilang kemahalan. Gak masuk akal banget kanâ‰ï¸â‰ï¸Dan menetapkan Nadiem sebagai terdakwanya, waras gak â‰ï¸",Thu Apr 16 10:08:59 +0000 2026,https://pbs.twimg.com/profile_images/1968523563159404544/5Do57-EG_normal.jpg,7,4,9,1,10259
2.04E+18,https://x.com/Anak__Ogi/status/2044602570589831392,"Dari awal kasus ini memang ga masuk akal.
Wa group yg katanya mens rea ternyata ga masuk Dakwaan.
Pengadaan diawasi jaksa.
Harga di e-katalog ditentukan LKPP.
Kerugian negara baru dihitung skrng dan ternyata direkayasa.
Hukum asu.ðŸ’©

Pengacara Nadiem; Pemilihan chromebook dan kemahalan harga tidak berkorelasi. Proses pengadaan didampingi kejaksaan. Gak masuk akal jika mau korupsi tapi mengajak jaksa mengawasi.",Thu Apr 16 02:23:34 +0000 2026,https://pbs.twimg.com/profile_images/1490856272547115013/BbFvGiuq_normal.jpg,13,4,17,1,12694
2.04E+18,https://x.com/ariefrasyad/status/2044452637643517957,"Peter Gontha tegaskan harus ada keberanian moral bebaskan Nadiem karena dakwaan terbukti keliru. Zaid Mushafi menilai JPU harusnya berani tuntut bebas demi marwah Kejaksaan, jangan sampe publik bertindak sendiri. Kasus ini cermin pemberantasan korupsi yang salah arah dan dipaksakan.
#NadiemMakarim #Keadilan #Chromebook",Wed Apr 15 16:27:47 +0000 2026,https://pbs.twimg.com/profile_images/1259967383000592384/05WR9p_y_normal.jpg,8,0,10,0,300
2.04E+18,https://x.com/ariefrasyad/status/2044444029094694958,"Zaid Mushafi tegas: pilihan Chromebook dan harga nggak ada urusan korupsi. Pengadaannya pun didampingi Kejaksaa. Masa mau korupsi malah ngajak Jaksa? Lewat e-katalog, kalau kemahalan ya tinggal setor balik ke negara, bukan dipidana. Peter Gontha ikut kecewa: Nadiem dikriminalisasi tanpa bukti uang maupun niat jahat. Ini bikin anak muda takut berkontribusi di pemerintah karena risiko hukum yang dipaksakan.
#NadiemMakarim #Keadilan #Chromebook",Wed Apr 15 15:53:35 +0000 2026,https://pbs.twimg.com/profile_images/1259967383000592384/05WR9p_y_normal.jpg,10,1,12,0,10215
2.04E+18,https://x.com/RadioElshinta/status/2044015312052330584,"Memasuki sidang lanjutan perkara dugaan korupsi pengadaan Chromebook, mantan Menteri Pendidikan, Kebudayaan, Riset, dan Teknologi, Nadiem Anwar Makarim menyampaikan permintaan maaf melalui kuasa hukumnya.

Dalam persidangan yang menghadirkan dua saksi meringankan (a de charge), pihak kuasa hukum menyebut sejumlah keterangan yang muncul dinilai berbeda dengan versi yang disampaikan jaksa, Selasa (14/4). ðŸŽ¥Sur

#Chromebook #NadiemMakarim #korupsi",Tue Apr 14 11:30:01 +0000 2026,https://pbs.twimg.com/profile_images/2022523565892071424/x-uCJu3L_normal.jpg,1,0,2,0,1379
2.04E+18,https://x.com/03__nakula/status/2043991405585141859,"Budaya Birokrasi kita adalah Korupsi.

Keberanian Nadiem Makariem menggeser orangÂ² lama yang sudah nyaman dengan posisinya dengan memasukkan orangÂ² baru yang masih muda, kompetitif dan inovatif membuat dia jadi tersangka.

Apalagi Nadiem Makariem berani menolak Windows yang diusulkan Jaksa dan lebih memilih Chromebook yang lebih murah, ini kesalahan besar Nadiem yang harus dibayar dengan dinginnya sel tahanan.",Tue Apr 14 09:55:01 +0000 2026,https://pbs.twimg.com/profile_images/1984255823787466752/gCya3iNN_normal.jpg,20,8,49,1,1542
2.04E+18,https://x.com/neVerAl0nely___/status/2043976476899586549,"Jakarta- Sidang kasus dugaan korupsi chromebook Selasa 14 April 2026 di pengadilan Tipikor Jakarta

Setelah semua saksi dari pihak JPU dihadirkan di persidangan dengan kesaksian yang seharusnya memberatkan Nadiem, namun hasil berkata lain kesaksian pihak JPU justru membuka semua kebenaran
Dakwaan dakwaan  JPU justru terpatahkan dari kesaksian para saksi pihak JPU itu sendiri",Tue Apr 14 08:55:41 +0000 2026,https://pbs.twimg.com/profile_images/1859487903271034880/dVbXbMJ__normal.jpg,9,2,29,0,12576
2.04E+18,https://x.com/LambeSahamjja/status/2043906581612642441,"Guys, Ini Bukan Kasus Kecilâ€¦ 
Rp2 Triliun Disebut Hasil Rekayasa? 
Serem Banget
Kasus yang menyeret Nadiem Anwar Makarim 
makin panas dan makin bikin publik geleng kepala.

Di persidangan
Nadiem secara terang-terangan bilang:
angka kerugian negara Rp2 triliun 
itu hasil rekayasa
Lohâ€¦ kok bisa?

Kronologi Singkat
Kasus ini terkait proyek:
- Pengadaan laptop Chromebook + CDM
- Program digitalisasi pendidikan
- Tahun 2019â€“2022

Jaksa menuduh:
- Ada penyimpangan dalam pengadaan
- Barang dianggap tidak sesuai kebutuhan
- Bahkan ada yang dinilai tidak bermanfaat
- Total kerugian negara yang dituduhkan:
- Rp2,18 TRILIUN

Di sidang, 
Nadiem bongkar satu hal krusial:
Auditor dari Badan Pengawasan Keuangan dan Pembangunan (BPKP)
NGGAK membandingkan harga laptop dengan harga pasar.
Bayangin yaâ€¦

Lu mau bilang suatu barang â€œkemahalanâ€
TAPI
- nggak dibandingin sama harga pasar

Ini yang bikin Nadiem bilang:
Ini bukan kerugian nyata
ini asumsi.

-Dugaan Rekayasa Angka
Yang lebih bikin merinding:
BPKP pakai asumsi margin sendiri
Menentukan harga â€œwajarâ€ Chromebook di angka Rp4,3 juta

Padahal menurut Nadiem:
- angka itu nggak ada di pasar
- nggak berdasarkan survei nyata

Artinya?
Angka kerugian bisa jadi dibentuk
bukan hasil perhitungan riil.

Dari sisi Jaksa Penuntut Umum:
Nadiem diduga terlibat bersama beberapa pihak lain
Termasuk nama seperti:
Ibam
Mulyatsyah
Sri Wahyuningsih
dan eks staf khusus Jurist Tan (masih buron)

Rincian kerugian:
Rp1,56 triliun â†’ program digitalisasi
Rp621 miliar â†’ CDM yang dianggap tidak perlu

Bahkan:
Nadiem dituduh menerima Rp809 miliar

Ini bukan sekadar soal korupsi biasaâ€¦
Tapi ada 2 kemungkinan besar:

Kalau tuduhan benar â†’ kerugian negara GILA BESAR
Kalau pembelaan benar â†’ angka kerugian bisa dimainkan

Dua-duanya sama-sama ngeri.

Intinya Apa?

Kasus ini lagi buka fakta penting:
Menentukan â€œkerugian negaraâ€ itu nggak sesimpel angka di atas kertas.

Harus ada:
Perbandingan harga pasar
Metodologi yang jelas
Data yang bisa dipertanggungjawabkan

Kalau nggak?
Bisa jadi alat untuk â€œmenjatuhkanâ€ atau â€œmembenarkanâ€ sesuatu.

Ini bukan cuma soal satu orang.
Ini soal sistem
transparansi
dan kepercayaan publik.
Karena kalau angka triliunan aja bisa diperdebatkan:
yang kita lihat itu faktaâ€¦ atau narasi?

Kalau menurut lo:
Ini murni korupsi?
Atau ada yang â€œanehâ€ dalam perhitungannya?",Tue Apr 14 04:17:57 +0000 2026,https://pbs.twimg.com/profile_images/2021511056879972352/VHoBlZ1n_normal.jpg,1,1,19,0,2960
2.04E+18,https://x.com/pembatai/status/2043680768116011168,"â€œProgram Chromebook digadang-gadang untuk masa depan. Tapi hari ini, yang tersisa hanya pertanyaan: Nadiem Makarim ke mana sebenarnya arah anggaran itu? Teryata di korupsiâ€ #TransparansiMedisNadiem #KeadilanUntukPendidikan #HukumBukanPrivilese #Kejaksaan https://t.co/RAa5xjkUUQ",Mon Apr 13 13:20:39 +0000 2026,https://pbs.twimg.com/profile_images/1716493799139258368/c0CCKhhH_normal.jpg,0,0,0,0,19
2.04E+18,https://x.com/kompascom/status/2043605675713106031,"Dedy Nurmawan Susilo mengatakan, harga wajar untuk satu unit laptop Chromebook adalah Rp 3,67 juta. Hal ini Dedy sampaikan ketika dihadirkan dalam sidang lanjutan kasus dugaan korupsi pengadaan laptop Chromebook untuk terdakwa eks Menteri Pendidikan, Kebudayaan, Riset, dan Teknologi Nadiem Makarim. 

Baca Selengkapnya di: https://t.co/AN3Tu1X3Mh

~AC #Sidang #Nadiem #Chromebook",Mon Apr 13 08:22:16 +0000 2026,https://pbs.twimg.com/profile_images/1577144849437888514/d9x3nKN8_normal.jpg,1,0,0,0,807
2.04E+18,https://x.com/_Rizmaya__/status/2043591007766516200,"Pemilihan Chromebook sudah melalui kajian mendalam dari sisi fungsionalitas pendidikan dan harga yang kompetitif pada masanya.Â Sangat kontradiktif mengenai tuduhan kemahalan harga dalam kasus pengadaan laptop Chromebook yang menyeret Nadiem Makarim.

Anehnya  kasus dugaan korupsi ini langsung mengarah pada penahanan.",Mon Apr 13 07:23:58 +0000 2026,https://pbs.twimg.com/profile_images/1631128253615464453/2PGcGQNI_normal.jpg,16,4,18,0,10391
2.04E+18,https://x.com/_Rizmaya__/status/2043195645264310560,"Terungkap!
Persidangan kasus dugaan korupsi pengadaan laptop Chromebook mengungkap bahwa klaim kerugian negara Rp2,1 triliun yang ditujukan kepada Nadiem Makarim dinilai tidak valid. Saksi ahli dan fakta persidangan menunjukkan Nadiem tidak terlibat langsung dalam teknis, kajian, dan penentuan harga. Dakwaan dianggap lemah karena hitungan kerugian negara dibantah oleh keterangan LKPP.

Bebasss donk!",Sun Apr 12 05:12:57 +0000 2026,https://pbs.twimg.com/profile_images/1631128253615464453/2PGcGQNI_normal.jpg,25,10,28,1,10876
2.04E+18,https://x.com/neVerAl0nely___/status/2043165244105924931,"Majelis hakim sidang kasus dugaan korupsi pengadaan laptop Chromebook dan Chrome Device Management (CDM) mempertimbangkan untuk mengalihkan status tahanan dari terdakwa eks Mendikbudristek Nadiem Makarim. 

Majelis hakim akan mempelajari permohonan kubu Nadiem untuk mengalihkan status tahanannya.
""Tadi yang saudara advokat atau terdakwa ajukan, permohonan penangguhan atau pengalihan ya. Majelis hakim sudah berdiskusi ya, dan mempelajari permohonan saudara,"" kata Hakim Ketua Purwanto S Abdullah usai sidang, Senin (6/4/2026).

selengkapnyaÂ 
https://t.co/pjqO7voNOJ.",Sun Apr 12 03:12:09 +0000 2026,https://pbs.twimg.com/profile_images/1859487903271034880/dVbXbMJ__normal.jpg,10,2,12,0,2481
2.04E+18,https://x.com/adnbwta/status/2042585961280999689,"@LambeSahamjja Kok bisa Nadiem jadi tersangka kasus korupsi pengadaan Chromebook padahal anggaran jelas, urgency jelas, sasaran tepat.",Fri Apr 10 12:50:17 +0000 2026,https://pbs.twimg.com/profile_images/1963079907665444865/rj7JXVg9_normal.jpg,0,0,0,0,147
2.04E+18,https://x.com/reina_n03lla/status/2042104281663406123,"Apa Jaksa sudah Kebelet ingin menjadikan Nadiem jadi terpidanaâ‰ï¸tapi mereka lupa fakta persidangan tidak bisa ditutupi. Seperti halnya proses pengadaan Chromebook yang di kasuskan ini, terkuak dalam persidangan bahwa Sudah sesuai Prosedur dan aturan, tidak ada intervensi Nadiem semua oleh panitia pelaksanaan, sudah melalui audit kepatuhan BPKP, lalu sekarang mau dibelokkan oleh Jaksa ada upaya korupsi?? Memang benar apa yang dikatakan Prof Mahfud,  lebih banyak kontroversi dalam kasus Nadiemâ€¼ï¸",Thu Apr 09 04:56:15 +0000 2026,https://pbs.twimg.com/profile_images/1968523563159404544/5Do57-EG_normal.jpg,12,4,15,1,19691
2.04E+18,https://x.com/neVerAl0nely___/status/2041072918038495397,"Lanjutan sidang kasus dugaan korupsi pengadaan chromebook

Pada sidang hari ini senin 06.04.26 saksi ahli IT dari JPU justru menguntungkan pihak Nadiem Makarim, dalam keterangannya di depan persidangan saksi Ahli IT ini tidak paham dengan fitur CDM 

 Fitur CDM ini digunakan seperti keterangan dari saksi Ibrahim bahwa tanpa CDM akan terjadi kecurangan massal dalam assessment Nasional

*Chrome Device ManagementÂ (CDM) adalahÂ lisensi berbasisÂ cloudÂ dari Google untuk Chromebook, yang memungkinkan admin IT sekolah mengatur perangkat secara massal, memblokir situs, dan memonitor penggunaan jarak jauh. CDM penting untukÂ enrollmentÂ (pendaftaran) Chromebook agar terkunci pada domain pendidikan, meningkatkan keamanan, dan mendukung sistem operasi Chrome OS.",Mon Apr 06 08:37:59 +0000 2026,https://pbs.twimg.com/profile_images/1859487903271034880/dVbXbMJ__normal.jpg,11,5,22,1,6565
2.04E+18,https://x.com/neVerAl0nely___/status/2040676617861869580,"Dalam kasus dugaan korupsi pengadaan chromebook tidak pernah ada audit dari BPK, jadi landasan JPU dalam menentukan adanya m
Kerugian negara di kasus yang menjerat ex Mendikbudristek Nadiem Makarim lemah atau bahkan tidak memenuhi 

Dan Fakta di persidangan Nadiem tidak ditemukan adanya kerugian negara  https://t.co/q0mh7Vli6gâ€¦",Sun Apr 05 06:23:14 +0000 2026,https://pbs.twimg.com/profile_images/1859487903271034880/dVbXbMJ__normal.jpg,8,0,16,1,12240
2.04E+18,https://x.com/abu_waras/status/2040248374491058574,"Penanganan Kasus Chromebook sudah mengabaikan hak2 terdakwa, dimana sejak awal Nadiem dituduh melakukan korupsi sampai triliunan lalu diturunkan lagi jadi ratusan miliar tanpa ada dasar hitungan kerugian Negara dari BPKP!.

Jika proses hukum asal maen tuduh tanpa dasar yang jelas, maka namanya bukan penegakan hukum, tapi cari kambing hitam. Iya engga sih â“ðŸ¤”",Sat Apr 04 02:01:33 +0000 2026,https://pbs.twimg.com/profile_images/1969550649663897602/F46dpGQ__normal.jpg,23,4,47,0,11442
2.04E+18,https://x.com/mediaindonesia/status/2040198911416221705,"AUDITOR Badan Pengawasan Keuangan dan Pembangunan (BPKP) Dedy Nurmawan Susilo menyebut negara telah merugi secara nyata sebesar Rp1,5 triliun pada kasus korupsi pengadaan Chromebook yang menyeret eks Mendikbudristek Nadiem Makarim. https://t.co/oalItP7DRQ",Fri Apr 03 22:45:00 +0000 2026,https://pbs.twimg.com/profile_images/2013862868442054656/PHgXw1vG_normal.jpg,2,0,3,0,374
2.04E+18,https://x.com/ariefrasyad/status/2039980467366342861,"01 - Banyaknya orang gak bersalah dikriminalisasi sebut aja kasus Tom Lembong, Ira Puspadewi, dan Nadiem Makarim. Ini jelas tren penegakan hukum yang menyimpang, dari kriminalisasi hingga pengawasan yang berlebihan. 

02- Sidang maraton sampe  malem, kayak kasus Nadiem, jelas mencederai keadilan. Justice delayed is justice denied,  penegakan hukum harus tetep murni demi kebenara, bukan sekadar alat politik buat jatohin  lawan ato ngabain hak dasar seseorang.

03 - Penegakan hukum kita di level mengkhawatirkan. Bayangin, pasal saat penahanan beda sama dakwaan di persidangan. Ini penyimpangan hukum acara yg nyata. Keadilan mustahil tegak kalo prosesnya cacat. 

04 - Lucu ngelihat kasus Nadiem sekarang. Padahal Jaksa Agung dan Kapolri dulu rekan satu kabinet, dan waktu gak pernah ada isu korupsi. Kasus baru muncul setelah mereka pisah jalan. Apakah ini murni penegakan hukum ato sekadar dinamika politik? Apakah semangat reformasi kita sedang diuji? 

Narsum: Hamid Basaid, Feri Amsari
#NadiemMakarim #Chromebook #KriminalisasiKebijakan  #HukumIndonesia",Fri Apr 03 08:16:59 +0000 2026,https://pbs.twimg.com/profile_images/1259967383000592384/05WR9p_y_normal.jpg,8,0,12,0,10332
2.04E+18,https://x.com/abu_waras/status/2039856777387536532,"Jadi gini, diawal2 kasus Chromebook, Nadiem dituduh punya ""mens rea"" dengan disebarkan tuduhan membuat Group WA sebagai awal persekongkolan tindakan korupsi di pengadaan Chromebook. Seiring waktu ternyata di dakwaan tuduhan itu tidak ada, begitu juga tidak ada bukti selama proses persidangan. 

Pertanyaannya : bukankah dengan melemparkan tuduhan jahat dan fitnahan yang keji seperti itu bisa menjadi presiden buruk dalam penegakan hukum di Indonesia? ðŸ¤”âš–ï¸",Fri Apr 03 00:05:29 +0000 2026,https://pbs.twimg.com/profile_images/1969550649663897602/F46dpGQ__normal.jpg,17,4,39,0,11592
2.04E+18,https://x.com/NusBhisma/status/2039768212582396326,"Nadiem Makarim ungkap saksi bantah tuduhan korupsi Chromebook. Bukti lemah, banyak inkonsistensi. Bebaskan beliau, kembalikan reputasi pendiri Gojek! #BebasNadiem #NadiemMakarim #KorupsiPendidikan",Thu Apr 02 18:13:33 +0000 2026,https://pbs.twimg.com/profile_images/1811146681095753728/c4nc1sau_normal.jpg,0,0,2,0,55
2.04E+18,https://x.com/reina_n03lla/status/2039630024370979197,"Nah ini sangat aneh, tujuan melibatkan institusi Kejaksaan Agung dan BPKP dalam proses pengadaan Chromebook dari awal hingga akhir adalah untuk pendampingan hukum, pengawasan akuntabilitas guna mencegah tindak pidana korupsi. Jadi wajar kalo Nadiem sangat kecewa seolah tidak berguna melibatkan mereka ðŸ‘Ž, karena masih saja ada tuduhan terhadap dirinya. Apalagi dalam persidangan terbukti tidak ada kerugian negara, tidak ada kemahalan harga, tapi kenapa kejaksaan justru menuduh sebaliknya, dan BPKP seolah melegitimasi ada kerugian negara. SUNGGUH DILUAR NALAR â€¼ï¸ Wajar kalo Nadiem berharap benar Komisi III DPR memberi banyak perhatian pada kasus2 janggal seperti ini, dan melakukan pengawasan terhadap lembaga penegak hukum.",Thu Apr 02 09:04:26 +0000 2026,https://pbs.twimg.com/profile_images/1968523563159404544/5Do57-EG_normal.jpg,21,7,46,0,22083
2.04E+18,https://x.com/CakKhum/status/2039192473667596521,"Dulu Kawan Se-Meja, Kini Jadi Perkara: Ironi Kasus Nadiem di Mata Mantan Rekan Kabinet

Kasus Chromebook ini bahkan lucu di titik tertentu. Dulu dianggap tidak korupsi, tapi tiba-tiba setelah pisah jalan jadi pidana.â€

Sebuah refleksi tajam soal kejanggalan waktu dalam kasus Nadiem Makarim",Wed Apr 01 04:05:46 +0000 2026,https://pbs.twimg.com/profile_images/1689200361322713088/sl4kOQKv_normal.jpg,22,3,47,0,11670
2.04E+18,https://x.com/neVerAl0nely___/status/2039176946727498158,"Ada kasus Amsal Sitepu yang penuh dengan kelucuan atas dakwaan yang dikenakan oleh Jaksa 

Yang tak kalah lucu lagi ada kasus pengadaan Chromebook yang menjerat Nadiem Makarim 
Kenapa lucu? 

Kasus Nadiem adalah kasus yang lucu karena Jaksa Agung dan Kapolri hari ini adalah orang yang duduk bersama Nadiem di kabinet sebelumnya. Dulu tidak pernah ada issue mengenai korupsi. Kasus ini baru ada ketika Nadiem dan mereka sudah pisah jalan

Belum lagi kalau kalian ingat kasus Tom Lembong dan ASDP",Wed Apr 01 03:04:04 +0000 2026,https://pbs.twimg.com/profile_images/1859487903271034880/dVbXbMJ__normal.jpg,56,6,151,1,28799
2.04E+18,https://x.com/03__nakula/status/2039158943428317230,"Kalo menurut saya yang paling gak masuk akal ya dari pihak Kejaksaan.
Nadiem sudah melibatkan Kejaksaan sebagai lembaga pengawas pengadaan Chromebook untuk mencegah terjadinya korupsi. Selama proses pengadaan Chromebook berjalan Kejaksaan tidak menemukan indikasi korupsi. Malah Kejaksaan mengusulkan agar Kemendikbudristek era Nadiem menggunakan Windows.
Bahkan audit BPKP tahun 2021 menyatakan tidak ada kerugian negara.
Lalu ujugÂ² muncul audit BPKP yang baru yang menyatakan ada kerugian negara dan audit tersebut atas permintaan Kejaksaan.

Wajar jika ada yang berpikir kasus ini muncul karena Kemendikbudristek tidak mau menggunakan Windows usulan Jaksa.",Wed Apr 01 01:52:32 +0000 2026,https://pbs.twimg.com/profile_images/1984255823787466752/gCya3iNN_normal.jpg,26,6,62,1,42662
2.04E+18,https://x.com/abu_waras/status/2038856602074456382,"Ferry Amsari menyoroti kasus Nadiem ini adalah kasus yang lucu karena Jaksa Agung dan Kapolri saat ini adalah orang yang duduk bareng Nadiem di kabinet yang sama sebelumnya, yang mana pada saat itu tidak pernah ada mencuit  issue mengenai korupsi di Pengadaan Chromebook ini.

Yang mengherankan, kenapa kasus ini justru  baru ada ketika Nadiem dan mereka sudah pisah jalan â“ðŸ«£",Tue Mar 31 05:51:08 +0000 2026,https://pbs.twimg.com/profile_images/1969550649663897602/F46dpGQ__normal.jpg,182,11,596,1,44787
2.04E+18,https://x.com/RakyatBerbisik/status/2038811148913619125,@Naandaa27 Padahal fakta persidangan semua saksi mengatakan Nadiem tidak korupsi tidak ada kemahalan harga chromebook,Tue Mar 31 02:50:31 +0000 2026,https://pbs.twimg.com/profile_images/1696530576864587776/h64No43z_normal.jpg,0,0,1,0,29
2.04E+18,https://x.com/Parlecoid/status/2038499630586249610,"Nadiem Makarim kembali jalani sidang kasus korupsi Chromebook senilai Rp2,18 triliun usai operasi keempat. Simak detail dakwaan dan kondisi terbarunya di sini.https://t.co/HAOcciExcv via @Parle COID https://t.co/XAtGVxiZzF",Mon Mar 30 06:12:40 +0000 2026,https://pbs.twimg.com/profile_images/1859724078661369857/Dmkh513Z_normal.png,0,0,0,0,59
2.04E+18,https://x.com/antaranews/status/2038499281557229864,"Nadiem Anwar Makarim kembali menjalani sidang kasus dugaan korupsi pengadaan laptop Chromebook dalam program digitalisasi pendidikan di Kemendikbudristek, usai tindakan operasi keempat karena penyakit yang dideritanya.

""Sekitar enam hari lalu saya mengalami tindakan operasi keempat dan ternyata ada kemunduran berarti harus mengulang lagi dari awal,"" kata Nadiem.

ðŸ”½ðŸ”½ðŸ”½
Baca selengkapnya: https://t.co/AXWWnnp4N0",Mon Mar 30 06:11:16 +0000 2026,https://pbs.twimg.com/profile_images/1193345348573396992/Cd3dfZfq_normal.jpg,0,1,1,0,742
2.03E+18,https://x.com/neVerAl0nely___/status/2033763556513202525,Penjelasan Nadiem ke JPU soal narasi menggantikan orang ( Kemendikbudristek ) dengan software saat didepan persidangan kasus dugaan korupsi chromebook https://t.co/Lzi4pKa723,Tue Mar 17 04:33:12 +0000 2026,https://pbs.twimg.com/profile_images/1859487903271034880/dVbXbMJ__normal.jpg,7,0,7,0,1303
2.03E+18,https://x.com/narkosun/status/2033487835299508243,"â€œKebenaran akan terungkapâ€, Nadiem Makarim. 

Dan memang, dari persidangan ke persidangan, fakta-fakta semakin membuktikan bahwa Nadiem tidak bersalah dalam kasus dugaan korupsi pengadaan laptop Chromebook di Kemendikbudristek.

Berikut poin-poin kunci yang terungkap di sidang (termasuk saksi meringankan dari principal/vendor, mantan pejabat Kemendikbud, dan GoTo):

âœ… Pengadaan laptop bukan kewenangan langsung Menteri
Nadiem tidak punya wewenang intervensi merek atau harga spesifik; keputusan teknis ada di tim teknis dan KPA (Kuasa Pengguna Anggaran), serta dibahas secara terbuka dengan mempertimbangkan risiko dan alternatif perangkat lain (saksi dari tim teknis & eks stafsus).

âœ… Para saksi justru meringankan Nadiem.
Saksi dari GoTo tegaskan transaksi Rp809 miliar dari PT AKAB (entitas terkait Google) ke PT Gojek Indonesia adalah transaksi korporasi murni (penerbitan saham baru + pelunasan utang), bukan aliran ke pribadi Nadiemâ€”malah menyebabkan dilusi saham lama hingga kepemilikan Nadiem tinggal ~0,01%. Tidak ada dokumen transfer pribadi, dan transaksi tak terkait pengadaan Chromebook.

âœ… Tidak ada kemahalan harga; survei pasar & saksi distributor membuktikan harga wajar.
Harga pengadaan Chromebook (sekitar Rp5â€”7juta per unit termasuk CDM) sesuai pasar riil. Saksi principal/vendor sebut harga wajar BPKP Rp4,3 juta â€œtidak masuk akalâ€ dan â€œharga rugiâ€ karena tak cover margin rantai distribusi. Nadiem tekankan hitungan BPKP asumtif & janggal, bukan berdasarkan harga riil/invoice yang diserahkan saksi.

âœ… Tak ada kemahalan berarti tak ada kerugian negara.
Ini inti dakwaan jaksa (Rp2,1 triliun). Saksi distributor & principal konsisten: harga pengadaan berada di batas bawah atau wajar, bahkan 85% perangkat masih aktif digunakan hingga 2025 (data last login). Kuasa hukum Nadiem sebut â€œkerugian negara hanya narasiâ€ karena tak terbukti secara faktual.

âœ… Hal lucu lain: jaksa salah interpretasi SPT pajak.
Nadiem klarifikasi lonjakan nilai di SPT bukan dari proyek Chromebook, tapi dari mekanisme korporasi/ESOP & investasi lama; jaksa disebut salah interpretasi dokumen pajak.

Semoga persidangan terus berjalan adil, dan Nadiem bisa dibebaskan karena fakta-fakta sidang semakin kuat membuktikan dirinya TIDAK BERSALAH.",Mon Mar 16 10:17:34 +0000 2026,https://pbs.twimg.com/profile_images/1362221852047761414/Sf0hAG6i_normal.jpg,12,1,32,3,907
2.03E+18,https://x.com/ferrykoto/status/2033485727485616353,"Hahaha, makanya @ahmad_bellamy ini lho sok keras. Dan bandarnya yo bahlul, arek seperti itu koq dibayari. ðŸ¤£

Dulu sy menganalisa kasus Nadiem itu berbasis pengetahuan hukum dan fakta regulasi yg ada soal pengadaan. 

Bukan membela, tapi di sisi tinjauan akademis ya mestinya tak ada korupsi di sana. Wong pengadaan chromebook itu sampai sekarang masih berjalan, tak ada yg hentikan.

Tapi aku kan cuma pendapat. eeee tiba2 ada yg tawari.... asu tenan. Belum tahu apa nilai porto ku di bursa hanya di bawah Om Happy. Berani2 nya nawari saya ngebuzzer  ðŸ¤£",Mon Mar 16 10:09:12 +0000 2026,https://pbs.twimg.com/profile_images/2018713206215323648/y_n7MFSK_normal.jpg,1,1,3,0,887
2.03E+18,https://x.com/oposanvoice/status/2033286509366001781,"IBU NADIEM MAKARIM YAKIN SEJUTA PERSEN ANAKNYA TAK KORUPSI

Ibu kandung Nadiem Makarim, Atika Algadri, sangat yakin sejuta persen, Nadiem Makarim tidak korupsi. Hal itu dipaparkan Atika Algadri, saat berdialog dalam podcast terkait proses hukum kasus pengadaan laptop chromebook. https://t.co/T6KRpeP997",Sun Mar 15 20:57:35 +0000 2026,https://pbs.twimg.com/profile_images/1893694234584027136/LXmOkpvJ_normal.jpg,0,0,2,0,78
2.03E+18,https://x.com/oposanvoice/status/2032824336248389906,"Ibu kandung Nadiem Makarim, Atika Algadri berharap, anaknya bisa dibebaskan secepatnya. Alasannya, Nadiem tak bersalah dalam kasus pengadaan laptop Chromebook. Harapan itu sesuai fakta hukum dalam persidangan yang diungkap pengacara Dodi S Abdulkadir, tak ada perkara korupsi. https://t.co/8QBlZDSzmR",Sat Mar 14 14:21:04 +0000 2026,https://pbs.twimg.com/profile_images/1893694234584027136/LXmOkpvJ_normal.jpg,0,0,0,0,46
2.03E+18,https://x.com/wbrk99/status/2032502642652643358,@gueracr_ @grok kenapa berita kejamnya aplikator ojol naik setelah pak Nadiem dikasuskan korupsi Chromebook? Apakah ada korelasinya secara langsung? Apakah pak Nadiem menghalangi aplikator ojol untuk dzalim ke mitranya?,Fri Mar 13 17:02:46 +0000 2026,https://pbs.twimg.com/profile_images/2030194683369119744/e3IY5-kB_normal.jpg,0,1,1,0,563
2.03E+18,https://x.com/mediaindonesia/status/2032466714416599091,"MANTAN Mendikbudristek Nadiem Anwar Makarim menilai jaksa keliru dalam membaca pelaporan pajaknya.

Penjelasan itu disampaikan Nadiem Makarim saat menjadi saksi mahkota dalam kasus dugaan korupsi pengadaan Chromebook dan Chrome Device Management (CDM) di Pengadilan Tipikor Jakarta, Selasa (10/3).

Nadiem mengatakan sumber kekayaannya hanya dari saham di PT Aplikasi Karya Anak Bangsa (AKAB). Seluruh kekayaannya adalah saham yang didapatkan pada pendirian PT AKAB dan baru menjual saham pada 2023. Pajak penjualan itu 0,1 persen.

Sementara yang jaksa anggap kekayaan Rp5,2 T memiliki pajak 0,5%. Itu merupakan founder's tax dan sekaligus menjelaskan bahwa itu nilai saat perusahan go public.

""Malah kebalikannya Pak, di 2022 saya malah pengeluaran pajak 0,5 persen dikali Rp 5,2 triliun. Makanya saya mohon dalam melakukan investigasi mohon ada penyelidikan yang lebih mendalam,"" imbuhya. (M-1)

Editor: MI/Bintang Krisanti

#NadiemMakarim
#ChromeBook",Fri Mar 13 14:40:00 +0000 2026,https://pbs.twimg.com/profile_images/2013862868442054656/PHgXw1vG_normal.jpg,0,0,1,0,634
2.03E+18,https://x.com/reina_n03lla/status/2032396168907673879,"Nadiem Makarim menegur JPU dalam persidangan kasus dugaan korupsi pengadaan laptop Chromebook karena menilai jaksa salah membaca SPT pajaknya. Tuduhan lonjakan penghasilan hingga Rp6 triliun yang disampaikan jaksa sebagai fitnah âŒ hingga perlu mengedukasi jaksa agar lebih teliti memahami dokumen pajak. 
Udah sering banget lho dakwaan jaksa blunder dan konyol bukannya terbukti tapi malah memperlihatkan rendahnya kualitas kinerja dan investigasi mereka â€¼ï¸",Fri Mar 13 09:59:41 +0000 2026,https://pbs.twimg.com/profile_images/1968523563159404544/5Do57-EG_normal.jpg,5,2,6,1,10270
2.03E+18,https://x.com/neVerAl0nely___/status/2032389735231156592,"Jaksa kena mental oleh Nadiem saat sesi tanya jawab di persidangan kasus dugaan korupsi pengadaan chromebook 

JPU menanyakan Pajak di SPT sebesar RP 809 milyar kepada Nadiem, dan ditanya balik oleh Nadiem "" Itu pajak siapa pak?? Itu pajak PT Gojek Indonesia, bukan pajak saya "" https://t.co/aqqKP99Cd8",Fri Mar 13 09:34:07 +0000 2026,https://pbs.twimg.com/profile_images/1859487903271034880/dVbXbMJ__normal.jpg,15,2,32,0,15357
2.03E+18,https://x.com/amandasah__/status/2032290766106792377,"Sering bgt sakit selama proses persidangan, kalau menurut aku lebih baik Nadiem mau alasan apapun tetap dihadirkan aja dipersidangan. Mau pake infus, alat bantu oksigen, pake kursi roda atau apapun mohon dihadirkan aja. 

Sudah jadi resiko Nadiem sebagai terdakwa menjalani persidangan. Putusan soal korupsi chromebook juga jgn lama-lama lagi, negara udh dirugikan dan dunia pendidikan sudah jadi korban.",Fri Mar 13 03:00:51 +0000 2026,https://pbs.twimg.com/profile_images/1537494866162200576/4WUtqmqf_normal.jpg,6,3,13,1,5515
2.03E+18,https://x.com/ruhulanakgaul/status/2032021046958964780,"Wahyu Haryadi, PPK periode 2020-2021 Kemendikbud bersaksi bahwa pada saat proses pembelian Chromebook di e-katalog, Kejaksaan Agung ikut mendampingi. Dan pada saat itu, Kejaksaan Agung TIDAK BERKOMENTAR APAPUN terkait pemilihan Chromebook. Artinya, gak ada masalah dengan Chromebook!

Lalu kenapa sekarang Kejaksaan Agung memborgol Nadiem? Dulu, katanya boleh. Sekarang malah dituduh korupsi.",Thu Mar 12 09:09:05 +0000 2026,https://pbs.twimg.com/profile_images/1962838474429714432/556PSMMS_normal.jpg,0,0,0,0,106
2.03E+18,https://x.com/reina_n03lla/status/2032020383919198525,"Penjelasan Nadiem tentang LHKPN dan SPT telah dilaporkan dan dibuka secara transparan, hal ini disampaikan Nadiem Makarim menganggapi investigasi Kejaksaan keliru terkait aliran dana Rp809 miliar dalam kasus dugaan korupsi pengadaan laptop Chromebook. Kenapa dalam penanganan perkara Nadiem ini Kejaksaan banyak keliru yang ya, terlalu sembrono â€¼ï¸",Thu Mar 12 09:06:27 +0000 2026,https://pbs.twimg.com/profile_images/1968523563159404544/5Do57-EG_normal.jpg,8,4,13,0,10777
2.03E+18,https://x.com/oposanvoice/status/2031768717621895657,PENGACARA NADIEM MAKARIM TEGASKAN TAK PERKARA KORUPSI DALAM PENGADAAN LAPTOP CHROMEBOOK: Sementara Nadiem Makarim mengungkap tuduhan lucu yang ditujukan pada dirinya. Dokumen SPT pengeluarkan pajak dipakai untuk memfitnah memperkaya diri Rp 6 triliun. https://t.co/JB9B8Jbsg3,Wed Mar 11 16:26:25 +0000 2026,https://pbs.twimg.com/profile_images/1893694234584027136/LXmOkpvJ_normal.jpg,0,0,0,0,45
2.03E+18,https://x.com/pinterpolitik/status/2031660092354101324,"Nadiem Capek.

Terdakwa korupsi Chromebook, Nadiem Makarim, curhat lelah menjalani sidang lanjutan. Kini bahkan jadi saksi mahkota untuk terdakwa lain. Sejak Juni 2025, ia seolah berlari dalam maraton kasusâ€”belum termasuk perkara Google Cloud di KPK.

Sebuah utas ðŸ§µ https://t.co/UXXxdsrXAZ",Wed Mar 11 09:14:47 +0000 2026,https://pbs.twimg.com/profile_images/1826083000045469696/Pzdk7wh9_normal.jpg,0,1,0,0,132
2.03E+18,https://x.com/NyaiiBubu/status/2031624032592998524,"Momen Nadiem dikuliahin balik sama eks anak buahnya di sidang korupsi laptop Chromebook ini sih bener-bener...Â ðŸ˜… 
Jadi Eks Direktur SMP Kemendikbudristek Mulyatsyah menyebut pejabat eselon 2 seperti dirinya hanya menjalankan lerintah jabatan dan keputusan menteri. Bahkan dirinya meminta terdakwa mengingat ingat lagi kalo lupa pernah ikut tanda tangan ðŸ˜…ðŸ™",Wed Mar 11 06:51:29 +0000 2026,https://pbs.twimg.com/profile_images/2041847597934243840/kzquStsr_normal.jpg,4,5,21,0,4039
2.03E+18,https://x.com/mediaindonesia/status/2031337398983176432,"Nadiem saat ini harus mendekam di rumah tahanan (rutan) akibat terseret kasus dugaan korupsi pengadaan laptop Chromebook atau korupsi Chromebook.

https://t.co/4ZXPNVa4d1",Tue Mar 10 11:52:30 +0000 2026,https://pbs.twimg.com/profile_images/2013862868442054656/PHgXw1vG_normal.jpg,0,0,2,0,248
2.03E+18,https://x.com/karirfess/status/2031276850937475263,Hal ini Nadiem jelaskan ketika diperiksa sebagai saksi dalam sidang lanjutan kasus dugaan korupsi pengadaan laptop berbasis Chromebook untuk tiga terdakwa.,Tue Mar 10 07:51:55 +0000 2026,https://pbs.twimg.com/profile_images/1807647296290791425/DkJs1zgH_normal.png,0,0,1,0,1467
2.03E+18,https://x.com/Ruq4yy4/status/2031250149004169624,@AntoniusCDN @basuki_btp @mohmahfudmd @nadiemmakarim Dari awal munculnya kasus chromebook aku tuh gak percaya kalau Nadiem korupsi,Tue Mar 10 06:05:48 +0000 2026,https://pbs.twimg.com/profile_images/1933375007301976064/YZK6daYV_normal.jpg,1,2,2,0,63
2.03E+18,https://x.com/neVerAl0nely___/status/2031188926556418470,"Persidangan Kasus Chromebook semakin menguntungkan pihak Nadiem Makarim, dakwaan JPU terpatahkan oleh kesaksian saksi saksi

Mantan Mendikbudristek Nadiem Makarim memberikan pembelaan menohok dalam sidang lanjutan kasus dugaan korupsi di Pengadilan Tipikor Jakarta, Senin (9/3). Nadiem secara tegas membantah tudingan yang menyebut hartanya melonjak hingga Rp 6 triliun berdasarkan dokumen SPT miliknya. Menurutnya, tuduhan tersebut muncul karena adanya kesalahan fatal dalam membaca dokumen pajak.

Nadiem menjelaskan bahwa angka Rp 5,2 triliun yang tercantum dalam SPT bukanlah penghasilan masuk, melainkan nilai aset saham yang ia miliki sejak tahun 2015â€”jauh sebelum ia menjabat sebagai menteri. Lonjakan angka tersebut muncul karena kewajiban membayar pajak sebesar 0,5% saat perusahaannya melakukan Initial Public Offering (IPO). Nadiem bahkan menyebut tudingan penjualan saham pada 2022 adalah hal yang mustahil karena adanya aturan lock-up dari Bursa Efek Indonesia.

Di sisi lain, persidangan ini merupakan bagian dari dakwaan korupsi pengadaan laptop Chromebook dan Chrome Device Management (CDM) yang diduga merugikan negara sebesar Rp 2,18 triliun. Jaksa juga mendakwa Nadiem memperkaya diri sendiri senilai ratusan miliar rupiah. Namun, Nadiem tetap bersikeras bahwa lonjakan kekayaannya murni berasal dari pertumbuhan nilai saham startup yang ia rintis dari nol, bukan dari hasil penyimpangan anggaran negara.

Dunia hukum dan finansial kini menyoroti bagaimana hakim akan menilai bukti-bukti kepemilikan saham ini. Apakah penjelasan Nadiem soal teknis pajak IPO akan menggoyahkan dakwaan Jaksa?",Tue Mar 10 02:02:32 +0000 2026,https://pbs.twimg.com/profile_images/1859487903271034880/dVbXbMJ__normal.jpg,19,3,35,1,17393
2.03E+18,https://x.com/pembatai/status/2031020579952935148,Dari meja hijau ke layar bursa: Menelusuri labirin harta Nadiem. ðŸ›ï¸#GoTo #StockSplit #Korupsi #Chromebook #NadiemMakarim #Investigasi #PasarModal #OJK #BeritaViral https://t.co/JACt9tmgU9,Mon Mar 09 14:53:35 +0000 2026,https://pbs.twimg.com/profile_images/1716493799139258368/c0CCKhhH_normal.jpg,0,0,0,0,34
2.03E+18,https://x.com/jaksapedia/status/2030062289802646016,"MANUVER GELAP NADIEM

Jaksa bongkar fakta di persidangan dugaan korupsi proyek Chromebook Kemendikbud yg menyeret nama Nadiem Makarim.

Saham disebut melonjak drastis:
522 juta â†’ 15 miliar lembar.

JPU: kenaikan ini terjadi lewat mekanisme investasi luar negeri dan program ESOP. https://t.co/tiJRw4Kbvu",Fri Mar 06 23:25:41 +0000 2026,https://pbs.twimg.com/profile_images/1524664690093486080/Hp7m_6O8_normal.jpg,3,4,13,0,1974
2.03E+18,https://x.com/kompascom/status/2029797569304613364,"Saksi sidang kasus dugaan korupsi Chromebook sebut stafsus Nadiem Makarim bikin pejabat eselon takut dan kelimpungan. Empat saksi dihadirkan, termasuk eks konsultan dan mantan KPA. JPU mendalami relasi mereka dengan staf khusus Nadiem.

Baca selengkapnya: https://t.co/Bz1FJjQbsJ

~RK #korupsi #chromebook",Fri Mar 06 05:53:46 +0000 2026,https://pbs.twimg.com/profile_images/1577144849437888514/d9x3nKN8_normal.jpg,1,0,1,0,695
2.03E+18,https://x.com/neVerAl0nely___/status/2029551355145367928,"Dari kelanjutan sidang hari ini kasus dugaan korupsi pengadaan chromebook di pengadilan Tipikor Jakarta

Kesaksian Ibrahim Arif menguntungkan pihak Nadiem karena membuka bahwa dakwaan Nadiem di yang di jerat pasal 55 tentang persengkokolan/ mufakat jahat terpatahkan, Nadiem sendiri tidak pernah berkomunikasi sama sekali dengan dua terdakwa lainnya 

Juga keputusan akhir untuk penggunaan chromebook ada di level bawah atau teknis yaitu dirjen dan direktorat, hal ini menambah kejanggalan dakwaan yang digunakan menjerat Nadiem",Thu Mar 05 13:35:24 +0000 2026,https://pbs.twimg.com/profile_images/1859487903271034880/dVbXbMJ__normal.jpg,6,3,8,0,10976
2.03E+18,https://x.com/jari_droid/status/2029507310532600129,"Bos Dell Heran Disebut Diperkaya Rp 112 M di Kasus Chromebook: Riilnya Rugi.
Yang korupsi anak buah, nadiem yg kena getahnya, padahal nadiem tidak korupsi.
 https://t.co/mpvGHm3e2L",Thu Mar 05 10:40:23 +0000 2026,https://pbs.twimg.com/profile_images/1888859697203286016/sfRVXkhZ_normal.jpg,0,0,0,0,35
2.03E+18,https://x.com/hope_emak/status/2029501626634080614,"Kebenaran Mulai Terang Benderangâ€¼ï¸

""Harga wajar, vendor tidak merasa untung, tapi dituduh korupsi ratusan miliar?"" Logika hukum macam apa ini?
Fakta di PN Jakarta Pusat hari ini membuktikan bahwa dakwaan terhadap Nadiem Makarim kehilangan pijakan data. Saksi kunci sudah bicara, harga Chromebook normal dan tidak ada aliran dana fiktif. Saatnya hukum bicara jujur.
Bebaskan Nadiemâ€¼ï¸",Thu Mar 05 10:17:48 +0000 2026,https://pbs.twimg.com/profile_images/1995351607010344960/Nw_leGz9_normal.jpg,10,3,16,0,2145
2.03E+18,https://x.com/ruhulanakgaul/status/2029490705283035340,"Dirut Agrinas terkait kebijakan impor 105.000 mobil dari India, mengatakan bahwa jika nantinya dia akan di-nadiem-kan, alias bernasib sama dengan Nadiem yang dikriminalisasi difitnah korupsi, dia siap.

Wkwkwk.. Lha kalo sudah tau risiko pidana akibat impor mobil India berkualitas sampah itu, ya mending mundur aja, pak!

Kasus mobil India mah beda dengan kasus Chromebook. Laptop Chromebook bukan produk sampah. Google punya itu!",Thu Mar 05 09:34:24 +0000 2026,https://pbs.twimg.com/profile_images/1962838474429714432/556PSMMS_normal.jpg,0,0,0,0,109
2.03E+18,https://x.com/_Rizmaya__/status/2029400740750606378,"Nadiem Makarim membantah tuduhan ketidakefektifan program dan dugaan mark-up, menekankan tingginya penggunaan perangkat meskipun sudah digunakan bertahun-tahun.  Nadiem memaparkan data bahwa dari total kumulatif perangkat, 85% masih aktif digunakan di 2025, bahkan mencapai di atas 85% untuk asesmen kompetensi minimum (AKM).

Pernyataan ini muncul saat jeda persidangan terkait dugaan korupsi pengadaan Chromebook, di mana Nadiem menegaskan data menunjukkan perangkat tersebut masih berfungsi optimal.",Thu Mar 05 03:36:55 +0000 2026,https://pbs.twimg.com/profile_images/1631128253615464453/2PGcGQNI_normal.jpg,19,4,24,1,11072
2.03E+18,https://x.com/denni_sauya/status/2028396934688588084,"Bismillahirrahmanirrahim, sidang lanjutan kasus dugaan korupsi proyek pengadaan laptop Chromebook yang melibatkan eks Mendikbudristek Nadiem Makarim, digelar di Pengadilan Tipikor, Jakarta. https://t.co/CAorJnnN9R",Mon Mar 02 09:08:09 +0000 2026,https://pbs.twimg.com/profile_images/1649895687881113600/RROHT2fj_normal.jpg,33,6,46,0,11164
2.03E+18,https://x.com/reina_n03lla/status/2028369358687187069,"Senin ini, 02 Maret 2026 Sidang lanjutan mantan Mendikbudristek Nadiem Makarim terkait kasus dugaan korupsi pengadaan laptop Chromebook dijadwalkan berlangsung  di Pengadilan Tipikor Jakarta Pusat. Fokus Persidangan masih melanjutkan pemeriksaan saksi. Agendanya hari ini yang dihadirkan adalah dari pihak produsen dan distributor laptop. Dan harapannya persidangan kali ini : 
kembali terbukanya kebenaran secara transparan dan cepat untuk kebebasan Nadiemâ€¼ï¸",Mon Mar 02 07:18:35 +0000 2026,https://pbs.twimg.com/profile_images/1968523563159404544/5Do57-EG_normal.jpg,8,5,10,1,10920
2.03E+18,https://x.com/ruhulanakgaul/status/2028135809887694926,"Nadiem tetap tegar. Kejamnya fitnah korupsi chromebook yang menimpa dirinya saat ini, tidak membuat dirinya menyerah. Semua pria yang sudah punya anak pasti tahu rasa sakitnya terpisah jauh dari anak walau cuma beberapa hari saja. Apalagi berbulan-bulan. https://t.co/T0yWcYfiUj",Sun Mar 01 15:50:32 +0000 2026,https://pbs.twimg.com/profile_images/1962838474429714432/556PSMMS_normal.jpg,0,0,0,0,88
2.03E+18,https://x.com/Joglosemarnews/status/2028119445718335858,"Kasus Nadiem Makarim Menggelinding, Pendiri LAPI : Ada Potensi Dugaan TPPU di Tengah Polemik Korupsi Chromebook -  https://t.co/9ubvzZIglf https://t.co/Rprq5MOsc0",Sun Mar 01 14:45:31 +0000 2026,https://pbs.twimg.com/profile_images/1202769080077275137/9UOB0pND_normal.jpg,0,0,0,0,87
2.03E+18,https://x.com/KANGKOMENJKT/status/2026520004397773247,"@ainunnajib mirip kasus nadiem makarim , dituduh korupsi padahal kebijakan chromebook",Wed Feb 25 04:49:54 +0000 2026,https://pbs.twimg.com/profile_images/1727986621595942912/AKrRb12s_normal.png,0,0,0,1,220
2.03E+18,https://x.com/pasfm/status/2026517038093730084,"Komisaris GOTO  Andre Sulistyo mengatakan, dia dan Co-Founder, Kevin Aluwi tidak perlu minta izin ke Nadiem Makarim ambil keputusan besar selama Nadiem jabat menteri. Hal ini dijelaskan saat diperiksa sebagai saksi  sidang dugaan korupsi pengadaan laptop berbasis Chromebook.",Wed Feb 25 04:38:07 +0000 2026,https://pbs.twimg.com/profile_images/1836304148175970304/KYbwvvXh_normal.jpg,0,0,0,0,109
2.03E+18,https://x.com/ruhulanakgaul/status/2026251455301382241,"Alhamdulillah, Allah menunjukkan kebenaran dalam setiap persidangan.
Fitnah menerima uang, runtuh!
Fitnah memahalkan harga Chromebook, runtuh!
Lalu, sekarang apa alasan Nadiem masih diborgol? Udah jelas Nadiem tidak korupsi! Bebaskan Nadiem! https://t.co/rRBPe90kqY",Tue Feb 24 11:02:47 +0000 2026,https://pbs.twimg.com/profile_images/1962838474429714432/556PSMMS_normal.jpg,1,0,1,0,115
2.03E+18,https://x.com/kompascom/status/2026151620741070908,"JPU sebut lonjakan saham yang dimiliki Nadiem memperkuat dakwaan dalam kasus dugaan korupsi chromebook

~RS https://t.co/bHYhBdgVt6",Tue Feb 24 04:26:05 +0000 2026,https://pbs.twimg.com/profile_images/1577144849437888514/d9x3nKN8_normal.jpg,1,0,9,1,1524
2.03E+18,https://x.com/lettachantik/status/2026149111045726566,"Sidang Korupsi Chromebook..

Kesaksian mantan sekretaris menteri pendidikan Nadiem Makarim bikin kita bertanyaÂ²..

Nadiem sering Tranfer utk para stafsus ya pake uang pribadi?..

Knp kok bisa ya emang gaji 50jt dr pemerintah kurang ya?..
Sampe hrs nambahin kocek pribadi?..
ðŸ¤”ðŸ¤”ðŸ¤” https://t.co/fhWxW3mgay",Tue Feb 24 04:16:06 +0000 2026,https://pbs.twimg.com/profile_images/2016476600347594752/lUkYmt7B_normal.jpg,14,7,43,0,11150
2.03E+18,https://x.com/03__nakula/status/2025407987901436387,"Usai diminta Presiden Jokowi untuk segera melakukan digitalisasi pendidikan dan menambah anggaran untuk pengadaan TIK, Nadiem Makariem langsung tancap gas berbelanja Chromebook dengan melewati tahapanÂ² pengadaan yang seharusnya.
Namun niat baik tersebut justru menghadirkan masalah, Jaksa menuduh Nadiem Makariem melakukan korupsi dengan melakukan Markup harga.
Namun semua tuduhan Jaksa dibantah semua saksi, terkait harga dan spesifikasi Chromebook berikut saya sertakan linknya agar kita samaÂ² paham.
https://t.co/EUjbjyQvxP",Sun Feb 22 03:11:09 +0000 2026,https://pbs.twimg.com/profile_images/1984255823787466752/gCya3iNN_normal.jpg,11,3,15,0,789
2.03E+18,https://x.com/Anak__Ogi/status/2025160813217284229,"Semua tuduhan terbantahkan, dari kemahalan , kerugian negara hingga menerima uang, lalu atas dasar apa Nadiem masih dituduh korupsi?

Jaksa keberatan saat saksi Zyrex ingin ungkapkan pembelian chromebook untungkan pembeli karena murah. https://t.co/CRKwsnsvfa",Sat Feb 21 10:48:58 +0000 2026,https://pbs.twimg.com/profile_images/1490856272547115013/BbFvGiuq_normal.jpg,22,1,39,0,28037
2.03E+18,https://x.com/neVerAl0nely___/status/2025146299314831592,"Mantan Mendikbudristek Nadiem Makarim membantah keras dakwaan yang menyebut dirinya menerima aliran dana Rp809,59 miliar dalam kasus dugaan korupsi Chromebook. 

Dalam sidang di Pengadilan Tipikor Jakarta Pusat, Nadiem menegaskan dana tersebut merupakan transaksi korporasi PT Aplikasi Karya Anak Bangsa (AKAB) untuk pelunasan utang PT Gojek Indonesia, bukan untuk memperkaya diri.

Ia juga menilai dakwaan jaksa tidak menjelaskan mekanisme aliran dana ke dirinya, serta tidak memiliki keterkaitan langsung dengan proyek Chromebook maupun Kemendikbudristek.

Kasus ini pun menjadi sorotan publik terkait transparansi, akurasi dakwaan, dan kejelasan penegakan hukum",Sat Feb 21 09:51:17 +0000 2026,https://pbs.twimg.com/profile_images/1859487903271034880/dVbXbMJ__normal.jpg,9,2,21,0,24477
2.03E+18,https://x.com/CakKhum/status/2025116477045821713,"Berdasarkan fakta persidangan dan pembelaan yang muncul, hubungan poin yang disampaikan Presiden dengan kasus Nadiem Makarim adalah:

âœ… â€‹Tanpa Aliran Dana (No Bribery): Sejalan dengan pesan Prabowo tentang keadilan, hingga saat ini tidak ditemukan bukti suap sepeser pun yang masuk ke rekening pribadi Nadiem. Ini mematahkan unsur utama korupsi yaitu memperkaya diri sendiri.

âœ… â€‹Ketiadaan Niat Jahat (No Mens Rea): Kebijakan Chromebook diambil saat pandemi untuk membantu siswa belajar jarak jauh. Karena tujuannya adalah pelayanan publik dalam kondisi darurat, maka tidak ada niat jahat (mens rea) untuk merugikan negara.

âœ… â€‹Kesesuaian Prosedur: Pengadaan dilakukan melalui E-Katalog, yang artinya harga dan vendor sudah terverifikasi secara sistemik, sehingga tuduhan mark-up menjadi tidak relevan secara hukum.

âœ… â€‹Kesimpulan
â€‹Jika mengikuti arahan Presiden Prabowo bahwa hukum harus objektif, maka kasus Nadiem seharusnya dilihat sebagai masalah administratif/kebijakan, bukan tindak pidana korupsi, karena unsur ""niat jahat"" dan ""penerimaan dana"" tidak terbukti.",Sat Feb 21 07:52:47 +0000 2026,https://pbs.twimg.com/profile_images/1689200361322713088/sl4kOQKv_normal.jpg,2,0,5,0,16500
2.02E+18,https://x.com/ruhulanakgaul/status/2024798725097619605,"Menuduh Nadiem korupsi dengan cara memahalkan harga chromebook adalah tuduhan yang sangat TIDAK MASUK AKAL. ""Harga normal 3juta, kok. Masak Nadiem menetapkan harganya 6juta! Korupsi tuh! "" Begitu mereka bilang.

Heh! Harga dari pabrik aja bisa sampai 4jutaan. Apalagi saat itu masa covid. Harga 3juta dapat apaan?! HP Nokia??!",Fri Feb 20 10:50:09 +0000 2026,https://pbs.twimg.com/profile_images/1962838474429714432/556PSMMS_normal.jpg,1,0,1,0,10196
2.02E+18,https://x.com/ruhulanakgaul/status/2024107114554077335,"Nadiem dituduh korupsi chromebook dengan modus memahalkan harga. Padahal harga di e-katalog LKPP sudah sangat rendah. Bahkan di bawah harga pasar. Ketika saksi hendak menyatakan hal tersebut, Kejaksaan keberatan. Kenapa kok keberatan ya? https://t.co/QLfXFXwRbG",Wed Feb 18 13:01:56 +0000 2026,https://pbs.twimg.com/profile_images/1962838474429714432/556PSMMS_normal.jpg,0,0,0,0,25107
2.02E+18,https://x.com/negativisme/status/2023210713142194397,"""Insya Allah saya akan bebas dan saat ini sedang dibuktikan,"" kata Nadiem saat ditemui di sela persidangan pemeriksaan saksi di Pengadilan Tindak Pidana Korupsi.

Ya silakan buktikan di pengadilan Mas Nadiem, kalo kata guru di Papua, Chromebook anda gak berguna https://t.co/fyi7dDRgHr",Mon Feb 16 01:39:58 +0000 2026,https://pbs.twimg.com/profile_images/430546541820907520/v4tSGyeZ_normal.png,39,8,44,4,4683
2.02E+18,https://x.com/indonesia_info_/status/2023032157141438570,"Jaksa tuduh Nadiem korupsi dgn harga chromebook kemahalan, tapi giliran saksi diminta jujur soal harga produksi, jaksa keberatan. https://t.co/m9tSGzHJW5",Sun Feb 15 13:50:27 +0000 2026,https://pbs.twimg.com/profile_images/1420741897044205570/DgeSemL8_normal.jpg,1,0,1,0,19
2.02E+18,https://x.com/ahmad_bellamy/status/2022924609809682869,"Roni Dwi Susanto, memberikan kesaksian dalam persidangan kasus dugaan korupsi pengadaan laptop Chromebook yang melibatkan Nadiem Makarim pada awal Februari 2026. 
Berikut adalah poin-poin utama terkait pernyataan beliau mengenai harga dan TKDN:
Harga Termurah di E-Katalog: Roni menegaskan bahwa harga barang yang tayang di E-Katalog LKPP seharusnya merupakan harga terbaik dan lebih murah dibandingkan harga pasar. Menurutnya, proses di LKPP dirancang untuk memastikan harga yang masuk akal dan tidak ada ruang untuk penetapan harga di luar prosedur yang berlaku.
Tuduhan Mark-up Terpatahkan: Kesaksian Roni digunakan oleh pihak Nadiem untuk berargumen bahwa tuduhan kemahalan harga atau mark-up tidak valid karena harga telah sesuai dengan mekanisme katalog elektronik.",Sun Feb 15 06:43:05 +0000 2026,https://pbs.twimg.com/profile_images/1827591992945340417/5NWvcGKa_normal.jpg,8,1,7,0,314
2.02E+18,https://x.com/Anak__Ogi/status/2022912640008503758,"Ini lucu.ðŸ˜‚ðŸ‘»

Jaksa tuduh Nadiem korupsi dgn harga chromebook kemahalan, tapi giliran saksi diminta jujur soal harga produksi, jaksa keberatan.

Pantas keberatan, harga pasaran dari saksi adlh 6,9juta sedangkan Nadiem berhasil tekan jadi 5,5juta.
Kemahalan ndasmu. https://t.co/P46rvmxqud",Sun Feb 15 05:55:31 +0000 2026,https://pbs.twimg.com/profile_images/1490856272547115013/BbFvGiuq_normal.jpg,3876,87,22613,51,657790
2.02E+18,https://x.com/RakyatBerbisik/status/2022851523093336117,"Jangan cuma omon2 â€¼ï¸â€¼ï¸

Sekarang lagi rame  kasus chromebook dimana Nadiem jadi tersangkanya.

Dan dilihat dari fakta persidangan Nadiem tidak terbukti menerima uang dan tidak terbukti korupsi.

Seharusnya Nadiem bisa bebas atau  diberikan Abolisi . https://t.co/dHT9hL2uAX",Sun Feb 15 01:52:40 +0000 2026,https://pbs.twimg.com/profile_images/1696530576864587776/h64No43z_normal.jpg,6,0,11,0,320
2.02E+18,https://x.com/oposanvoice/status/2022674974251889113,"Indikasi kriminalisasi Nadiem dalam kasus laptop chromebook makin kuat. Soalnya, setelah pemeriksaan bukti dan saksi di persidangan, banyak fakta yang tidak mendukung tuduhan korupsi yang diajukan jaksa. Yang mengejutkan, Presiden Prabowo sentil aparat hukum begini. https://t.co/gQfXszcD7d",Sat Feb 14 14:11:08 +0000 2026,https://pbs.twimg.com/profile_images/1893694234584027136/LXmOkpvJ_normal.jpg,1,0,0,0,13754
2.02E+18,https://x.com/ruhulanakgaul/status/2022657756407496992,"Kejaksaan: Nadiem korupsi dengan cara memahalkan chromebook!

Hakim: Ok. Gini aja. Pak produsen Laptop! Boleh kami tahu harga produksi berapa?

Produsen Laptop: boleh pak!

Kejaksaan: Maaf, Pak Hakim! Kami keberatan jika Harga Produksi dibuka oleh produsen.

Ketahuan liciknya.ðŸ¤£ https://t.co/tfdH0ZJz6M",Sat Feb 14 13:02:42 +0000 2026,https://pbs.twimg.com/profile_images/1962838474429714432/556PSMMS_normal.jpg,3,0,4,0,14021
2.02E+18,https://x.com/ruhulanakgaul/status/2022305469914902659,"Kesaksian dari kepala LKPP 2019-2021, harga chromebook sudah sangat wajar. Jadi kalo Kejaksaan bilang Nadiem korupsi dengan modus mematok harga terlalu mahal, maka bisa dipastikan itu adalah fitnah. 

Bebaskan Nadiem! https://t.co/KOyczy8sMD",Fri Feb 13 13:42:51 +0000 2026,https://pbs.twimg.com/profile_images/1962838474429714432/556PSMMS_normal.jpg,5,1,7,0,28447
2.02E+18,https://x.com/abu_waras/status/2022182061738758479,"Jadi gini, pernyataan  Mahfud MD ini menarik, karena belum ada bukti yang nunjukin Nadiem terlibat korupsi, posisinya cuma sebagai pembuat kebijakan, bukan eksekutor teknis, dan kalaupun ada dugaan masalah itu adanya di level pelaksanaan yang pegang delegasi wewenang, bahkan grup WA â€œMas Menteriâ€ juga nggak terbukti bahas soal Chromebook !

Jadi jangan asal membuat tuduhan, karena hukum itu harus jalan pakai fakta, bukan asumsi. âš–ï¸âœï¸",Fri Feb 13 05:32:28 +0000 2026,https://pbs.twimg.com/profile_images/1969550649663897602/F46dpGQ__normal.jpg,29,5,49,2,37971
2.02E+18,https://x.com/CakKhum/status/2022160610998485363,"Mahfud MD: Belum ada bukti korupsi yang melibatkan Nadiem Makarim.
â€‹
âœ… Nadiem sebagai pembuat kebijakan.
âœ… Dugaan korupsi ada di tingkat pelaksanaan (delegasi wewenang).
âœ… Grup WA ""Mas Menteri"" tidak terbukti bahas soal Chromebook.

â€‹Keadilan harus ditegakkan sesuai fakta! ðŸ›¡ï¸ https://t.co/DknxlRV98C",Fri Feb 13 04:07:14 +0000 2026,https://pbs.twimg.com/profile_images/1689200361322713088/sl4kOQKv_normal.jpg,18,7,43,0,54297
2.02E+18,https://x.com/RakyatBerbisik/status/2022130934070546579,"â€¼ï¸â€¼ï¸Ini yang ngomong ahli hukum lho ya prof.Mahfud MD kalo nadiem ranahnya hanya pembuat kebijakan bukan penentu harga dan pengadaan barang.

Dan masalah isi chat di GWA itu gak ada pembahasan korupsi chromebook,dan grup itu sudah ada sebelum Nadim jadi Mentri . https://t.co/1WuBUsvNbb",Fri Feb 13 02:09:18 +0000 2026,https://pbs.twimg.com/profile_images/1696530576864587776/h64No43z_normal.jpg,7,2,13,0,130212
2.02E+18,https://x.com/_Rizmaya__/status/2022116312055783500,"Dalam persidangan kasus Chromebook, belum ada bukti kuat yang menunjukkan keterlibatan Nadiem Makarim dalam tindak pidana korupsi, meskipun kebijakan yang diambil menjadi sorotan. https://t.co/Np8CGa30ab",Fri Feb 13 01:11:12 +0000 2026,https://pbs.twimg.com/profile_images/1631128253615464453/2PGcGQNI_normal.jpg,15,1,15,0,34925
2.02E+18,https://x.com/neVerAl0nely___/status/2021760358944510460,"MetroTV, Pengadilan Tipikor pada Pengadilan Negeri Jakarta Pusat menggelar sidang dugaan korupsi pada pengadaan sistem Chromebook kemarin. Dalam persidangan, jaksa mencecar saksi dengan kemungkinan adanya monopoli barang yang membuat harga laptop menjadi mahal.

Di sisi lain, eks Mendikbudristek Nadiem Makarim membantah disebut menjadi penyebab kemahalan harga dalam proyek pengadaan sistem Chromebook. Nadiem malah mengklaim berhasil mendapatkan harga termurah atas tawar-menawar yang dilakukan LKPP.",Thu Feb 12 01:36:46 +0000 2026,https://pbs.twimg.com/profile_images/1859487903271034880/dVbXbMJ__normal.jpg,4,0,10,0,23358
2.02E+18,https://x.com/ruhulanakgaul/status/2021589252346380447,"Ketua LKPP menegaskan bahwa harga chromebook itu harga yang wajar. Bahkan harganya di bawah harga pasar. Lalu kalo begitu, apa dasar Kejaksaan menuduh Nadiem korupsi chromebook dengan cara memahalkan harga chromebook? Padahal penetapan harga ada di ranah LKPP. BUKAN NADIEM.
Apakah sekarang Kejaksaan jadi lembaga tukang fitnah?",Wed Feb 11 14:16:51 +0000 2026,https://pbs.twimg.com/profile_images/1962838474429714432/556PSMMS_normal.jpg,0,0,1,0,192
2.02E+18,https://x.com/ahmad_bellamy/status/2021456912236281967,"Sekarang, angin keadilan sudah sangat benderang ðŸ¤Ÿ

Nadiem Makarim meyakini dirinya tak bersama dalam kasus korupsi pengadaan laptop chromebook. Menurut dia, tudingan bahwa harga laptop kemahalan terpatahkan berdasarkan pengakuan saksi dari Lembaga Kebijakan Pengadaan Barang/Jasa Pemerinta (LKPP).

""LKPP saksi dan semua petinggi hadir hari ini dan memberikan kesaksian bahwa mereka yang menyeleksi vendor dan mereka yang menjamin harga SRP (Suggested Retail Price) tidak mungkin di atas harga pasar,""

Buzzer buzzerr binaan kejaksaan yang telah memfitnah Nadiem makarim mending nyemplung sumur aja ðŸ™ˆ",Wed Feb 11 05:30:59 +0000 2026,https://pbs.twimg.com/profile_images/1827591992945340417/5NWvcGKa_normal.jpg,17,5,22,0,35429
2.02E+18,https://x.com/03__nakula/status/2021038997712322947,"Jaksa dan KPK dilibatkan sebagai pendamping proyek untuk bisa mencegah terjadinya korupsi.
Kalo masih terjadi korupsi berarti Jaksa dan KPK gagal dalam melaksanakan tugas.
Pelibatan Jaksa dan KPK bukti jika pejabat terkait, termasuk Nadiem Makariem tidak punya niat jahat dalam proyek tersebut.

Jika tidak ada niat jahat dan tidak ditemukan kerugian negara, kasus Chromebook layak dihentikan dan Nadiem Makariem dibebaskan.",Tue Feb 10 01:50:20 +0000 2026,https://pbs.twimg.com/profile_images/1984255823787466752/gCya3iNN_normal.jpg,9,6,13,2,26564
2.02E+18,https://x.com/narkosun/status/2020806180923388163,"Hari ini, 9 Februari 2026, materi sidang Nadiem Makarim menjadi salah satu yang paling penting untuk kasus dugaan korupsi pengadaan laptop berbasis Chromebook.

Ada 3 saksi dihadirkan yg berasal dari LKPP. Dalam pengadaan laptop Chromebook kewenangan LKPP meliputi
âœ… mulai dari seleksi vendor 
âœ… harga produk yang ditampilkan dalam katalog.

LKPP menjamin bahwa harga daripada setiap produk di e-katalog itu tidak mungkin lebih tinggi dari harga pasar melalui mekanisme suggested retail price (SRP). 

Dakwaan kepada Nadiem selama ini adalah kerugian negara berdasarkan kemahalan harga laptop. Berarti kalau tidak ada kemahalan harga laptop, artinya tidak ada kerugian negara.

Fix, bebaskan Nadiem Makarimâ€¼ï¸",Mon Feb 09 10:25:12 +0000 2026,https://pbs.twimg.com/profile_images/1362221852047761414/Sf0hAG6i_normal.jpg,17,6,42,2,20230
2.02E+18,https://x.com/EBCmedia_/status/2020781813044564134,"Sidang kasus dugaan korupsi pengadaan laptop Chromebook yang menjerat mantan Menteri Pendidikan, Kebudayaan, Riset, dan Teknologi (Mendikbudristek) Nadiem Makarim kembali digelar pada Senin (9/2/2026)
https://t.co/RKRVKfr0Ol https://t.co/dUhdKxr7u5",Mon Feb 09 08:48:23 +0000 2026,https://pbs.twimg.com/profile_images/1633028400439762945/qz45yfz2_normal.jpg,0,1,0,0,53
2.02E+18,https://x.com/Naz_lira/status/2020712791574040964,"Dunia mengenalnya sebagai Sang Bintang Arsitek Teknologi Canggih â€œGojekâ€. Nadiem mampu menyulap kekacauan jalanan Jakarta menjadi deretan kode biner yg rapih.

Nadiem adalah pawang yg mengubah jutaan Opang (ojek pangkalan) menjadi titik-titik patuh di dalam peta digital. Ia membangun ekosistem di mana setiap rupiah yg berpindah tangan terlacak oleh sistem, di mana fraud dideteksi oleh machine learning, dan di mana efisiensi adalah tuhan yg disembah setiap pagi.

Namun ketika tersandung kasus pengadaan Chromebook, Sang Arsitek memasang wajah polos, wajah seorang CEO yg terperangah karena baru saja mendengar bug kecil dari tim developernya.

Publik hanya tertawa getir, bagaimana mungkin otak yg mampu merancang super-app bervaluasi miliaran dolar, tiba-tiba menjadi gagap dan rabun saat menghadapi buku kas manual kementerianâ€¦?

Publik diluar sana mungkin sedang berbisik, â€œJika dia bisa menyembunyikan kompleksitas sistem dynamic pricing dari jutaan pengguna, menyembunyikan â€˜uang terima kasihâ€™ adalah perkara sepele baginya. Itu bukan korupsi, itu hanya... backend engineering.â€

Dalam berbagai kesempatan yg ditampilkan di medsos, Nadiem dng wajah memelas berkata, â€œMengapa saya..?, mengapa bukan anak Abah, eh, anak buah saya yg didakwa, kan mereka yg terima amplopnya, tangan saya hanya memegang mouse dan masa depan pendidikan.â€

Ah, betapa naifnya Sang Visioner ini, ia lupa bahwa KUHP tidak ditulis dengan bahasa pemrograman Java atau Python, definisi â€œKorupsiâ€ tidak sesempit â€œmemperkaya diri sendiriâ€, tapi juga mengenal konsep ""memperkaya orang lain"".

Baginya, mungkin aliran dana haram itu hanyalah fitur â€œbagi hasilâ€ atau â€œinsentif mitraâ€ yg terlanjur tereksekusi otomatis. Ia berdiri di sana, merasa suci karena saldo rekening pribadinya tidak bertambah secara konvensional.

Nadiem entah tidak sadar, atau pura-pura lupa, bahwa membiarkan tikus berpesta di lumbung padi yg ia jaga, sama hinanya dengan ikut mengunyah padi itu sendiri.

Di matanya, korupsi hanyalah glitch sistem, sebuah error yg dilakukan oleh user lain. Padahal, bagi rakyat yg menatap nanar, ia bukan sekadar user. Ia adalah Admin. Dan ketika sistem crash serta uang rakyat menguap menjadi pixel, Sang Admin tidak bisa sekadar berkata, â€œItu bukan salah saya, saya hanya menyediakan platformnya.â€

Publik tau bahwa Nadiem adalah orang dengan otak jenius, namun kecerdasan teknologi rupanya tak selalu berbanding lurus dengan kecerdasan nurani.

Sang Unicorn ini mungkin bisa terbang, tapi kakinya tetap berpijak di tanah pelataran hukum istana Mulyono yg licik dan becek, di mana â€œsaya tidak terima apa-apaâ€ bukanlah mantra anti-borgol ampuh yg bisa mengubah segalanya kembali normal semudah Re-boot System di note book pribadinya.",Mon Feb 09 04:14:07 +0000 2026,https://pbs.twimg.com/profile_images/1482802833527566336/qfhsycxd_normal.jpg,83,41,235,4,11909
2.02E+18,https://x.com/vibecheck_id/status/2020695662749430185,"Dari revolusi transportasi lewat Gojek hingga ancaman penjara seumur hidup. 
Nadiem Makarim kini jalani sidang dugaan korupsi Chromebook senilai Rp2,1 T.
Yuk Cek rekam jejak Founder Decacorn pertama Indonesia. ðŸ“‰âš–ï¸ðŸ” #NadiemMakarim #Gojek #Chromebook #kasus https://t.co/jGuOAJkBh2",Mon Feb 09 03:06:03 +0000 2026,https://pbs.twimg.com/profile_images/2020333751847514120/habJGeFv_normal.jpg,0,0,1,0,11
2.02E+18,https://x.com/mediaindonesia/status/2020528052468396083,Langkah Kejaksaan Agung dalam membedah kasus dugaan korupsi pengadaan laptop Chromebook dengan terdakwa eks Mendikbud Nadiem Anwar Makarim dinilai sebagai upaya progresif membongkar modus korupsi kebijakan yang sistematis. https://t.co/h4af5vL7Kp,Sun Feb 08 16:00:01 +0000 2026,https://pbs.twimg.com/profile_images/2013862868442054656/PHgXw1vG_normal.jpg,1,0,2,0,412
2.02E+18,https://x.com/pembatai/status/2020525895459754334,"Beli Chromebook harga 3 juta, ditagih 6 juta. Selisihnya buat beli es teh atau aset di luar negeri nih, Mas Nadiem?"" #NadiemMakarim
#Kejaksaan
#Korupsi
#Chromebook https://t.co/jlmYodbnBg",Sun Feb 08 15:51:27 +0000 2026,https://pbs.twimg.com/profile_images/1716493799139258368/c0CCKhhH_normal.jpg,1,0,0,0,13
2.02E+18,https://x.com/pembatai/status/2020521992550809949,"""Permufakatan jahat sistematis? Pak Nadiem, Kejaksaan sudah mulai ketuk pintu tuh."" #NadiemMakarim
#Kejaksaan
#Korupsi
#Chromebook https://t.co/i1GqxSis00",Sun Feb 08 15:35:57 +0000 2026,https://pbs.twimg.com/profile_images/1716493799139258368/c0CCKhhH_normal.jpg,1,0,0,0,7
2.02E+18,https://x.com/pembatai/status/2020521876104118578,"HPS nggak ada, kajian nggak jelas, tapi harga melambung. Jenius sekali manajemenmu, Mas Nadiem. #NadiemMakarim
#Kejaksaan
#Korupsi
#Chromebook https://t.co/pNOVMulHcB",Sun Feb 08 15:35:29 +0000 2026,https://pbs.twimg.com/profile_images/1716493799139258368/c0CCKhhH_normal.jpg,0,0,0,0,12
2.02E+18,https://x.com/pembatai/status/2020521863080743198,"Matematika ala Nadiem Makarim: 3 juta + 'biaya tak terduga' = 6 juta. Kejaksaan sudah punya kalkulator baru belum ya?"" #NadiemMakarim
#Kejaksaan
#Korupsi
#Chromebook https://t.co/7t0I21Z00h",Sun Feb 08 15:35:26 +0000 2026,https://pbs.twimg.com/profile_images/1716493799139258368/c0CCKhhH_normal.jpg,1,0,0,0,25
2.02E+18,https://x.com/pembatai/status/2020521836258201979,"""Nadiem bilang 'cuci tangan', tapi kok baunya sampai ke kantor Kejaksaan?"" #NadiemMakarim
#Kejaksaan
#Korupsi
#Chromebook https://t.co/6O9nSgtKEW",Sun Feb 08 15:35:19 +0000 2026,https://pbs.twimg.com/profile_images/1716493799139258368/c0CCKhhH_normal.jpg,1,0,0,0,10
2.02E+18,https://x.com/pembatai/status/2020521735603314795,"""Ditunggu episode 'Audit Investigasi' dari Kejaksaan. Judulnya: Misteri Chromebook Nadiem."" #NadiemMakarim
#Kejaksaan
#Korupsi
#Chromebook https://t.co/c6T3QLgsdQ",Sun Feb 08 15:34:55 +0000 2026,https://pbs.twimg.com/profile_images/1716493799139258368/c0CCKhhH_normal.jpg,1,0,0,0,9
2.02E+18,https://x.com/pembatai/status/2020521498310594615,"""Nadiem Makarim asik cuci tangan, Kejaksaan asik kumpulin bukti. Siapa yang bakal basah duluan?"" #NadiemMakarim
#Kejaksaan
#Korupsi
#Chromebook https://t.co/dCWs58AT4X",Sun Feb 08 15:33:59 +0000 2026,https://pbs.twimg.com/profile_images/1716493799139258368/c0CCKhhH_normal.jpg,0,0,0,0,22
2.02E+18,https://x.com/pembatai/status/2020521394841251917,"""Hanya di era Nadiem, barang spek standar harganya jadi standar kemewahan."" #NadiemMakarim
#Kejaksaan
#Korupsi
#Chromebook https://t.co/zxgNSPWvTz",Sun Feb 08 15:33:34 +0000 2026,https://pbs.twimg.com/profile_images/1716493799139258368/c0CCKhhH_normal.jpg,0,0,0,0,11
2.02E+18,https://x.com/pembatai/status/2020521065773138341,"Kami berdiri di belakang Kejaksaan! Jangan biarkan ""cuci tangan"" Nadiem Makarim menghapus jejak mark-up Chromebook. #NadiemMakarim
#Kejaksaan
#Korupsi
#Chromebook https://t.co/PFIsfFUm8o",Sun Feb 08 15:32:16 +0000 2026,https://pbs.twimg.com/profile_images/1716493799139258368/c0CCKhhH_normal.jpg,0,0,0,0,18
2.02E+18,https://x.com/pembatai/status/2020521064590192887,"""Nadiem: 'Saya tidak tahu'. Kejaksaan: 'Kami punya buktinya'. Mari kita saksikan drama ini."" #NadiemMakarim
#Kejaksaan
#Korupsi
#Chromebook https://t.co/BPebgDcdGe",Sun Feb 08 15:32:15 +0000 2026,https://pbs.twimg.com/profile_images/1716493799139258368/c0CCKhhH_normal.jpg,1,0,0,0,7
2.02E+18,https://x.com/pembatai/status/2020520999972720644,"""Mark-up-nya nggak tanggung-tanggung, 100%! Nadiem memang paling jago kalau soal akselerasi (harga)."" #NadiemMakarim
#Kejaksaan
#Korupsi
#Chromebook https://t.co/ZDSezcdOiO",Sun Feb 08 15:32:00 +0000 2026,https://pbs.twimg.com/profile_images/1716493799139258368/c0CCKhhH_normal.jpg,1,0,0,0,10
2.02E+18,https://x.com/pembatai/status/2020520581964181792,"Gaspol Pak Jaksa! Jangan biarkan drama ""tidak tahu"" Nadiem Makarim meloloskan kerugian negara triliunan rupiah. #NadiemMakarim
#Kejaksaan
#Korupsi
#Chromebook https://t.co/46a4CVOOI7",Sun Feb 08 15:30:20 +0000 2026,https://pbs.twimg.com/profile_images/1716493799139258368/c0CCKhhH_normal.jpg,0,0,0,0,20
2.02E+18,https://x.com/ruhulanakgaul/status/2020494244595773628,"Nah! Nadiem hanya melanjutkan program dari menteri sebelumnya. Saat pengadaan Chromebook, Kejaksaan juga mendampingi. BPKP juga melakukan audit secara rutin. Dan, tidak ditemukan korupsi.

Lalu kenapa sekarang tiba-tiba Kejaksaan memborgol Nadiem dengan tuduhan korupsi?! Kejaksaan ini jahat.",Sun Feb 08 13:45:41 +0000 2026,https://pbs.twimg.com/profile_images/1962838474429714432/556PSMMS_normal.jpg,3,0,5,0,384
2.02E+18,https://x.com/indikatorcoid/status/2020413135417667809,"@BurhanMuhtadi AWARENESS PUBLIK TERHADAP KASUS DUGAAN KORUPSI CHROMEBOOK
Sekitar 43.8% tahu kasus dugaan korupsi pengadaan laptop Chromebook yang melibatkan Nadiem Makarim, mantan Menteri Pendidikan, Kebudayaan, Riset dan Teknologi (Mendikbudristek), yang sedang diusut oleh Kejaksaan Agung. https://t.co/QCoOGW8caI",Sun Feb 08 08:23:23 +0000 2026,https://pbs.twimg.com/profile_images/1263282161907462144/6Bnpefr2_normal.jpg,0,1,1,1,2500
2.02E+18,https://x.com/neVerAl0nely___/status/2020405304954064899,"Terdakwa kasus dugaan korupsi pengadaan laptop Chromebook, Nadiem Makarim, mengaku kaget dengan pernyataan sejumlah saksi dari jajaran Kemendikbudristek yang mengaku menerima aliran dana tersebut. Nadiem menegaskan jika hal itu dilakukan anak buahnya tanpa sepengetahuan maupun perintah darinya.",Sun Feb 08 07:52:16 +0000 2026,https://pbs.twimg.com/profile_images/1859487903271034880/dVbXbMJ__normal.jpg,16,5,47,0,23064
2.02E+18,https://x.com/negativisme/status/2020378903681049066,"Nadiem ngaku gak terima duit di kasus Chromebook. Prof Mahfud MD jelasin: korupsi bukan soal uang masuk ke kantong pribadi. Kalau kebijakannya bikin pihak lain untung dan negara rugi, unsur pidananya tetap ada https://t.co/NrVEzRq8ae",Sun Feb 08 06:07:22 +0000 2026,https://pbs.twimg.com/profile_images/430546541820907520/v4tSGyeZ_normal.png,9,6,27,1,8935
2.02E+18,https://x.com/ardjoe0704/status/2020332146175689087,"Sistem Korupsi yang Tak Pernah Sembuh: Pengadaan &amp; Jasa Indonesia - Kasus Chromebook Nadiem
Dengan anggaran total mencapai Rp 9,9 triliun untuk 1,3 juta unit laptop Chromebook beserta layanan pendukung, menimbulk kerawanan korupsi sistemik...

https://t.co/aMkG5U0NYW https://t.co/6M3QqoLcbm",Sun Feb 08 03:01:34 +0000 2026,https://pbs.twimg.com/profile_images/1201188236862705664/54Cv1L_s_normal.jpg,0,0,0,0,63
2.02E+18,https://x.com/streetlawyers85/status/2020315065937981748,"Nadiem menyatakan harga chromebook tdk kemahalan dgn patokan harga e-katalog, tapi JPU punya bukti &amp; saksi bhw harga yg setujui lebih mahal drpd harga pasaran. 
Kelihatannya tim pengacara Nadiem harus kerja keras untuk bisa lepas dari pasal korupsi. ðŸ«¢",Sun Feb 08 01:53:42 +0000 2026,https://pbs.twimg.com/profile_images/2049061934490894336/lKxdlQyF_normal.jpg,0,0,2,0,46
2.02E+18,https://x.com/pembatai/status/2020157295783534772,"Skandal 6 Juta vs 3 Juta. Mark-up gila-gilaan di kementerian Nadiem Makarim. Tega banget di tengah susahnya ekonomi! #NadiemMakarim
#Kejaksaan
#Korupsi
#Chromebook https://t.co/oFpU1j9tAn",Sat Feb 07 15:26:46 +0000 2026,https://pbs.twimg.com/profile_images/1716493799139258368/c0CCKhhH_normal.jpg,1,0,0,0,24
2.02E+18,https://x.com/pembatai/status/2020157012252762204,"Bukan cuma soal laptop, ini soal masa depan anak bangsa yang diduga dikorupsi secara sistematis di era Nadiem. ðŸ“‰ #NadiemMakarim
#Kejaksaan
#Korupsi
#Chromebook https://t.co/CGZoxtR9MH",Sat Feb 07 15:25:39 +0000 2026,https://pbs.twimg.com/profile_images/1716493799139258368/c0CCKhhH_normal.jpg,0,0,0,0,11
2.02E+18,https://x.com/pembatai/status/2020156961921052982,"Skandal Chromebook: Saat spek ""diarahkan"" dan harga ""dimark-up"". Di mana fungsi kontrol Nadiem Makarim sebagai pimpinan? #NadiemMakarim
#Kejaksaan
#Korupsi
#Chromebook https://t.co/8ki66VIZtf",Sat Feb 07 15:25:27 +0000 2026,https://pbs.twimg.com/profile_images/1716493799139258368/c0CCKhhH_normal.jpg,1,0,0,0,18
2.02E+18,https://x.com/pembatai/status/2020156823030903153,"Akhirnya terbongkar di persidangan! Proyek Chromebook Nadiem Makarim diduga sudah ""disetel"" sejak awal. ðŸ›‘ #NadiemMakarim
#Kejaksaan
#Korupsi
#Chromebook https://t.co/3fpUv2z8hs",Sat Feb 07 15:24:53 +0000 2026,https://pbs.twimg.com/profile_images/1716493799139258368/c0CCKhhH_normal.jpg,1,0,0,0,16
2.02E+18,https://x.com/pembatai/status/2020156543598010710,"Laptop 3 Juta Dijual 6 Juta? Skandal Chromebook Kemendikbud Nadiem Makarim akhirnya meledak! ðŸ’¥ #NadiemMakarim
#Kejaksaan
#Korupsi
#Chromebook https://t.co/tvuk2cMR1l",Sat Feb 07 15:23:47 +0000 2026,https://pbs.twimg.com/profile_images/1716493799139258368/c0CCKhhH_normal.jpg,0,0,0,0,29
2.02E+18,https://x.com/pembatai/status/2020156490330566676,"Akankah Nadiem Makarim dipanggil untuk bersaksi? Kita kawal siapa saja yang bermain di balik skandal ini. ðŸ›ï¸ #NadiemMakarim
#Kejaksaan
#Korupsi
#Chromebook https://t.co/fgUYxA3Gbn",Sat Feb 07 15:23:34 +0000 2026,https://pbs.twimg.com/profile_images/1716493799139258368/c0CCKhhH_normal.jpg,0,0,0,0,19
2.02E+18,https://x.com/pembatai/status/2020156127170679003,"Transparansi nol, monopoli maksimal. Ringkasan sidang skandal Chromebook yang menyeret kebijakan strategis Nadiem. #NadiemMakarim
#Kejaksaan
#Korupsi
#Chromebook https://t.co/CFVQmJgMyE",Sat Feb 07 15:22:08 +0000 2026,https://pbs.twimg.com/profile_images/1716493799139258368/c0CCKhhH_normal.jpg,0,0,0,0,23
2.02E+18,https://x.com/ArtaN7707/status/2019858538697568760,"Nadiem merencanakan korupsi,beda dg Tom Lembong.

""Agustus 2019, sblm dilantik,Nadiem bikin grup WA ""Mas Menteri Core Team"",  bahas Chromebook.
Oktober 2019 Nadiem dilantik.
Desember 2019 Jurist Tan bertemu Sri Wahyuningsih dan Muliyansyah tersangka

#MiskinkanJokowiTermulMusnah https://t.co/WBNLopiqft",Fri Feb 06 19:39:37 +0000 2026,https://pbs.twimg.com/profile_images/1920653267283083264/4QvzcqtI_normal.jpg,1,0,0,0,135
2.02E+18,https://x.com/oposanvoice/status/2019669905772253693,"Pandji Pragiwaksono sedang terancam pidana terkait adanya lima laporan ke polisi yang mempersoalkan stand-up comedy berjudul Mens Rea. Meski terancam pidana, Pandji malah membela Nadiem Makarim yang kinijadi terdakwa dalam kasus dugaan korupsi pengadaan laptop chromebook. https://t.co/uGoMTlSUQJ",Fri Feb 06 07:10:03 +0000 2026,https://pbs.twimg.com/profile_images/1893694234584027136/LXmOkpvJ_normal.jpg,1,0,0,0,141
2.02E+18,https://x.com/_Rizmaya__/status/2019626239531909465,"Pernyataan Pandji Pragiwaksono memang memicu diskusi luas karena ia menyoroti berbagai kejanggalan narasi yang muncul dalam kasus dugaan korupsi pengadaan laptop Chromebook yang menjerat mantan Mendikbudristek, Nadiem Makarim. https://t.co/CIr5YWFzKK",Fri Feb 06 04:16:33 +0000 2026,https://pbs.twimg.com/profile_images/1631128253615464453/2PGcGQNI_normal.jpg,20,1,27,0,29472
2.02E+18,https://x.com/neVerAl0nely___/status/2019212271545905384,"50 pegawai Kemendikbudristek terima gratifikasi tapi tidak ditetapkan sebagai tersangka korupsi. Sebaliknya Nadiem Makarim yang tidak terima uang dalam pengadaan Chromebook justru dijebloskan ke penjara. Fakta yang sangat Ironis! 

Pernyataan itu disampaikan oleh Dr. Dodi S. Abdulkadir, SH., MH., dan Dr. Ari Yusuf Amir, SH., MH., saat jeda sidang Nadiem Makarim di Pengadilan Tipikor, Senin, 2 Februari 2026.",Thu Feb 05 00:51:35 +0000 2026,https://pbs.twimg.com/profile_images/1859487903271034880/dVbXbMJ__normal.jpg,136,15,249,3,27313
2.02E+18,https://x.com/pembatai/status/2019079803039515038,"Nama vendor besar mencuat. Ada pertemuan Zoom ""gelap"" sebelum proyek Nadiem resmi dimulai. Mafia pengadaan? ðŸ•µï¸â€â™‚ï¸ #NadiemMakarim
#Kejaksaan
#Korupsi
#Chromebook https://t.co/r4OMcsqFtg",Wed Feb 04 16:05:12 +0000 2026,https://pbs.twimg.com/profile_images/1716493799139258368/c0CCKhhH_normal.jpg,0,0,0,0,19
2.02E+18,https://x.com/pembatai/status/2019078365295353977,"Akankah Nadiem Makarim dipanggil untuk bersaksi? Kita kawal siapa saja yang bermain di balik skandal ini. ðŸ›ï¸ #NadiemMakarim
#Kejaksaan
#Korupsi
#Chromebook https://t.co/5NOO5IufWd",Wed Feb 04 15:59:29 +0000 2026,https://pbs.twimg.com/profile_images/1716493799139258368/c0CCKhhH_normal.jpg,0,0,0,0,22
2.02E+18,https://x.com/pembatai/status/2019078305497117057,"Laptop 3 Juta Dijual 6 Juta? Skandal Chromebook Kemendikbud Nadiem Makarim akhirnya meledak! ðŸ’¥ #NadiemMakarim
#Kejaksaan
#Korupsi
#Chromebook https://t.co/1bzsML9xdk",Wed Feb 04 15:59:15 +0000 2026,https://pbs.twimg.com/profile_images/1716493799139258368/c0CCKhhH_normal.jpg,0,0,0,0,33
2.02E+18,https://x.com/ruhulanakgaul/status/2019043187013333151,"Jaksa menghadirkan banyak saksi untuk memberatkan Nadiem dalam kasus Chromebook. Tapi, Tuhan tidak tidur. Dibukalah borok-borok para saksi yang dihadirkan jaksa. Para saksi itu ternyata menerima gratifikasi.

Tim Nadiem seketika itu juga melaporkan para saksi itu ke KPK. Para saksi panik. Mereka buru-buru balikin duit gratifikasi.

TELAT, PAK! Biarpun duit dibalikin, pidana korupsi sudah menjerat anda sekalian.",Wed Feb 04 13:39:42 +0000 2026,https://pbs.twimg.com/profile_images/1962838474429714432/556PSMMS_normal.jpg,0,0,2,0,135
2.02E+18,https://x.com/pp_prayoga/status/2018969525891596771,"@abu_waras Mungkin memang Nadiem tidak terbukti korupsi. Tapi, kebijakan pangadaan Chromebook itu sangat konyol. Banyak Chromebook tidak terpakai di sekokah karena terhalang koneksi internet, spesifikasi dan dukungan software.",Wed Feb 04 08:47:00 +0000 2026,https://pbs.twimg.com/profile_images/1472906042308587524/cBiqovw2_normal.jpg,0,0,0,0,130
2.02E+18,https://x.com/_Rizmaya__/status/2018866125715738636,"Bismillah Bebassss.!

Nadiem Makarim menyatakan sikap optimistis dapat terbebas dari jeratan kasus dugaan korupsi pengadaan laptop Chromebook.

Nadiem menegaskan bahwa berdasarkan keterangan saksi-saksi tersebut, tidak ada perintah atau intervensi langsung dari dirinya terkait proses teknis di e-katalog maupun instruksi untuk menerima uang tersebut.
Optimisme Bebas: Karena pengakuan saksi yang menyatakan tidak ada keterlibatan langsung menteri dalam transaksi ilegal tersebut, Nadiem menyatakan optimistis dirinya akan dibebaskan dari segala dakwaan.

https://t.co/HORZVtj0IM",Wed Feb 04 01:56:07 +0000 2026,https://pbs.twimg.com/profile_images/1631128253615464453/2PGcGQNI_normal.jpg,20,3,22,1,17235
2.02E+18,https://x.com/pembatai/status/2018696369595154460,"Definisi ""Inovasi"" ala Nadiem: Beli barang spek rendah dengan harga selangit pakai uang rakyat, terus kasih datanya ke asing secara gratis. Jenius sekali cara bapak membunuh industri lokal. #NadiemMakarim #NadiemTerdakwa #NadiemMakarim
#Kejaksaan
#Korupsi
#Chromebook https://t.co/1Bklxdto80",Tue Feb 03 14:41:34 +0000 2026,https://pbs.twimg.com/profile_images/1716493799139258368/c0CCKhhH_normal.jpg,0,0,0,0,54
2.02E+18,https://x.com/pembatai/status/2018696318311444497,"Siapa bilang Nadiem nggak visioner? Beliau sukses membangun ""Penjara Digital"" lewat Chromebook. Canggih banget, uangnya masuk kantong sendiri, datanya masuk ke luar negeri. Juara! ðŸ† #NadiemMakarim #NadiemTerdakwa #NadiemMakarim
#Kejaksaan
#Korupsi
#Chromebook https://t.co/fKMCsXGP4i",Tue Feb 03 14:41:22 +0000 2026,https://pbs.twimg.com/profile_images/1716493799139258368/c0CCKhhH_normal.jpg,0,0,0,0,31
2.02E+18,https://x.com/pembatai/status/2018696170978037881,"Kirain mau bikin Indonesia sejajar sama Amerika, ternyata cuma mau bikin anak-anak kita jadi pasar abadi produk mereka. Nice play, Terdakwa Nadiem! #NadiemMakarim #NadiemTerdakwa #NadiemMakarim
#Kejaksaan
#Korupsi
#Chromebook https://t.co/iY2alrdRoT",Tue Feb 03 14:40:47 +0000 2026,https://pbs.twimg.com/profile_images/1716493799139258368/c0CCKhhH_normal.jpg,1,0,0,0,37
2.02E+18,https://x.com/pembatai/status/2018696033157435625,"Anak sekolah kita bukan lagi belajar jadi pintar, tapi belajar jadi ""Big Data"" buat raksasa teknologi. Profiling sejak dini, cuan sampai mati. Investasi yang luar biasa, Pak Nadiem! #NadiemMakarim #NadiemTerdakwa #NadiemMakarim
#Kejaksaan
#Korupsi
#Chromebook https://t.co/63zjxiEpiw",Tue Feb 03 14:40:14 +0000 2026,https://pbs.twimg.com/profile_images/1716493799139258368/c0CCKhhH_normal.jpg,0,0,0,0,35
2.02E+18,https://x.com/ruhulanakgaul/status/2018634259008036947,"Di hasil persidangan kali ini, sekali lagi terbukti bahwa PARA SAKSI YANG MENERIMA GRATIFIKASI dari proyek pengadaan Chromebook ini MENGAKU bahwa Nadiem TIDAK TAHU-MENAHU perihal mereka menerima gratifikasi.

Jadi kenapa Kejaksaan membuat narasi bahwa Nadiem korupsi?! Jadi penegak hukum jangan jahat-jahat lah..",Tue Feb 03 10:34:46 +0000 2026,https://pbs.twimg.com/profile_images/1962838474429714432/556PSMMS_normal.jpg,0,0,1,0,69
2.02E+18,https://x.com/officialfgmedia/status/2018615339840630844,"Eks Mendikbudristek, Nadiem Makarim yakin bakal bebas dari jeratan kasus korupsi Chromebook.

Ia mengklaim tak tahu & tak memberi perintah soal aliran ""uang terima kasih"" Rp703 juta yang mengalir dari vendor ke belasan anak buahnya. 

Namun, JPU menegaskan tetap fokus pada alur kebijakan dan perintah dalam dakwaan yang nantinya akan dianalisis dengan alat bukti di persidangan..

Gimana menurut kalian?

#NadiemMakarim #Chromebook #Korupsi #FGMedia #FGNewsUpdate",Tue Feb 03 09:19:35 +0000 2026,https://pbs.twimg.com/profile_images/1808410328910516225/Heu6SwR8_normal.jpg,0,0,0,0,57
2.02E+18,https://x.com/Rahadi0816/status/2018566938482589762,"Perspektif Pembelaan Nadiem Makarim
Kasus: Dugaan korupsi pengadaan Chromebook &amp; Chrome Device Management (2019â€“2022).  
Status: Masih berjalan di Pengadilan Tipikor (Februari 2026).  
Poin Kejanggalan yang Disorot Tim Pembelaan
- Keuntungan pribadi Rp 809 https://t.co/Da0cOZJ4d2",Tue Feb 03 06:07:15 +0000 2026,https://pbs.twimg.com/profile_images/2017753033288126466/x5Y8qLP3_normal.jpg,4,4,4,1,124
2.02E+18,https://x.com/ruhulanakgaul/status/2018290503004090379,"50 pegawai Kemendikbudristek yang menerima gratifikasi tidak dijadikan tersangka korupsi. Tapi, malah Nadiem Makarim yang dipenjara meski Jaksa yang menjahati Nadiem mengakui tidak ada aliran dana yang ia terima dalam pengadaan Chromebook.
â€‹
Ini keliatan banget jahatnya Kejaksaan mendzalimi Nadiem Makarim.",Mon Feb 02 11:48:48 +0000 2026,https://pbs.twimg.com/profile_images/1962838474429714432/556PSMMS_normal.jpg,0,0,1,0,120
2.02E+18,https://x.com/detikcom/status/2018258087824547879,"Nadiem Makarim mengklaim tak terlibat dalam dugaan korupsi pengadaan Chromebook. Dia menyatakan tidak tahu soal penerimaan uang oleh bawahannya.
https://t.co/GAUPf1f5GQ",Mon Feb 02 09:40:00 +0000 2026,https://pbs.twimg.com/profile_images/1888546820974051328/tnM9DhBs_normal.jpg,1,1,6,1,3829
2.02E+18,https://x.com/neVerAl0nely___/status/2018244525689627013,"Mantan Mendikbudristek, Nadiem Makarim, hari ini kembali menjalani persidangan di Pengadilan Tindak Pidana Tipikor, Jakarta, terkait kasus korupsi pengadaan laptop Chromebook

Ada 7 Saksi dari pihak Jaksa yang dihadirkan, saksi dari pihak Jaksa mengaku menerima sejumlah uang dan juga salah satu saksi mengaku pengadaan chromebook sesuai katalog seharga RP 5 juta 

Mark up harga yang dituduhkan dan pengadaan yang sudah sesuai dengan katalog menjadi pertanyaan publik
Juga kenapa para saksi yang sudah mengaku memerintah Gratifikasi tidak ada proses hukum??",Mon Feb 02 08:46:06 +0000 2026,https://pbs.twimg.com/profile_images/1859487903271034880/dVbXbMJ__normal.jpg,11,0,26,0,40428
2.02E+18,https://x.com/ruhulanakgaul/status/2017936828507259338,"Satu per satu hoax yang membuat Nadiem difitnah korupsi google chromebook TERBONGKAR.

HOAX Jaksa : harga chromebook Rp.10juta.
Fakta Persidangan: harga chromebook Rp.5.7juta. Dan itu pun sudah termasuk CDM.

Semakin ke sini, Kejaksaan semakin panik karena kebenaran terbuka. https://t.co/n6vUJ0HlD2",Sun Feb 01 12:23:26 +0000 2026,https://pbs.twimg.com/profile_images/1962838474429714432/556PSMMS_normal.jpg,0,0,1,0,14090
2.02E+18,https://x.com/ahmad_bellamy/status/2017892103158677539,"@basuki_btp  (Ahok) membela kebijakan pengadaan laptop Chromebook era eks Mendikbudristek Nadiem Makarim yang terjerat kasus dugaan korupsi Rp2,1 triliun pada Januari 2026. Ahok menilai kebijakan tersebut efisien dan ia akan melakukan hal yang sama karena Chromebook tahan lama dan mendukung ekosistem digital pendidikan. 

@03__nakula @_Rizmaya__ @reina_n03lla @Laskar_militan @David_Wijaya03",Sun Feb 01 09:25:42 +0000 2026,https://pbs.twimg.com/profile_images/1827591992945340417/5NWvcGKa_normal.jpg,21,2,23,0,20187
2.02E+18,https://x.com/oposanvoice/status/2017652877804937614,"Ahok heran, Nadiem Makarim bisa dijerat kasus korupsi pengadaan laptop chromebook. Padahal, sesuai aturan Perpres yang diteken Jokowi, pelaksanaan pengadaan adalah pejabat di bawah menteri. Tapi kenapa Nadiem yang jadi terdakwa? https://t.co/Oa757m7xMx",Sat Jan 31 17:35:06 +0000 2026,https://pbs.twimg.com/profile_images/1893694234584027136/LXmOkpvJ_normal.jpg,1,0,1,0,42348
2.02E+18,https://x.com/ahmad_bellamy/status/2016748682285289920,"Drama sidang Nadiem makarim sangat lucu dan menggelikanðŸ¤­, Saksi saksi yang dihadirkan Jaksa penuntut umum mengaku menerima gratifikasi â—â—

Sidang Nadiem Makarim ini hanya bertujuan merusak nama baik Nadiem.

â€¢ tidak ada mens rea
â€¢ tidak ada aliran dana ke Nadiem
â€¢ @Google sudah membantah tuduhan JPU dan BUZZER  Binaannya ðŸ˜‰

Sejumlah fakta baru kembali terungkap dalam sidang kasus dugaan korupsi pengadaan laptop Chromebook di Pengadilan Tipikor, Jakarta Pusat. Salah satunya muncul keterangan saksi yang mengaku menerima aliran uang.

Saksi tersebut, yakni eks Direktur SMA, Purwadi Sutanto, dan eks Direktur PAUD, Muhammad Hasbi. Mereka adalah saksi yang dihadirkan jaksa penuntut umum (JPU).

Dalam persidangan, Purwadi mengaku menerima USD7.000 pada 2021 dari Pejabat Pembuat Komitmen (PPK) Dhani Hamidan Khoir, yang disebut sebagai bentuk ucapan terima kasih dari penyedia pengadaan Chromebook. Uang tersebut tidak pernah dilaporkan kepada Komisi Pemberantasan Korupsi (KPK) dalam jangka waktu yang diwajibkan undang-undang.

Sementara itu, Hasbi mengakui menerima sejumlah uang dari PT BMD pada tahun yang sama. Meski berstatus sebagai pejabat pemerintah Eselon II, Hasbi beralasan tidak mengetahui ketentuan pelaporan gratifikasi dan menyimpan uang tersebut selama bertahun-tahun sebelum akhirnya dikembalikan.

Padahal, Pasal 12C UU Nomor 20 Tahun 2001 secara tegas mewajibkan setiap penerimaan gratifikasi dilaporkan kepada KPK paling lambat 30 hari kerja sejak diterima.

@Anak__Ogi @AntoniusCDN @_Rizmaya__ @reina_n03lla @denni_sauya @polongo__ @abu_waras @narkosun  @David_Wijaya03",Thu Jan 29 05:42:09 +0000 2026,https://pbs.twimg.com/profile_images/1827591992945340417/5NWvcGKa_normal.jpg,18,1,21,0,28378
2.02E+18,https://x.com/NenkMonica/status/2016721594245357680,Tim Jaksa Penuntut Umum (JPU) yang dipimpin oleh Roy Riyadi mengatakan dua saksi mengungkapkan niat jahat atau mens rea dari terdakwa Nadiem Anwar Makarim dalam sidang agenda pembuktian perkara dugaan tindak pidana korupsi pengadaan laptop Chromebook. https://t.co/uvvOQnAfEs,Thu Jan 29 03:54:31 +0000 2026,https://pbs.twimg.com/profile_images/2049811849479409664/2aIKBxI-_normal.jpg,5,0,8,0,753
2.02E+18,https://x.com/_Rizmaya__/status/2016369064986509805,"Sidang kasus dugaan korupsi pengadaan Chromebook di Kemendikbudristek (2019-2022) berlanjut dengan kesaksian yang menyebut kebijakan keputusan Chromebook  hasil rapat teknis, bukan perintah langsung Nadiem Makarim.

Proses hukum yang berjalan diharapkan dapat membuka kebenaran terkait keterlibatan Nadiem Makarim.",Wed Jan 28 04:33:42 +0000 2026,https://pbs.twimg.com/profile_images/1631128253615464453/2PGcGQNI_normal.jpg,16,3,18,1,24254
2.02E+18,https://x.com/amandasah__/status/2016362170209206782,"Jurist Tan dari mukanya keliatan bukan orang jahat. Tapi siapa sangka selain Nadiem dialah otak korupsi chromebook. Oleh Nadiem dia punya kuasa besar sampai punya julukan bu menteri. 

Asumsi semua orang, Jurist Tan lari bagai ditelan bumi pasti punya kesalahan besar dan dalam rangka melindungi Nadiem. Karena kalau Jurist Tan tertangkap permainannya semakin terbongkar maka akan semakin menyudutkan Nadiem.",Wed Jan 28 04:06:18 +0000 2026,https://pbs.twimg.com/profile_images/1537494866162200576/4WUtqmqf_normal.jpg,13,4,25,2,2184
2.02E+18,https://x.com/eddesign_/status/2016353480462762197,"Hebat nih mas Gibran, gak takut di-nadiem-kan!ðŸ‘

Nadiem Makarim hariÂ² ini ditersangkakan karena Chromebook yg sudah didistribusikan mjd ""barang mati"". 

Padahal pengadaan Chromebook sbg penyediaan perangkat keras (user device) u/ sektor pendidikan gak bisa dipisahkan dgn proyek BTS 4G sbg penyediaan infrastruktur jaringan (konektivitas). 

Nadiem mungkin gak jd 'pesakitan' jika pembangunan BTS 4G di wilayah target (daerah 3T) gak mangkrak karena korupsi Johny Plate. PSN lho itu! Siapa penanggungjawab PSN?

Secara teknis, keduanya â€•Chromebook maupun BTS 4Gâ€• merupakan pilar yg sama dlm Peta Jalan Digital pemerintahan Jokowi.ðŸ™‚â€â†•ï¸

ðŸ‘€",Wed Jan 28 03:31:46 +0000 2026,https://pbs.twimg.com/profile_images/1646799578489036800/5Pn1PqSH_normal.jpg,19,9,42,0,4626
2.02E+18,https://x.com/fazar11164/status/2016163184877699431,"@NenkMonica Nadiem itu pengusaha, saya percaya dia gak korupsi jika pengadaan chromebook di bawah 100 M. Proyek kecil bagi dia. 

Tapi pengadaan Chromebook di Kemendikbudristek untuk ta 20-22  sekitarÂ Rp9,3 T hinggaÂ Rp9,9 T, mustahil sang pengusaha manyun doang",Tue Jan 27 14:55:36 +0000 2026,https://pbs.twimg.com/profile_images/1964702053500076032/RSLIh5T1_normal.jpg,0,0,1,0,65
2.02E+18,https://x.com/NenkMonica/status/2016048100796989914,"SAYANG JIKA TIDAK di-SHARE.

MENS REA NADIEM MAKARIM DALAM DUGAAN KORUPSI PENGADAAN CHROMEBOOK TERPENUHI.

Terdakwa Nadiem Makarim boleh saja melakukan pembelaan dg mengerahkan berbagai sumber daya manusia dari berbagai macam kalangan. 
Tapi fakta hukum tidak bisa diabaikan.
Hakim pun harus fokus pada fakta bukan pada opini yg dibangun.",Tue Jan 27 07:18:18 +0000 2026,https://pbs.twimg.com/profile_images/2049811849479409664/2aIKBxI-_normal.jpg,30,4,61,0,3163
2.02E+18,https://x.com/_Rizmaya__/status/2016041756987707523,"Dan Google pun tlh memberikan klarifikasi resmi terkait kasus dugaan korupsi pengadaan laptop Chromebook yang melibatkan mantan Mendikbudristek, Nadiem Makarim.Â 

Google menyatakan tidak pernah menawarkan atau memberikan imbalan/keuntungan apa pun kepada pejabat Kemendikbudristek agar produk mereka digunakan. Clear!!!",Tue Jan 27 06:53:05 +0000 2026,https://pbs.twimg.com/profile_images/1631128253615464453/2PGcGQNI_normal.jpg,0,0,1,0,236
2.02E+18,https://x.com/ahmad_bellamy/status/2015980352372973622,"Dalam persidangan kasus korupsi pengadaan laptop Chromebook yang menjerat mantan Mendikbudristek Nadiem Makarim pada Januari 2026, tim kuasa hukum Nadiem melaporkan tiga saksi yang dihadirkan Jaksa Penuntut Umum (JPU) ke KPK atas dugaan menerima gratifikasi. 

Hal ini diungkap oleh kuasa hukum nadiem Makarim, bahkan ada yang lucu uangnya disimpan di brankas begitu kasus ini rame uangnya dikembalikan hahaha..

âž¡ï¸ Saksi-saksi jaksa penuntut umum di sidang  Nadiem Makarim ini terbukti dan mengakui menerima gratifikasi, tapi uniknya pihak Kejaksaan tidak pernah menetapkan tersangka.

@reina_n03lla @03__nakula @denni_sauya @_Rizmaya__ @Anak__Ogi @AntoniusCDN

kusunya ðŸ”½
@KomisiKejaksaan @KejaksaanRI",Tue Jan 27 02:49:05 +0000 2026,https://pbs.twimg.com/profile_images/1827591992945340417/5NWvcGKa_normal.jpg,16,3,21,1,36274
2.02E+18,https://x.com/03__nakula/status/2015928356055966054,"Kalo soal Mens Rea kan JAMDATUN sudah dilibatkan untuk mengawasi proses pengadaan Chromebook untuk mencegah terjadinya korupsi.
Kalo JAMDATUN kerjanya bener harusnya bisa menghentikan proyek tersebut ketika ada indikasi korupsi bukan malah melakukan pembiaran.

Apa janganÂ² kasus ini sengaja dimunculkan karena Nadiem lebih memilih Chromebook, bukan Windows yang diusulkan Jamdatun??",Mon Jan 26 23:22:28 +0000 2026,https://pbs.twimg.com/profile_images/1984255823787466752/gCya3iNN_normal.jpg,9,8,12,0,790
2.02E+18,https://x.com/detikcom/status/2015805175097958460,Ganis Samoedra dari Google ungkap keuntungan USD 38 per unit CDM saat bersaksi di pengadilan. Nadiem didakwa korupsi pengadaan Chromebook. https://t.co/V8lMnimVUA,Mon Jan 26 15:13:00 +0000 2026,https://pbs.twimg.com/profile_images/1888546820974051328/tnM9DhBs_normal.jpg,0,0,1,1,4080
2.02E+18,https://x.com/detikcom/status/2015803665106223307,"Mantan Direktur PAUD, M Hasbi, bersaksi dalam kasus korupsi pengadaan laptop Chromebook. Nadiem dituduh beri kuasa ke staf tanpa latar pendidikan. https://t.co/4z1sSWQjAk",Mon Jan 26 15:07:00 +0000 2026,https://pbs.twimg.com/profile_images/1888546820974051328/tnM9DhBs_normal.jpg,0,0,1,0,4391
2.02E+18,https://x.com/oposanvoice/status/2015747989625778379,"@Urrangawak Pengacara Ari Yusuf Amir, menduga mantan Mendikbudristek Nadiem Makarim Nadiem Makarim dipaksakan menjadi tersangka dalam kasus dugaan korupsi laptop chromebook. Alasannya, dari saksi dan bukti yang diajukan dalam persidangan tak ada yang menunjukkan adanya kesalahan Nadiem. https://t.co/Qhm9lPjPxq",Mon Jan 26 11:25:46 +0000 2026,https://pbs.twimg.com/profile_images/1893694234584027136/LXmOkpvJ_normal.jpg,1,0,4,0,47394
2.02E+18,https://x.com/Anak__Ogi/status/2015726312888193205,"Kembali doa Nadiem terkabul.
Sidang terbaru, kebenaran kembali terbuka.

Dari soal chromebook dituduh korupsi hny Krn diduga dikunci tapi dulu windows dikunci ga dipermasalahkan, hingga konyolnya tuduhan jaksa soal kerugian negara.

Semakin terang benderang kasus Nadiem hny pesanan.",Mon Jan 26 09:59:38 +0000 2026,https://pbs.twimg.com/profile_images/1490856272547115013/BbFvGiuq_normal.jpg,72,13,150,2,56990
2.02E+18,https://x.com/David_Wijaya03/status/2015721672607953345,"Hari ini, persidangan dugaan kasus dugaan korupsi dalam pengadaan chromebook yang melibatkan Nadiem Makarim digelar kembali... Dalam wawancara dengan wartawan sebelum sidang dimulai, Mas Nadiem Makarim optimis Kebenaran akan Muncul meskipun dalam persidangan Banyak Kejanggalan... https://t.co/FRkoArnmXC",Mon Jan 26 09:41:11 +0000 2026,https://pbs.twimg.com/profile_images/1293097928861470721/zzBQlUYJ_normal.jpg,7,1,14,0,22606
2.02E+18,https://x.com/Metro_TV/status/2015717859360653685,"Isu mantan Staf Khusus Mendikbudristek Nadiem Makarim, Jurist Tan, yang ingin mengubah kewarganegaraan menjadi warga negara Australia semakin menguat. Kejaksaan Agung tengah mengecek kebenaran informasi tersebut. Direktur Penyidikan Jampidsus Kejagung, Syarief Sulaiman Nahdi, menyatakan pihaknya sedang melakukan verifikasi. Saat ini, Jurist Tan masih berstatus buronan dalam kasus dugaan korupsi pengadaan sistem Chromebook dan telah diajukan red notice.

#juristtan #korupsi #nadiemmakarim",Mon Jan 26 09:26:02 +0000 2026,https://pbs.twimg.com/profile_images/1600314665216925696/cGfZREZ6_normal.jpg,4,3,21,0,5376
2.02E+18,https://x.com/akuratco/status/2015711312181969282,"Bahas Kasus Nadiem, Anggota Komisi III Sebut Jangan Sampai Tak Ada Kerugian Negara Tapi Dipaksakan

Penanganan perkara dugaan korupsi pengadaan laptop Chromebook yang menyeret nama mantan Menteri Pendidikan, Kebudayaan, Riset, dan Teknologi (Mendikbudristek) Nadiem Makarim kembali menjadi sorotan tajam DPR RI.

Sejumlah anggota Komisi III menegaskan pentingnya kehati-hatian aparat penegak hukum agar proses hukum tidak bergeser dari prinsip keadilan dan kepastian hukum.

Sorotan tersebut mengemuka dalam rapat kerja Komisi III DPR RI bersama Jaksa Agung ST Burhanuddin, para Jaksa Agung Muda, serta seluruh Kepala Kejaksaan Tinggi (Kajati) se-Indonesia di Gedung DPR, Senayan, Jakarta, Selasa (20/1/2026). Rapat ini membahas evaluasi kinerja Kejaksaan Agung tahun 2025 sekaligus rencana kerja 2026, termasuk perkara strategis yang menyita perhatian publik.

Selengkapnya: https://t.co/hpLrB3X2HW",Mon Jan 26 09:00:01 +0000 2026,https://pbs.twimg.com/profile_images/1669536643290918914/Z2AA_TyY_normal.jpg,0,0,0,0,117
2.02E+18,https://x.com/NyaiiBubu/status/2015702548754452519,"Sidang kasus korupsi Chromebook hari ini (26/1/2026) memanas. Kubu Nadiem Makarim tuduh saksi ditekan saat penyidikan, JPU langsung layangkan protes keras di persidangan. Jaksa keberatan atas tuduhan intimidasi saksi Chromebook tersebut dan meminta fokus pada pembuktian perkara... 

Saksi juga dengan kesadaran penuh sudah tandatangani BAP. 

Jadi nih ceritanya kubu pembela KUROPTOR nya gak terima ? ðŸ˜¯",Mon Jan 26 08:25:12 +0000 2026,https://pbs.twimg.com/profile_images/2041847597934243840/kzquStsr_normal.jpg,8,6,21,0,2956
2.02E+18,https://x.com/negativisme/status/2015686768541176282,"Nadiem bantah terima duit di kasus Chromebook. Tapi Mahfud MD mengingatkan: korupsi itu tidak harus masuk kantong sendiri. Cukup bikin pihak lain untung dan negara buntung, unsur hukumnya sudah ada https://t.co/YW5mQSQNkp",Mon Jan 26 07:22:29 +0000 2026,https://pbs.twimg.com/profile_images/430546541820907520/v4tSGyeZ_normal.png,41,3,45,1,14623
2.02E+18,https://x.com/NenkMonica/status/2015383489303163347,"Intrigue RHEYNALD KASALI.

CHROMEBOOK PROYEK NADIEM MAKARIM DAN PERMASALAHANNYA.

Apa yg ada di benak anda ketika menyaksikan Menteri Pendidikan tangannya diborgol sbg tersangka korupsi?
Mengapa Kepala Advokasi Guru sangat mendorong agar Kejaksaan agar menyelesaikan kasus korupsi Chromebook?",Sun Jan 25 11:17:22 +0000 2026,https://pbs.twimg.com/profile_images/2049811849479409664/2aIKBxI-_normal.jpg,10,0,29,0,1356
2.02E+18,https://x.com/ichwxn/status/2015023000182198299,"Beliau menyusul nama-nama lain seperti Tom Lembong (kasus impor gula), Yaqut Cholil Qoumas (kasus kuota haji), Nadiem Makarim (kasus pengadaan Chromebook/digitalisasi), Syahrul Yasin Limpo (kasus gratifikasi dan korupsi di Kementan) â€¦ (1/2)",Sat Jan 24 11:24:55 +0000 2026,https://pbs.twimg.com/profile_images/2016524340008034304/187Kbzan_normal.jpg,0,1,0,0,145
2.01E+18,https://x.com/hope_emak/status/2014987522284335455,"Nadiem Makarim is built different!

Jarang2 ada pejabat yang ditantang korupsi malah balik nantang JPU buat pembuktian terbalik. 
Logikanya, kalau dia dituduh ngerugiin negara tapi nggak ada aliran dana sepeserpun ke kantong pribadi, ya fix itu masalah kebijakan, bukan korupsi.

â€‹Masa kebijakan buat majuin pendidikan lewat Chromebook malah dipidanain? 
Lagian programnya udah lolos pemeriksaan berkali-kali. 
Let the data speak!

@prabowo @KejaksaanRI 
.
.
Innalilahi Rest In Love Lula
7 Hari Game 1 Alwi",Sat Jan 24 09:03:56 +0000 2026,https://pbs.twimg.com/profile_images/1995351607010344960/Nw_leGz9_normal.jpg,7,6,17,1,32489
2.01E+18,https://x.com/AntoniusCDN/status/2014856530689139146,"Intinya Di era @nadiemmakarim msh menjadi menteri pendidikan ada 774rb lebih guru honorer diangkat lolos ASN PPPK secara gratis dan transparan serta menjadi rekor penerimaan terbesar...
Bukti Nadiem bener2 memprioritaskan kesejahteraan semua guru honorer...
Tp knp msh dijadikan terdakwa di kasus korupsi tanpa dia melakukannya....â“â“â“
Ada apa dg @KejaksaanRI ...â“â“
Apakah Krn Nadiem lebih memilih Chromebook dan bukan windows spt saran Kejaksaan...â“â“â“",Sat Jan 24 00:23:25 +0000 2026,https://pbs.twimg.com/profile_images/2053034277676388352/2yjvjc5C_normal.jpg,48,19,94,0,45248
2.01E+18,https://x.com/Lost_Ataraxia/status/2014707312943104494,"Makanya jangan belain koruptor kalau ga mau dituduh dibayar, orang yang lu bela itu tersangkut kasus korupsi pengadaan Chromebook buat anak-anak sekolahan, bule idiot ga tau apa-apa asal nyerocos aja, lu salah satu koruptor juga kah? hobi sekali belain koruptor macam Nadiem.",Fri Jan 23 14:30:29 +0000 2026,https://pbs.twimg.com/profile_images/2046208753641660416/r5cE7B24_normal.jpg,4,1,6,0,283
2.01E+18,https://x.com/NenkMonica/status/2014687267361837119,"FAKTA BARU PERSIDANGAN KORUPSI CHROMEBOOK.

NADIEM MENGANGKAT PEJABAT POSISI DIRJEN YG BUKAN AHLI PENDIDIKAN.

Salah satu fakta terbaru, terungkap eks Mendikbudristek, Nadiem Makarim, mencari orang yang bukan ahli bidang pendidikan untuk menduduki posisi dirjen. 

Hal tersebut disampaikan saat persidangan di Pengadilan Tipikor Jakarta pada Senin (19/1/2026). Pada persidangan itu, jaksa membacakan berita acara pemeriksaan (BAP) mantan Dirjen Paudasmen Kemedibudristek, Jumeri.",Fri Jan 23 13:10:50 +0000 2026,https://pbs.twimg.com/profile_images/2049811849479409664/2aIKBxI-_normal.jpg,48,26,96,2,12488
2.01E+18,https://x.com/Ayanokou_jean/status/2014648404476101000,Nadiem mah korupsi karena dia ngotot ngadain Chromebook. Siapa suruh ga pernah ngantor. Ga ada yang belain lu kan? Wleee,Fri Jan 23 10:36:24 +0000 2026,https://pbs.twimg.com/profile_images/1546347613825699840/biWc7KRb_normal.jpg,0,0,0,0,109
2.01E+18,https://x.com/NenkMonica/status/2014268986826109126,"ORKESTRASI KESAKSIAN KASUS DUGAAN KORUPSI NADIEM MAKARIM.

SAKSI KASUS DUGAAN KORUPSI CHROMEBOOK NADIEM MAKARIM BISA DIJERAT PIDANA JIKA ADA REKAYASA.

HAKIM PUN CURIGA DAN MEMPERTANYAKAN KESAKSIAN ITU.

Ahli hukum pidana Universitas Trisakti, Abdul Fickar Hadjar, menanggapi jalannya persidangan kasus dugaan korupsi pengadaan laptop Chromebook di Kemendikbudristek, dengan terdakwa utama Nadiem Makarim.

Fickar menyoroti sejumlah keterangan saksi yang dinilainya seragam ketika disampaikan di persidangan. 

Keseragaman tersebut juga sempat menjadi perhatian hakim anggota Andi Saputra, yang mempertanyakan keterangan mantan Direktur Jenderal PAUD, Pendidikan Dasar, dan Pendidikan Menengah (Paudasmen) Kemendikbudristek, Hamid Muhammad, karena dinilai mirip dengan kesaksian saksi sebelumnya.",Thu Jan 22 09:28:44 +0000 2026,https://pbs.twimg.com/profile_images/2049811849479409664/2aIKBxI-_normal.jpg,22,2,48,0,2352
2.01E+18,https://x.com/Srik4ndiMuslim2/status/2013813526507462736,"Jokowi dan LBP menerima Rp 4,5 triliun dari Nadiem Makarim dalam kasus korupsi Chromebook.
#JokowiRakusHarta 

Korupsi laptop Kemendikbud bermuara ke Jokowi
#JokowiRakusHarta https://t.co/6UPPndW2op",Wed Jan 21 03:18:54 +0000 2026,https://pbs.twimg.com/profile_images/1643787939334299649/_4MCeaai_normal.jpg,218,17,379,8,3210
2.01E+18,https://x.com/ahmad_bellamy/status/2013803069168066937,"KURANG JAHAT APA COBA PERADILAN HUKUM DI NEGARA KITA â“

Tim kuasa hukum mantan Mendikbudristek Nadiem Makarim, Ari Yusuf Amir, berencana melaporkan tiga saksi yang dihadirkan Jaksa Penuntut Umum (JPU) ke Komisi Pemberantasan Korupsi (KPK) atas dugaan penerimaan gratifikasi. 
Berikut adalah poin-poin utama terkait peristiwa tersebut:
Identitas Saksi: Tiga saksi yang dimaksud adalah eks pejabat di lingkungan Kemendikbudristek, yakni Jumeri (mantan Dirjen PAUD Dikdasmen), Hamid Muhamad, dan Sutanto.
Alasan Pelaporan: Kuasa hukum mengklaim ketiga saksi tersebut diduga menerima gratifikasi terkait proyek pengadaan Chromebook. Hal ini disampaikan setelah persidangan di Pengadilan Tipikor Jakarta pada Senin, 19 Januari 2026.
Tujuan Kuasa Hukum: Pelaporan ini bertujuan untuk mempertanyakan integritas dan kredibilitas keterangan saksi dalam persidangan, karena nilai gratifikasi yang diduga diterima disebut lebih besar daripada poin kesaksian yang mereka berikan.

JAKSA PENUNTUT UMUM HADIRKAN SAKSI YANG MENGAKU MENERIMA GRATIFIKASI â—

Mohon atensi Presiden @prabowo  ðŸ™, @KomisiKejaksaan @mohmahfudmd  Pimpinan DPR @puanmaharani_ri  , @bang_dasco.

cc @TomWrightAsia",Wed Jan 21 02:37:20 +0000 2026,https://pbs.twimg.com/profile_images/1827591992945340417/5NWvcGKa_normal.jpg,20,7,24,5,55611
2.01E+18,https://x.com/NurdinTeun43682/status/2013492123404833128,"@msaid_didu @KPK_RI @prabowo Silfester sudah inkrah bbrpa tahun lalu belum dieksekusii,si Firli tidak tahu kemna rimbanya ..bos termul yang namanya terkait korupsi quota haji si yaqul - chromebook si nadiem blum tersentuh hukum hee",Tue Jan 20 06:01:45 +0000 2026,https://pbs.twimg.com/profile_images/1925460451363889155/-OcUaftD_normal.jpg,0,0,0,0,763
2.01E+18,https://x.com/narkosun/status/2013453790327009623,"Nadiem Makarim menanggapi pernyataan saksi yang hadir dalam persidangannya, yakni Jumeri yg merupakan mantan Dirjen PAUD, Dikdasmen Kemendikbudristek.

Jumeri menyebut Nadiem merupakan menteri yg berintegritas dan tidak terlibat dalam korupsi Chromebook.  

Kenapa orang-orang baik selalu terdzalimi ya? Tetap semangat pak Nadiem ðŸ”¥",Tue Jan 20 03:29:26 +0000 2026,https://pbs.twimg.com/profile_images/1362221852047761414/Sf0hAG6i_normal.jpg,16,6,69,3,24764
2.01E+18,https://x.com/zanatul_91/status/2013446002158575701,"Ada kepuasan tersendiri dalam mengikuti kasus korupsi Chromebook, yaitu mengkonfirmasi keanehan masa lalu pada kebijakan Nadiem Makarim. Dulu kita hanya bisa menduga, kini persidangan telah mengungkap berbagai fakta hal-hal yang dahulu  tidak ada jawabannya. https://t.co/M867SSYKRA",Tue Jan 20 02:58:29 +0000 2026,https://pbs.twimg.com/profile_images/1567058561645318146/jieq9bqD_normal.jpg,226,46,1379,17,320581
2.01E+18,https://x.com/neVerAl0nely___/status/2013411079901323423,"Dua Saksi Fakta yg sudah dihadirkan oleh Jaksa Penuntut Umum menguatkan apa yg sudah disampaikan Nadiem pada saat membacakan Eksepsi di persidangan yang lalu. 

Saksi menyatakan, bahwasanya proses pembelian chromebook dilakukan melalui lembaga resmi LKPP (Lembaga Kebijakan Pengadaan Barang dan Jasa Pemerintah). 

Jika pembelian barang melalui lembaga resmi Pemerintah dikatakan terjadi Mark Up, maka siapa yg telah melakukan Mark Up? 

Apakah ini berarti semua Lembaga Pemerintahan yg membeli di LKPP melalui e-Cataloge ada dugaan terjadi tindak Korupsi?

Semoga kebenaran akan terkuak di kasus ini",Tue Jan 20 00:39:43 +0000 2026,https://pbs.twimg.com/profile_images/1859487903271034880/dVbXbMJ__normal.jpg,17,7,39,0,20456
2.01E+18,https://x.com/rimapurwasih/status/2013249485372301724,"Di tengah sidang korupsi Chromebook, momen humanis terjadi: Nadiem Makarim tanya langsung ke saksi Hamid Muhammad (eks Plt Dirjen Pendidikan Dasmen), soal integritas dirinya selama jadi Mendikbudristek. Â 

Jawabannya? Hamid sebut Nadiem salah satu menteri TERBAIK dan PALING JUJUR yang pernah dia lihat. Â 

Nadiem terharu. Â 

Apakah ini bukti integritasnya terjaga? Atau cuma satu sisi cerita?",Mon Jan 19 13:57:36 +0000 2026,https://pbs.twimg.com/profile_images/1907120383721177088/QuVK0c5i_normal.jpg,3,1,7,0,381
2.01E+18,https://x.com/denni_sauya/status/2013152128404189305,"ðŸ†™â€¼ï¸ðŸ”¥ MEMANAS 'DRAMA KASUS NADIEM MAKARIM'

Diwarnai debat panas pengacara Nadiem Makarim dengan Jaksa Penuntut Umum (JPU), dlm sidang kasus dugaan korupsi pengadaan laptop Chromebook dgn terdakwa, Nadiem Makarim yang memasuki proses pembuktian ðŸ˜¯ https://t.co/NFIrGqUXf3",Mon Jan 19 07:30:44 +0000 2026,https://pbs.twimg.com/profile_images/1649895687881113600/RROHT2fj_normal.jpg,32,2,40,0,28247
2.01E+18,https://x.com/negativisme/status/2013129099615645818,"Ironi ala reformasi pendidikan:
Chromebook gagal, anggaran triliunan disorot, aktor kunci menghilang.
Era Nadiem ninggalin pelajaran penting: bukan semua yg berlabel digital itu bebas dari dugaan korupsi.
https://t.co/m8IJl1L91P",Mon Jan 19 05:59:14 +0000 2026,https://pbs.twimg.com/profile_images/430546541820907520/v4tSGyeZ_normal.png,0,0,2,0,2206
2.01E+18,https://x.com/ruhulanakgaul/status/2012527588816695687,"Kejaksaan tidak melampirkan bukti-bukti korupsi dalam dakwaan atas Nadiem kepada pengadilan. Kenapa gak dilampirkan? Ya karena memang tidak ada bukti Nadiem korupsi chromebook Google.

Lalu kenapa Nadiem dipenjara???? Hukum dzalim negeri kita. https://t.co/sDBCEJTLiv",Sat Jan 17 14:09:02 +0000 2026,https://pbs.twimg.com/profile_images/1962838474429714432/556PSMMS_normal.jpg,1,0,1,0,28183
2.01E+18,https://x.com/03__nakula/status/2012099241846689837,"Kasus korupsi Chromebook yang didakwakan kepada Nadiem sarat dengan kejanggalan.
Yang terbaru adalah penolakan Jaksa terhadap perintah pengadilan yang meminta jaksa menyerahkan hasil audit BPKP ke terdakwa. https://t.co/hfbvvbATYy",Fri Jan 16 09:46:56 +0000 2026,https://pbs.twimg.com/profile_images/1984255823787466752/gCya3iNN_normal.jpg,7,5,13,0,15190
2.01E+18,https://x.com/_Rizmaya__/status/2012028812083786199,"Penetapan Nadiem Makarim sebagai tersangka dalam perkara dugaan korupsi pengadaan laptop Chromebook memicu tanda tanya. Penetapan tersangka Nadiem Makarim sama dengan penetapan tersangka terhadap Tom Lembong. 

Persis sama dengan kasus Tom Lembong. Dari segi unsur memperkaya diri belum terbukti. Korupsi itu, â€˜kan, harus memperkaya diri atau memperkaya orang lain, yakan? @KejaksaanRI",Fri Jan 16 05:07:05 +0000 2026,https://pbs.twimg.com/profile_images/1631128253615464453/2PGcGQNI_normal.jpg,10,1,13,1,12509
2.01E+18,https://x.com/doelpaten/status/2011752302563278943,"Pengadaan Chromebook baru dimulai thn 2021, gak mungkin auditnya dimulai thn 2019

Chromebook itu tak bisa dimanfaatkan di daerah 3D, itu adalah kerugian negara..

Sebelumnya Google berinvestasi di perusahaan milik Nadiem, lalu Google yg memenangkan pengadaan itu, padahal produknya tdk bisa digunakan di daerah 3D, jelas itu bukan kebetulan, tp adalah persekongkolan jahat, persekongkolan jahat dlm pengadaan adalah korupsi..",Thu Jan 15 10:48:20 +0000 2026,https://pbs.twimg.com/profile_images/1734501177587572736/5kVTt28s_normal.jpg,1,2,4,0,700
2.01E+18,https://x.com/negativisme/status/2011721340450222472,"Nadiem bilang tak terima sepeser pun dari proyek Chromebook. Mahfud MD langsung menyentil: korupsi itu bukan soal kantong pribadi, tapi soal kebijakan yg bikin pihak lain untung dan negara tekor. https://t.co/laMZCXbcnR",Thu Jan 15 08:45:18 +0000 2026,https://pbs.twimg.com/profile_images/430546541820907520/v4tSGyeZ_normal.png,36,8,49,7,170587
2.01E+18,https://x.com/ahmad_bellamy/status/2011719149542916416,"Kasus dugaan korupsi pengadaan laptop Chromebook yang menjerat mantan Mendikbudristek Nadiem Makarim pada awal 2026 telah menjadi sorotan luas, termasuk oleh media internasional dan publik di negara tetangga seperti Malaysia. 

Mereka memgingatkan soal masalah Investasi â—
karena mereka menilai kasus yang hukum yang dihadapi Nadim sangatlah janggal dan sarat kriminalisasi ðŸ™ˆ..

Negera sebelah lupa kali, kalo hukum indo ada yang setir ðŸ˜Ž",Thu Jan 15 08:36:35 +0000 2026,https://pbs.twimg.com/profile_images/1827591992945340417/5NWvcGKa_normal.jpg,15,6,19,4,15254
2.01E+18,https://x.com/lettachantik/status/2011716835427958912,"Prof Mahfud MD bilang pernyataan
Nadiem Makarim yg tidak menerima uang sepeser pun di kasus korupsi pengadaan laptop berbasis Chromebook perlu diuji kebenarannya.
Tetap dianggap korupsi krn pihak lain di untungkan https://t.co/mMRHq6JGK3",Thu Jan 15 08:27:24 +0000 2026,https://pbs.twimg.com/profile_images/2016476600347594752/lUkYmt7B_normal.jpg,21,31,49,0,16625
2.01E+18,https://x.com/lettachantik/status/2011696604173255026,"Nadiem ngakunya ga Terima uang sepeserpun di kasus Chromebook!!!...
Emang percaya?...

Klo kata Prof Mahfud MD tdk hrs menerima sepeserpun tp kebijakanya menguntungkan pihak lain dan merugikan negara itu sudah korupsi

Nanti jg semuanya terungkap di persidangan... 
Tunggu aja https://t.co/lLfNHkNXGR",Thu Jan 15 07:07:00 +0000 2026,https://pbs.twimg.com/profile_images/2016476600347594752/lUkYmt7B_normal.jpg,14,14,32,1,11035
2.01E+18,https://x.com/NyaiiBubu/status/2011688342241624570,"Langsung dikasih paham Pak Mahfud  MD .. ðŸ«¢ 
Meski Nadiem ngaku gak terima uang di kasus Chromebook, namun tetap korupsi kalo bikin untung pihak lain. 
""Barang siapa dengan sengaja memperkaya diri sendiri atau orang lain atau korporasi yang merugikan keuangan negara dengan cara melawan hukum, nah itu 3 rumus korupsi. Kalau dia tidak dapat sepeser pun, mungkin, mungkin Google dapat karena kebijakan dia. Mungkin ya, mungkin. Nanti dibuktikan saja di pengadilan,"" kata Pak Mahfud. 

Kan ..kan .. Korupsi gak harus menerima uang lho, biar gak gagal paham dengerin ðŸ‘‡",Thu Jan 15 06:34:10 +0000 2026,https://pbs.twimg.com/profile_images/2041847597934243840/kzquStsr_normal.jpg,10,3,21,1,15506
2.01E+18,https://x.com/negativisme/status/2011688050049564970,"Nadiem bantah terima duit di kasus Chromebook. Tapi Mahfud MD mengingatkan: korupsi itu tidak harus masuk kantong sendiri. Cukup bikin pihak lain untung dan negara buntung, unsur hukumnya sudah ada https://t.co/NwYOhgHxTx",Thu Jan 15 06:33:01 +0000 2026,https://pbs.twimg.com/profile_images/430546541820907520/v4tSGyeZ_normal.png,35,1,41,1,18217
2.01E+18,https://x.com/ariefrasyad/status/2011635377396990439,"Ternyata isu soal grup WhatsApp ""Mas Menteri"" cuma hoaks belaka! Dulu santer banget kabar kalo Nadiem Makarim sengaja bikin grup itu buat ngerencanain korupsi Chromebook. Tapi pas di sidang, ternyata bukti chat itu nggak pernah ada dan nggak masuk dakwaan. Karna di transkrip what WA grup nya sama sekali pembicaraan mengenai Chromebook sebelum Nadiem jadi Menteri sama sekali gak ada. Padahal gara-gara isu grup WA ini, publik udah terlanjur nge-judge duluan. Jelas Keajaksaan dalam hal ini gak fair alias cheating, menggebor gemborkan grup WA yang katanya dipake Nadiem buat kongkalikong proyek Chromebook terbukti rumor belaka!
@KejaksaanRI @KomisiKejaksaan 
#NadiemMakarim #Chromebook #GrupWA",Thu Jan 15 03:03:43 +0000 2026,https://pbs.twimg.com/profile_images/1259967383000592384/05WR9p_y_normal.jpg,13,0,19,2,14236
2.01E+18,https://x.com/neVerAl0nely___/status/2011005548158992622,"Beberapa kasus korupsi ada sebut nama mantan presiden jokowi, herannya @KejaksaanRI tidak pernah memanggil yang bersangkutan, begitu saktikah jokowi hingga tidak bisa tersentuh hukum? 

Mantan Menteri Pendidikan, Kebudayaan, Riset, dan Teknologi, Nadiem Makarim, menyebut nama Presiden ke-7 RI Joko Widodo saat membacakan nota keberatan pribadinya dalam sidang perkara dugaan korupsi pengadaan Chromebook yang digelar di Pengadilan Tipikor pada Pengadilan Negeri Jakarta Pusat, Senin, 5 Januari 2026.

Dalam penyampaiannya, Nadiem mengawali dengan menceritakan perjalanan awal pendirian perusahaan rintisan Gojek yang menurutnya penuh perjuangan. Ia menuturkan bahwa pada masa itu banyak pihak tidak mengetahui proses panjang yang ia lalui, termasuk mendatangi puluhan pangkalan ojek hanya dengan modal mentraktir rokok dan kopi, demi meyakinkan para pengemudi bahwa terdapat cara yang lebih baik untuk meningkatkan penghasilan mereka. Di fase awal, ide tersebut kerap ditertawakan dan bahkan dianggap tidak masuk akal karena ojek dinilai tidak profesional dan tidak dapat dipercaya.

â€œTapi saya bertahun-tahun pantang mundur, dan terbukti Ojol sekarang menjadi pilar ekonomi Indonesia,â€ ujar Nadiem saat membacakan eksepsinya. Dia mengklaim, Gojek menghidupi lebih dari 3 juta masyarakat Indonesia saat ini, baik driver maupun usaha mikro, kecil dan menengah (UMKM).

Nadiem menegaskan bahwa pendirian Gojek bukan dilandasi keinginan untuk memperkaya diri. Menurutnya, perusahaan tersebut dibangun karena ia melihat potensi ekonomi dari sektor ojek yang selama ini diabaikan banyak pihak.

Pandangan serupa, kata Nadiem, ia temukan pada dunia pendidikan nasional. Ia menilai terdapat peluang besar untuk melakukan pembenahan terhadap sistem pendidikan yang selama puluhan tahun dinilai stagnan dan tertinggal dari perkembangan zaman. â€œSaya sedih melihat kualitas sekolah kita ketinggalan dari negara-negara berkembang lainnya,â€ ujarnya.

ðŸ“°https://t.co/NyAI9hkpKI",Tue Jan 13 09:21:00 +0000 2026,https://pbs.twimg.com/profile_images/1859487903271034880/dVbXbMJ__normal.jpg,6,6,16,0,27233
2.01E+18,https://x.com/amandasah__/status/2010991166100218071,"Nadiem korupsi chromebook merugikan negara 2,1 triliun dibela sejumlah ojol, artis dan sineas tapi NOL PEMBELAAN DARI GURU, KEPALA SEKOLAH, ataupun SISWA. Padahal mereka yang bersentuhan langsung dengan kebijakan ini. Yang muncul justru kekecewaan: barang ga terpakai maksimal, cepat rusak, dan terasa dipaksakan

Guru dan kepala sekolah itu yang tiap hari pegang barangnya, bukan yang cuma lihat konsep di atas kertas. Kalau kelompok yang paling terdampak aja kompak kecewa, itu sudah bicara banyak tanpa perlu pembelaan berisik.

Tolong kepada Nadiem harus bertangung jawab. Akal-akalan digitalisasi pendidikan udah jelas-jelas merugikan.",Tue Jan 13 08:23:51 +0000 2026,https://pbs.twimg.com/profile_images/1537494866162200576/4WUtqmqf_normal.jpg,26,19,60,4,8152
2.01E+18,https://x.com/owritedotid/status/2010977353535799663,"Majelis Hakim PN Jakarta Pusat resmi menolak nota eksepsi mantan Mendikbudristek Nadiem Makarim terkait kasus dugaan korupsi pengadaan laptop Chromebook. Dengan keputusan ini, persidangan akan terus berlanjut ke tahap pembuktian.
Nadiem mengungkapkan rasa kecewanya atas putusan tersebut namun tetap menyatakan hormat terhadap proses hukum yang berjalan. Dalam dakwaannya, kasus ini disebut merugikan negara hingga triliunan rupiah. Mari kita kawal terus perkembangannya supaya kebenaran segera terungkap.
#NadiemMakarim #KorupsiChromebook #HukumIndonesia #BeritaTerkini #PendidikanIndonesia 
https://t.co/uKq9mYfwQq",Tue Jan 13 07:28:57 +0000 2026,https://pbs.twimg.com/profile_images/1989618336825737217/J2F83XxY_normal.jpg,0,0,0,0,37
2.01E+18,https://x.com/David_Wijaya03/status/2010934926024327541,"Hakim meminta perintahkan JPU serahkan daftar Barbuk dan Hasil Audit BPKP ke Kubu Nadiem &amp; Bantahan Google terkait pengadaan kasus Chromebook... Bantahan google ini sangat penting agar JPU tidak sembarangan menuduh Nadiem Makarim Korupsi &amp; kongkalikong dengan Google...
@Roebanie https://t.co/BTDWLo16Mq",Tue Jan 13 04:40:22 +0000 2026,https://pbs.twimg.com/profile_images/1293097928861470721/zzBQlUYJ_normal.jpg,10,1,13,0,12849
2.01E+18,https://x.com/AntoniusCDN/status/2010916553110540539,"Viral kan....â€¼ï¸â€¼ï¸
Kejanggalan kembali terjadi saat sidang kasus korupsi program pengadaan Chromebook di kasus @nadiemmakarim Krn hak terdakwa utk meminta salinan barang bukti yg dituduhkan @KejaksaanRI
Sampai Hakim pun Perintahkan JPU Serahkan Daftar Barbuk dan Hasil Audit BPKP ke Kubu Nadiem
Hal ini bertujuan untuk menjamin hak terdakwa dalam melakukan pembelaan termasuk pembuktian terbalik sebagaimana diatur Pasal 37 dan 37A UU Tipikor...

Gmn menurut kalian â“â“â“",Tue Jan 13 03:27:21 +0000 2026,https://pbs.twimg.com/profile_images/2053034277676388352/2yjvjc5C_normal.jpg,48,25,72,0,15134
2.01E+18,https://x.com/ahmad_bellamy/status/2010896042817139133,"Majelis Hakim memerintahkan Jaksa Penuntut Umum (JPU) untuk menyerahkan hasil audit Badan Pengawasan Keuangan dan Pembangunan (BPKP) dalam beberapa kasus korupsi signifikan sepanjang 2025 dan awal 2026:
1. Kasus Korupsi Pengadaan Chromebook (Januari 2026)
Pada 12 Januari 2026, Majelis Hakim Pengadilan Tindak Pidana Korupsi (Tipikor) memerintahkan JPU untuk menyerahkan salinan barang bukti dan laporan hasil audit BPKP kepada tim penasihat hukum terdakwa Nadiem Makarim. 
Tujuan: Untuk memenuhi hak terdakwa dalam mempersiapkan pembelaan.
Tenggat Waktu: Hasil audit harus diserahkan sebelum sidang pembuktian yang dijadwalkan pada Senin, 19 Januari 2026.
Konteks: Penasihat hukum terdakwa sempat mengancam tidak akan menghadiri sidang pembuktian jika dokumen audit tersebut tidak segera diserahkan oleh jaksa. 

Presiden @prabowo  mbk @puanmaharani_ri  bang @bang_dasco  ðŸ™

https://t.co/Q20MtRt5Uy",Tue Jan 13 02:05:51 +0000 2026,https://pbs.twimg.com/profile_images/1827591992945340417/5NWvcGKa_normal.jpg,18,7,21,4,16112
